tree
version=v4
num_class=1
num_tree_per_iteration=1
label_index=0
max_feature_idx=18
objective=binary sigmoid:1
feature_names=base_probability gap_ahead gap_delta_3s gap_delta_5s gap_delta_10s gap_min_5s gap_std_10s closing_ratio_10s speed_delta speed_delta_mean_5s speed_delta_mean_10s speed_advantage_ratio_10s drs_active drs_active_ratio_10s drs_range track_progress_sin track_progress_cos sector segment
feature_infos=[0.0002537764762529173:0.99670709403744584] [0:2] [-1.9890000000000001:1.998] [-1.9890000000000001:1.998] [-1.9830000000000001:1.9750000000000001] [-1:2] [-1:1.0509302757292915] [-1:0.59999999999999998] [-331:246] [-327.19999999999999:204.5] [-315.30000000000001:169] [-1:1] [0:1] [-1:1] [0:1] [-1:0.99999986537465313] [-1:1] [-1:3] [-1:29]
tree_sizes=3449 3471 3494 3487 3491 3480 3495 3494 3492 3491 3491 3512 3506 3498 3501 3499 3494 3500 3506 3510 3522 3495 3502 3499 3506 3493 3503 3501 3510 3497 3488 3507 3491 3509 3502 3493 3497 3517 3497 3514 3510 3492 3514 3518 3491 3505 3519 3500 3512 3506 3500 3508 3519 3526 3514 3515 3522 3502 3518 3508 3520 3514 3510 3507 3527 3513 3515 3534 3523 3537 3524 3524 3514 3517 3537 3517 3503 3541 3518 3508 3530 3527 3533 3520 3537 3533 3541 3526 3518 3532 3520 3541 3533 3514 3542 3500 3537 3529 3537 3516

Tree=0
num_leaves=31
num_cat=0
split_feature=0 1 6 8 8 8 6 0 1 1 16 1 12 18 15 8 4 4 1 0 0 5 11 9 8 0 15 18 12 12
split_gain=131051 17588.4 7502.4 4918.17 3344.94 3084.44 2384.85 2398.43 2358.21 2158.08 2462.98 1455.7 1664.4 1690.94 1218.36 1140.28 1128.72 1058.22 1034.73 945.34 741.876 673.806 659.607 805.187 622.827 549 547.387 463.497 524.195 449.18
threshold=0.63413371304413535 0.38650000000000007 0.0028982753497385732 -1.4999999999999998 1.0000000180025095e-35 165.50000000000003 1.0000000180025095e-35 0.38089045417347583 0.33350000000000007 0.17750000000000002 0.86285968518823652 0.24250000000000002 1.0000000180025095e-35 11.500000000000002 -0.12364276922970409 6.5000000000000009 -0.23100000000000001 -0.012499999999999954 0.37150000000000005 0.29410906822609312 0.063480689907490603 0.32050000000000006 1.0000000180025095e-35 1.2250000000000003 113.50000000000001 0.045158353163129002 -0.7610940674112926 2.5000000000000004 1.0000000180025095e-35 1.0000000180025095e-35
decision_type=2 2 2 2 2 2 2 2 2 2 2 2 2 2 2 2 2 2 2 2 2 2 2 2 2 2 2 2 2 2
left_child=1 2 17 14 9 6 -3 16 22 -2 21 -6 13 -13 19 -9 27 -1 -15 -4 -10 26 -5 -24 -18 -26 -11 -8 -29 -22
right_child=4 5 3 8 11 -7 7 15 20 10 -12 12 -14 18 -16 -17 24 -19 -20 -21 29 -23 23 -25 25 -27 -28 28 -30 -31
leaf_value=-0.49040430975904598 -0.47245188438987151 -0.48082735966405837 -0.57077324680416308 -0.46648981729403105 -0.45811645559369552 -0.46000794953809826 -0.52157805618628239 -0.55879891008462412 -0.48483256511747125 -0.48973330124264119 -0.47740780098360902 -0.47635178626662017 -0.46033297562263081 -0.50275763655836125 -0.5669163786201431 -0.51523299321553739 -0.57491917639420831 -0.57972130841366631 -0.56688663334819123 -0.50307352672094252 -0.55504976993729371 -0.55651236512876356 -0.53353668816593725 -0.48135764897767408 -0.56808541695870718 -0.49304789403495375 -0.53285412862014636 -0.56325691482407658 -0.50526217847695554 -0.49790993785503357
leaf_weight=125.42665503174067 2885.298531472683 262.11332283169031 248.47516373544931 1972.5112631320953 10313.901535153389 225.75772830098867 368.09590937942266 1323.7095321714878 249.33226409554482 401.45976281166077 1317.3535070791841 1808.634936876595 2650.8694750666618 645.70620793104172 1106.6222265958786 909.97065607458353 32807.152524672449 1830.6581759899855 344.97722585499287 707.4017921090126 632.65022331476212 623.77994611859322 340.98467318713665 1208.6385250538588 193.68454705923796 155.44786367565393 768.10815697908401 1668.2763558849692 150.81454701721668 150.94666630774736
leaf_count=125 1582 481 782 971 2551 129 843 3181 255 364 864 1153 776 765 3062 1362 176342 5153 895 843 1508 1451 646 897 1482 407 1399 6449 208 165
internal_value=-0.532813 -0.561178 -0.522362 -0.507105 -0.472024 -0.56992 -0.570582 -0.571212 -0.48971 -0.491134 -0.508504 -0.464765 -0.477381 -0.493586 -0.545527 -0.541051 -0.573117 -0.573938 -0.525124 -0.520735 -0.529584 -0.5314 -0.47803 -0.492819 -0.574495 -0.534622 -0.51798 -0.552206 -0.558411 -0.543952
internal_weight=68398.8 46638.7 8573.65 6617.56 21760.1 38065 37839.3 37577.2 4555.06 5996 3110.7 15764.1 5450.19 2799.32 2062.5 2233.68 35343.5 1956.08 990.683 955.877 1032.93 1793.35 3522.13 1549.62 33156.3 349.132 1169.57 2187.19 1819.09 783.597
internal_count=217091 205291 14407 9129 11800 190884 190755 190274 4442 5660 4078 6140 3589 2813 4687 4543 185731 5278 1660 1625 1928 3214 2514 1543 178231 1889 1763 7500 6657 1673
is_linear=0
shrinkage=1


Tree=1
num_leaves=31
num_cat=0
split_feature=0 1 6 8 0 8 6 0 1 8 15 4 8 1 6 5 16 4 0 8 0 8 11 9 1 1 0 18 1 18
split_gain=122353 16793 7072.41 4563.86 3051.56 2907.09 2260.02 2310.83 2162.99 1323.41 1157.19 1091.95 1077.96 1021.88 1139.21 1010.9 1459.58 1008.91 889.369 773.748 691.447 599.635 596.367 740.581 521.289 504.643 502.26 460.129 578.221 440.205
threshold=0.63413371304413535 0.38650000000000007 0.0028982753497385732 -1.4999999999999998 0.7975050663989226 165.50000000000003 1.0000000180025095e-35 0.38089045417347583 0.33350000000000007 4.5000000000000009 -0.12364276922970409 -0.23100000000000001 6.5000000000000009 0.47750000000000004 0.17221686877819783 0.33050000000000007 0.93532560930767239 -0.012499999999999954 0.29410906822609312 -2.4999999999999996 0.063480689907490603 113.50000000000001 1.0000000180025095e-35 1.2250000000000003 0.83150000000000002 0.088500000000000009 0.11134457348404123 26.500000000000004 0.20250000000000004 2.5000000000000004
decision_type=2 2 2 2 2 2 2 2 2 2 2 2 2 2 2 2 2 2 2 2 2 2 2 2 2 2 2 2 2 2
left_child=1 2 17 10 13 6 -3 11 22 15 18 29 -9 19 -15 25 -17 -1 -4 27 -10 -13 -5 -24 -23 -6 -26 28 -2 -8
right_child=4 5 3 8 9 -7 7 12 20 -11 -12 21 -14 14 -16 16 -18 -19 -20 -21 -22 24 23 -25 26 -27 -28 -29 -30 -31
leaf_value=0.040735122288199178 0.035142489325440715 0.049794790378862745 -0.037214047340160906 0.063286236439795931 0.068444778525306491 0.069406581720383428 0.010869208969497068 -0.025385105509855066 0.04600336128194632 0.070031388604931591 -0.033390512993611732 -0.041316951337750756 0.016977099872002514 -0.047047876906957456 0.059631597328310165 -0.022541496459304512 0.060005697296607804 -0.046093442008492372 0.028632384891036936 0.048195601592474192 -0.010838058453259544 0.073814690744118852 -0.00070196979045088843 0.049273958208820114 -0.041388131581176886 0.049550710820749896 0.050612029317773109 0.053930576575900294 -0.014823166429010095 -0.025004851855216444
leaf_weight=126.7654629945755 380.73170077800751 265.51600177586079 245.949951402843 2004.7896070480347 2179.7743765413761 229.79073960334063 369.16302663832903 1314.5804626047611 252.32956105470657 11230.556573905051 1096.5466047525406 32436.219018504024 914.07805489748716 254.75136620551348 135.56177329272032 369.40279497951269 397.46610119193792 1807.5200737863779 712.75145334005356 3218.4980989396572 781.20773287862539 63.725653603672981 340.92044414579868 1224.1755125969648 217.43067628145218 3209.9828508198261 67.709802836179733 254.54767298698425 453.69457742571831 1806.6260078325868
leaf_count=125 388 481 782 971 671 129 843 3181 255 3043 3062 176342 1362 729 84 856 194 5153 843 2402 1673 13 646 897 1759 2309 117 156 968 6657
internal_value=-9.22566e-06 -0.0277345 0.0101078 0.0247766 0.0580835 -0.0363635 -0.0370179 -0.0376417 0.0413637 0.0638833 -0.012382 -0.0395297 -0.0080109 0.0365903 -0.00982422 0.0526397 0.0203096 -0.0403488 0.0116764 0.0408 0.00313228 -0.0408962 0.0524203 0.0384073 -0.00175951 0.0572258 -0.0192422 0.0188698 0.00801937 -0.0189116
internal_weight=68362.8 46277.8 8592.96 6658.67 22085 37684.8 37455 37189.5 4603.42 17387.2 2055.25 34960.9 2228.66 4697.79 390.313 6156.63 766.869 1934.29 958.701 4307.47 1033.54 32785.1 3569.89 1565.1 348.866 5389.76 285.14 1088.97 834.426 2175.79
internal_count=217091 205291 14407 9129 11800 190884 190755 190274 4442 7073 4687 185731 4543 4727 813 4030 1050 5278 1625 3914 1928 178231 2514 1543 1889 2980 1876 1512 1356 7500
is_linear=0
shrinkage=0.03


Tree=2
num_leaves=31
num_cat=0
split_feature=0 1 6 8 1 12 8 6 0 1 15 15 5 16 4 8 8 4 0 0 15 17 0 1 8 11 9 0 3 16
split_gain=114464 16040.2 6674.7 4243.57 2821.86 3096.75 2744.61 2143.81 2228.78 1991.48 1987.34 1099.5 1083.78 1068.12 1058.32 1031.5 1019.25 962.868 837.299 758.279 768.634 683.527 645.318 644.514 577.832 543.302 683.228 486.761 475.264 470.229
threshold=0.63413371304413535 0.38650000000000007 0.0028982753497385732 -1.4999999999999998 0.24250000000000002 1.0000000180025095e-35 165.50000000000003 1.0000000180025095e-35 0.38089045417347583 0.33350000000000007 -0.36106598212013541 -0.12364276922970409 0.37250000000000005 -0.70680320108335004 -0.23100000000000001 -1.4999999999999998 6.5000000000000009 -0.012499999999999954 0.29410906822609312 0.7437000036460254 0.64707945178896686 2.5000000000000004 0.063480689907490603 0.088500000000000009 113.50000000000001 1.0000000180025095e-35 1.2250000000000003 0.045158353163129002 -0.048000000000000022 0.18582322214993838
decision_type=2 2 2 2 2 2 2 2 2 2 2 2 2 2 2 2 2 2 2 2 2 2 2 2 2 2 2 2 2 2
left_child=1 2 17 11 15 10 7 -3 14 25 12 18 21 28 -9 23 -10 -1 -4 20 -15 -6 -11 -2 -16 -5 -27 -26 -12 -23
right_child=4 6 3 9 5 -7 -8 8 16 22 13 -13 -14 19 24 -17 -18 -19 -20 -21 -22 29 -24 -25 27 26 -28 -29 -30 -31
leaf_value=0.039174164111891951 0.059973109529970765 0.047779094434968153 -0.036499214092808825 0.060552694582315429 -0.035387162771683051 0.064678826915074553 0.066376208511581589 -0.0184443455184416 -0.024802093716925881 0.044174179873201699 0.027076241079917223 -0.032703800610802039 -0.038108024245279648 0.044888899021137602 -0.04056678202864842 0.067076546685360477 0.016399386019141694 -0.045328246081538653 0.02758493250794657 0.052661002524975055 -0.018514083806084106 0.055950597842393708 -0.010545088163687981 0.026942973491224251 -0.033847439841470144 -0.00068122103361856331 0.047266638376476808 0.036767400355284988 -0.036939632446040871 0.007542361732883732
leaf_weight=127.96276500076056 1130.8041613996029 268.49529509991407 243.34216808527708 2032.1311581730843 181.45877522230148 3152.8869547843933 233.1561975479126 2164.2923713251948 1305.3290550112724 254.97706094384193 195.73259031027555 1086.2049248218536 512.00131826847792 387.11461554467678 32050.845335371792 12118.775788456202 917.93605787307024 1783.3085252642632 717.65844503045082 2412.0303494334221 305.59186013042927 325.18566465377808 778.94253327697515 1017.5324175953865 189.88810528814793 340.85803218185902 1237.7901032418013 158.34717354923487 216.97778555750847 404.03268104791641
leaf_count=125 482 481 782 971 458 1019 129 7500 3181 255 237 3062 1371 308 176342 3227 1362 5153 843 1469 666 182 1673 1177 1482 646 897 407 562 642
internal_value=-1.69604e-05 -0.0271355 0.00978642 0.0239083 0.0556367 0.0414562 -0.0356542 -0.0363015 -0.0369191 0.0397609 0.0266047 -0.0120637 -0.00331139 0.0386972 -0.0387918 0.0636702 -0.00779176 -0.0396181 0.0112946 0.0447195 0.016959 0.0163129 0.00303811 0.0443882 -0.0401492 0.0502649 0.0369322 -0.00169816 -0.00660308 0.0292702
internal_weight=68251.6 45891.5 8603.18 6691.9 22360.1 8093.01 37288.3 37055.1 36786.6 4644.7 4940.13 2047.21 1422.68 3517.45 34563.4 14267.1 2223.27 1911.27 961.001 3104.74 692.706 910.677 1033.92 2148.34 32399.1 3610.78 1578.65 348.235 412.71 729.218
internal_count=217091 205291 14407 9129 11800 6914 190884 190755 190274 4442 5895 4687 2653 3242 185731 4886 4543 5278 1625 2443 974 1282 1928 1659 178231 2514 1543 1889 799 824
is_linear=0
shrinkage=0.03


Tree=3
num_leaves=31
num_cat=0
split_feature=0 1 6 8 8 8 0 6 1 16 1 15 4 5 8 4 1 18 13 0 0 8 1 11 9 15 11 15 0 12
split_gain=107281 15326.7 6306 3952.97 2629.92 2595.03 2056.85 2143.41 1988.98 2478.14 1839.64 1045.03 1027.92 1007.26 964.596 919.793 898.736 883.278 1566.14 788.788 602.992 559.963 659.807 498.333 632.039 468.971 459.161 676.756 443.906 425.163
threshold=0.63413371304413535 0.38650000000000007 0.0028982753497385732 -1.4999999999999998 3.5000000000000004 165.50000000000003 0.38089045417347583 1.0000000180025095e-35 0.17750000000000002 0.82151620803507863 0.33350000000000007 -0.12364276922970409 -0.23100000000000001 0.32050000000000006 5.5000000000000009 -0.012499999999999954 0.31150000000000005 10.500000000000002 1.0000000180025095e-35 0.29410906822609312 0.063480689907490603 102.50000000000001 0.83150000000000002 1.0000000180025095e-35 1.2250000000000003 0.80020481788116726 0.68333333333333346 -0.98144480685298208 0.11134457348404123 1.0000000180025095e-35
decision_type=2 2 2 2 2 2 2 2 2 2 2 2 2 2 2 2 2 2 2 2 2 2 2 2 2 2 2 2 2 2
left_child=1 2 15 11 8 6 7 -3 -2 13 23 19 -9 26 -8 -1 -6 -18 -19 -4 -12 -14 -23 -5 -25 -16 27 -10 -24 -22
right_child=4 5 3 10 16 -7 14 12 9 -11 20 -13 21 -15 25 -17 17 18 -20 -21 29 22 28 24 -26 -27 -28 -29 -30 -31
leaf_value=0.037714021117716816 0.055015912059865127 0.046478309915817508 -0.035812908262064576 0.058077488587502467 0.065048048245938767 0.063656341111376732 -0.025121709916231763 -0.017986439447535425 0.053077383039209121 0.0500245514618353 0.042475654884642638 -0.03204094450902522 -0.039934275641192465 -0.02576156436624296 0.0027356093654819663 -0.044608185688139776 0.057601694563433538 -0.028069634993099845 0.051944885819207691 0.026592375632704453 -0.021188855264230651 0.06528407322192685 -0.03871741274722984 -0.0006610796877078018 0.04541182294457595 0.050799798213149651 0.044035083571441577 -0.004109811171846914 0.041418016791011897 0.034387587599054519
leaf_weight=129.0287999138236 4043.9768148064613 269.49596601724625 240.66348449140787 2054.9388090968132 11371.807070404291 235.90868961811066 1242.3638793304563 2153.0585258677602 230.89255219697952 1987.3798905387521 257.30108267068863 1075.6384798288345 31506.649288952351 698.27043949812651 736.63468606770039 1758.1602892279625 1982.415263004601 348.65247558802366 587.40723362565041 722.15306952595711 625.23197501897812 88.292766928672791 331.78413796424866 340.79740969836712 1249.6309537738562 240.13084262609482 423.96003401279449 912.42082536220551 73.814694061875343 151.4723189547658
leaf_count=125 1938 472 782 971 2810 129 3075 7500 128 1231 255 3062 175368 1681 1306 5153 846 854 327 843 1508 40 2672 646 897 171 323 1662 151 165
internal_value=-2.3976e-05 -0.0265643 0.00948506 0.0230969 0.0534158 -0.034976 -0.0356161 -0.0374207 0.0399527 0.0256009 0.0382784 -0.011758 -0.0380868 0.00413816 -0.00761041 -0.0389288 0.0612225 0.0462647 0.0221476 0.0109309 0.00294779 -0.0394374 -0.0076888 0.0482892 0.0355567 0.0146712 0.0174832 0.00754785 -0.0239366 -0.0102598
internal_weight=68070.3 45483.2 8605.02 6717.83 22587.2 36878.1 36642.2 34423.1 8296.9 4252.92 4679.37 2038.46 34153.6 2265.54 2219.13 1887.19 14290.3 2918.47 936.06 962.817 1034.01 32000.5 493.892 3645.37 1590.43 976.766 1567.27 1143.31 405.599 776.704
internal_count=217091 205291 14407 9129 11800 190884 190755 186203 6963 5025 4442 4687 185731 3794 4552 5278 4837 2027 1181 1625 1928 178231 2863 2514 1543 1477 2113 1790 2823 1673
is_linear=0
shrinkage=0.03


Tree=4
num_leaves=31
num_cat=0
split_feature=0 1 6 8 0 8 0 6 1 8 4 15 8 4 1 6 0 5 16 12 1 0 8 8 0 11 8 16 18 12
split_gain=100716 14650.1 5963.59 3688.59 2461.18 2456.79 1987.01 2038.38 1703.98 1036.68 1000.01 997.022 913.905 879.427 859.385 1010.8 846.436 803.642 1210.02 653.748 778.272 564.067 558.437 550.063 672.261 459.881 586.963 445.622 422.644 505.822
threshold=0.63413371304413535 0.38650000000000007 0.0028982753497385732 -1.4999999999999998 0.7975050663989226 165.50000000000003 0.38089045417347583 1.0000000180025095e-35 0.33350000000000007 4.5000000000000009 -0.23100000000000001 0.29721438724027832 6.5000000000000009 -0.012499999999999954 0.47750000000000004 0.17221686877819783 0.29410906822609312 0.33050000000000007 0.93532560930767239 1.0000000180025095e-35 0.22350000000000003 0.063480689907490603 -7.4999999999999991 68.500000000000014 0.045158353163129002 1.0000000180025095e-35 7.5000000000000009 0.95354758002065276 2.5000000000000004 1.0000000180025095e-35
decision_type=2 2 2 2 2 2 2 2 2 2 2 2 2 2 2 2 2 2 2 2 2 2 2 2 2 2 2 2 2 2
left_child=1 2 13 11 14 6 7 -3 25 17 28 16 27 -1 19 -16 -4 -6 -19 20 -2 -10 -22 -12 -25 -5 -27 -8 -9 -30
right_child=4 5 3 8 9 -7 12 10 21 -11 23 -13 -14 -15 15 -17 -18 18 -20 -21 22 -23 -24 24 -26 26 -28 -29 29 -31
leaf_value=0.036344257398454601 0.045945148012429396 0.044725831206879771 -0.036728349117897491 0.055823814873547206 0.050662500505785718 0.061200606004269326 -0.031204583918007726 0.011704559302087136 0.040892903955125362 0.061827400910795166 -0.039586012369675239 -0.034269509197748731 0.015311952955589538 -0.043929511009642278 -0.046223346560247888 0.053649555745009826 0.023326772399004363 -0.021663516666700681 0.053142036494194286 0.057258480974144786 -0.027425239941797266 -0.0099846353208186758 0.022889127801889252 -0.034654069412647627 0.010840801620005155 0.013240031280973006 0.049993668310746739 0.017629239479134813 -0.028451722953973375 0.028798806470948943
leaf_weight=129.9731155410409 1491.5898022949696 271.73581539094448 281.55848026275635 2073.5839220881462 5560.0185886621475 238.09855842590332 1091.098482042551 366.70837683230639 259.32608109712601 11631.133044727147 30269.572747185826 930.18015221506357 925.23091476410627 1732.2015017271042 250.37917397916317 139.57350207865238 817.33502396941185 365.2139058932662 410.54695039242506 1009.7544885277748 222.33910077810287 774.22147025167942 1690.4198487102985 887.94364626705647 433.31152079999447 687.11754369735718 913.45664638280869 196.71082092821598 1625.6789579987526 149.45042769610882
leaf_count=125 948 472 940 971 2980 129 2871 843 255 3043 170311 2733 1367 5153 729 84 1014 856 194 386 528 1673 2052 6432 1488 1002 541 314 6449 208
internal_value=-2.98522e-05 -0.0260189 0.00920199 0.0223374 0.0513885 -0.0343267 -0.0349597 -0.0367523 0.036904 0.0564913 -0.0374125 -0.0114638 -0.0074038 -0.0382772 0.0322808 -0.0103397 0.00788135 0.0466709 0.0179772 0.0360505 0.0297152 0.00286239 0.0170068 -0.0387581 -0.0197431 0.0464699 0.0342698 -0.0237217 -0.0175403 -0.0235913
internal_weight=67825.5 45054.5 8598.95 6736.78 22771 36455.5 36217.4 34004.4 4707.71 17966.9 33732.7 2029.07 2213.04 1862.17 4804.06 389.953 1098.89 6335.78 775.761 4414.1 3404.35 1033.55 1912.76 31590.8 1321.26 3674.16 1600.57 1287.81 2141.84 1775.13
internal_count=217091 205291 14407 9129 11800 190884 190755 186203 4442 7073 185731 4687 4552 5278 4727 813 1954 4030 1050 3914 3528 1928 2580 178231 7920 2514 1543 3185 7500 6657
is_linear=0
shrinkage=0.03


Tree=5
num_leaves=31
num_cat=0
split_feature=0 1 6 8 8 0 0 6 1 5 4 15 16 8 4 8 0 8 8 16 5 15 0 8 1 16 5 1 15 11
split_gain=94682.6 14008.8 5644.31 3446.36 2329.92 2306.06 1917.77 1937.43 1582.46 1237.28 970.597 949.985 899.161 866.378 841.538 781.546 702.144 651.919 573.783 533.655 564.71 595.956 528.162 513.821 513.309 969.04 566.609 473.019 434.057 427.362
threshold=0.63413371304413535 0.38650000000000007 0.0028982753497385732 -1.4999999999999998 174.50000000000003 0.87287037405845769 0.38089045417347583 1.0000000180025095e-35 0.33350000000000007 0.37950000000000006 -0.23100000000000001 -0.12364276922970409 0.93894200314753651 5.5000000000000009 -0.012499999999999954 1.0000000180025095e-35 0.29410906822609312 5.5000000000000009 113.50000000000001 0.60878313943871409 0.19250000000000003 -0.92643760798524466 0.063480689907490603 4.5000000000000009 0.17750000000000002 0.93115963423977244 0.27950000000000008 0.89850000000000019 0.80020481788116726 1.0000000180025095e-35
decision_type=2 2 2 2 2 2 2 2 2 2 2 2 2 2 2 2 2 2 2 2 2 2 2 2 2 2 2 2 2 2
left_child=1 2 14 11 6 9 7 -3 29 15 -9 16 17 -8 -1 19 -4 -11 -12 20 -2 -22 -10 24 -7 26 -26 -20 -15 -5
right_child=5 4 3 8 -6 23 13 10 22 12 18 -13 -14 28 -16 -17 -18 -19 27 -21 21 -23 -24 -25 25 -27 -28 -29 -30 -31
leaf_value=0.035055859818928725 0.032997401922748054 0.043051417490463241 -0.034488819331407905 0.053761502277080354 0.062435901801553645 0.055867814538821919 -0.024025633286358265 -0.017114099448953375 0.039413229956907124 -0.033270965813067731 -0.038520260767993607 -0.030820996625291756 0.04358055615868172 0.0022428655294955365 -0.043288879541751785 0.050160430685681587 0.024835111562138211 0.017880802117673254 0.063865494154549396 0.044027177801421805 0.034960559008450298 -0.025545745495753721 -0.0097138943309484447 0.060903104223945459 0.028637665077013593 0.059545715416470614 -0.024742704479811622 -0.0184971401939024 0.048218344783413268 0.033049687560017367
leaf_weight=130.80461706221104 909.6407319009304 273.76279717683792 235.00852616876364 2088.4096313118935 222.82672362029552 3051.8541678190231 1223.7728178948164 2130.0324724018574 261.074886739254 428.89999455213547 30828.163537025452 1054.6228878721595 494.61512085795403 739.36117365211248 1705.54874548316 4396.7729847505689 729.68542554974556 463.61155677586794 77.325122430920601 1304.1965769529343 225.29657950997353 406.02797800302505 772.04322650283575 9641.0328874289989 594.97202810645103 748.1287994608283 252.74375820159912 283.9346759095788 243.55093967914581 1609.8800460547209
leaf_count=125 817 473 782 971 68 1101 3075 7501 255 1119 176342 3062 325 1306 5153 2176 843 613 23 872 208 947 1673 2200 598 224 600 1925 171 1543
internal_value=-3.51557e-05 -0.0254965 0.0089338 0.0216196 -0.033704 0.0495226 -0.0343076 -0.0360872 0.0356163 0.0372511 -0.0367412 -0.0111799 0.0112652 -0.00720496 -0.0376603 0.0422218 0.0103211 -0.0067295 -0.0380798 0.0299138 0.0179066 -0.00389004 0.00277898 0.056924 0.048636 0.0347271 0.0126913 -0.0004872 0.013747 0.0447797
internal_weight=67527.6 44609.8 8587.08 6750.72 36022.7 22917.8 35799.9 33593.2 4731.41 8629.06 33319.5 2019.32 1387.13 2206.68 1836.35 7241.93 964.694 892.512 31189.4 2845.16 1540.97 631.325 1033.12 14288.7 4647.7 1595.84 847.716 361.26 982.912 3698.29
internal_count=217091 205291 14407 9129 190884 11800 190816 186264 4442 7077 185791 4687 2057 4552 5278 5020 1625 1732 178290 2844 1972 1155 1928 4723 2523 1422 1198 1948 1477 2514
is_linear=0
shrinkage=0.03


Tree=6
num_leaves=31
num_cat=0
split_feature=0 1 6 8 8 1 1 12 6 15 0 12 18 5 8 16 4 4 0 8 8 0 0 15 17 1 15 6 3 16
split_gain=89130 13430 4677.94 3778.49 2240.29 2200.36 2162.14 2452.97 1781.54 1645.66 1497.65 1170.46 1018.08 900.51 839.651 839.373 799.346 794.164 782.081 734.468 707.057 860.444 604.942 667.957 601.134 555.196 503.036 497.751 440.054 421.424
threshold=0.63413371304413535 0.41550000000000004 0.0028982753497385732 -1.4999999999999998 174.50000000000003 0.33350000000000007 0.24250000000000002 1.0000000180025095e-35 1.0000000180025095e-35 -0.36106598212013541 0.41598422436049826 1.0000000180025095e-35 18.500000000000004 0.37250000000000005 -1.4999999999999998 -0.70680320108335004 -0.29849999999999999 -0.012499999999999954 0.29410906822609312 5.5000000000000009 68.500000000000014 0.045158353163129002 0.7437000036460254 0.64707945178896686 2.5000000000000004 0.088500000000000009 -0.13778514833800556 0.036921011777254958 -0.048000000000000022 0.2257002964917075
decision_type=2 2 2 2 2 2 2 2 2 2 2 2 2 2 2 2 2 2 2 2 2 2 2 2 2 2 2 2 2 2
left_child=1 2 17 12 8 -5 14 9 -3 13 16 27 -4 24 25 28 -10 -1 -14 -12 -18 -22 23 -17 -8 -2 -21 -7 -11 -26
right_child=6 4 3 5 -6 11 7 -9 10 15 19 -13 18 -15 -16 22 20 -19 -20 26 21 -23 -24 -25 29 -27 -28 -29 -30 -31
leaf_value=0.032835500705923698 0.051785254388820791 0.041142134208515473 -0.030208056312917047 0.043200723886671386 0.060270331786759591 -0.042389582697506305 -0.035867267983378602 0.055807612827799613 -0.010931952246678936 0.025059843001884328 -0.025044986212674213 0.045315816047822602 -0.034928868612923367 -0.037071564645129743 0.057724366071784786 0.039302113056902128 -0.03816688454352072 -0.04268539089765068 0.025632817540677911 -0.021284316145927674 -0.03372464007517615 0.015723164228125683 0.045334218919169098 -0.019389183396184985 0.048437155306290502 0.021602640781874283 0.034157968569107536 -0.00069804522562995363 -0.036515417099033512 0.0033615454307912092
leaf_weight=133.23863939940929 1167.5362164378166 276.55622621625662 1479.2767563164234 3718.3296116292477 223.99662111699581 357.82523706555367 181.77116668224335 3256.5589810311794 1081.2061560675502 197.80224747210741 797.96077434718609 414.80751831829548 259.92701214551926 502.25620456784964 12522.971445590258 397.60490556806326 30053.440482906997 1681.0544686466455 708.48718073964119 210.08919395506382 885.93917329609394 489.78377821296453 2486.2584421560168 306.75016661733389 349.74695640802383 1045.7140063047409 476.96866861730814 902.35088355839252 214.87614485621452 397.52084802091122
leaf_count=130 482 481 4412 2514 68 1111 458 1019 3729 237 2054 383 882 1371 3227 308 172570 5162 820 476 6558 1581 1469 666 198 1177 500 1860 562 626
internal_value=-3.95119e-05 -0.0249948 0.00627814 0.0163242 -0.0337478 0.0303485 0.0478052 0.0355246 -0.0343675 0.0223794 -0.0349853 0.00179148 -0.0145767 -0.00482847 0.0547061 0.0331819 -0.036331 -0.0370942 0.0093201 -0.00551119 -0.0372037 -0.0161244 0.0383852 0.0137679 0.012666 0.0375732 0.0171859 -0.0126089 -0.00703372 0.0245678
internal_weight=67178.6 44151.2 9655.3 7841 34495.9 5393.31 23027.4 8291.15 34271.9 5034.59 33995.4 1674.98 2447.69 1431.3 14736.2 3603.29 32510.4 1814.29 968.414 1485.02 31429.2 1375.72 3190.61 704.355 929.039 2213.25 687.058 1260.18 412.678 747.268
internal_count=217091 205291 17274 11982 188017 5868 11800 6914 187949 5895 187468 3354 6114 2653 4886 3242 184438 5292 1702 3030 180709 8139 2443 974 1282 1659 976 2971 799 824
is_linear=0
shrinkage=0.03


Tree=7
num_leaves=31
num_cat=0
split_feature=0 1 6 8 8 8 1 6 0 1 16 12 18 1 15 4 4 0 13 15 8 5 0 8 18 6 5 18 11 9
split_gain=84007.3 12863.5 4440.78 3543.42 2128.6 2059.22 2053.35 1698.93 1451.42 1335.04 1698.34 1092.59 969.38 930.292 995.699 779.907 761.341 738.234 726.134 704.969 520.461 633.72 611.949 504.325 490.743 477.07 460.559 418.363 403.371 566.109
threshold=0.63413371304413535 0.41550000000000004 0.0028982753497385732 -1.4999999999999998 165.50000000000003 1.0000000180025095e-35 0.33350000000000007 1.0000000180025095e-35 0.41598422436049826 0.17750000000000002 0.86285968518823652 1.0000000180025095e-35 18.500000000000004 0.37850000000000006 -0.24736409674091822 -0.23100000000000001 -0.012499999999999954 0.29410906822609312 0.45000000000000007 -0.30209149441760857 68.500000000000014 0.70950000000000013 0.10338336018804876 5.5000000000000009 2.5000000000000004 0.036921011777254958 0.40550000000000008 26.500000000000004 1.0000000180025095e-35 1.2250000000000003
decision_type=2 2 2 2 2 2 2 2 2 2 2 2 2 2 2 2 2 2 2 2 2 2 2 2 2 2 2 2 2 2
left_child=1 2 16 12 7 9 28 -3 15 -2 26 25 -4 -7 18 24 -1 -14 -15 -10 -17 -22 -23 -21 -9 -8 -11 -27 -5 -30
right_child=5 4 3 6 -6 13 11 8 19 10 -12 -13 17 14 -16 20 -18 -19 -20 23 21 22 -24 -25 -26 27 -28 -29 29 -31
leaf_value=0.031723310172414566 0.045672358461366323 0.03977652311467024 -0.029613444954461898 0.050402471944326274 0.055074837206801341 0.054052667017878427 -0.041690238590897669 0.014364523104827075 -0.032963731845840061 0.0052940396410630468 0.042850058800544315 0.043476936395502638 -0.034332604193224453 -0.04625752308849209 0.043153560114381796 -0.037807188671533674 -0.04211209031449803 0.024741288283674862 0.035750222825877517 -0.012462786066556649 0.029019186652176416 -0.036475040352099357 0.029094904313267125 0.031153875338981032 -0.024470456198901737 -0.010235792701929007 -0.036532640423228513 0.042689315920020496 -0.0034710778996959487 0.039608631694763224
leaf_weight=133.86779575794935 3074.6959404051304 277.73175447434187 1464.002796895802 2106.6882926821709 241.6975684762001 15139.500981122255 353.03566760569811 353.32274915277958 530.64678227901459 1539.9391159713268 1395.2251057550311 419.43508801609278 256.61047637462616 225.24509660899639 1282.5075430646539 28748.823141492903 1653.282665848732 712.04860132932663 166.39171424508095 459.07778263092041 210.73848920315504 934.36339429020882 146.08615279942751 490.97913438826799 1660.7925676554441 741.12222444266081 276.91618432104588 161.05977235734463 348.68168899416924 1280.075267970562
leaf_count=130 1582 480 4412 971 129 4582 1111 809 1421 2439 864 383 882 662 758 169117 5162 820 138 1078 425 7128 373 531 6526 1711 775 149 646 897
internal_value=-4.38829e-05 -0.024511 0.00610107 0.0158275 -0.0331673 0.046222 0.0293443 -0.0338029 -0.0344158 0.0315467 0.0179953 0.0017345 -0.0142322 0.0517026 0.0303921 -0.0357571 -0.0365375 0.00903416 -0.0114086 -0.00536522 -0.0369695 -0.0182742 -0.0275534 0.0101049 -0.0176467 -0.0122843 -0.00113069 -0.000677302 0.0417108 0.0303968
internal_weight=66784.6 43684.2 9629.91 7842.76 34054.3 23100.4 5410.1 33812.6 33534.8 6286.78 3212.08 1674.65 2432.66 16813.6 1674.14 32054.1 1787.15 968.659 391.637 1480.7 30040 1291.19 1080.45 950.057 2014.12 1255.22 1816.86 902.182 3735.45 1628.76
internal_count=217091 205291 17274 11982 188017 11800 5868 187888 187408 5660 4078 3354 6114 6140 1558 184378 5292 1702 800 3030 177043 7926 7501 1609 7335 2971 3214 1860 2514 1543
is_linear=0
shrinkage=0.03


Tree=8
num_leaves=31
num_cat=0
split_feature=0 1 6 8 8 0 1 6 0 5 12 15 4 16 4 0 12 8 8 5 9 0 18 8 5 6 8 1 16 18
split_gain=79255.7 12323.5 4219.2 3328.09 2025.96 1983.18 1921.35 1616.67 1403.1 1021.85 1021.1 930.692 765.744 750.732 732.015 714.842 686.279 676.099 673.615 836.247 630.073 594.828 588.854 574.927 482.456 457.554 448.973 543.21 985.248 391.174
threshold=0.63413371304413535 0.41550000000000004 0.0028982753497385732 -1.4999999999999998 174.50000000000003 0.87287037405845769 0.33350000000000007 1.0000000180025095e-35 0.41598422436049826 0.37950000000000006 1.0000000180025095e-35 -0.1110565592999523 -0.29849999999999999 0.93894200314753651 -0.99949999999999994 0.29410906822609312 1.0000000180025095e-35 10.500000000000002 75.500000000000014 0.74050000000000005 -1.3666666666666665 0.086754689935251997 26.500000000000004 5.5000000000000009 0.19250000000000003 0.036921011777254958 6.5000000000000009 0.28750000000000003 0.96296759363048678 26.500000000000004
decision_type=2 2 2 2 2 2 2 2 2 2 2 2 2 2 2 2 2 2 2 2 2 2 2 2 2 2 2 2 2 2
left_child=1 2 14 11 7 9 -5 -3 12 16 25 15 -9 23 -1 -4 20 -10 -14 -20 22 -21 24 -11 -2 -8 27 -7 -29 -27
right_child=5 4 3 6 -6 26 10 8 17 13 -12 -13 18 -15 -16 -17 -18 -19 19 21 -22 -23 -24 -25 -26 29 -28 28 -30 -31
leaf_value=0.037734108876815511 0.021494583847281208 0.038407540319898015 -0.032290450979342987 0.040345140582094867 0.056590361545433468 0.048732702977199213 -0.041025342905947636 -0.010192786388146254 -0.020683446062727449 -0.032161481071890832 0.041769277533936569 -0.031765206558903025 -0.036893824818029011 0.039008399544134979 -0.041040781357594071 0.020056301670773411 0.054593287492079305 0.021325698416304266 0.041365356032642499 -0.037060586725164817 0.038574278220254415 0.025364518656645192 0.050633161744958514 0.016085168018300563 -0.019163787610860874 -0.0099584859308237683 0.055892204145952522 -0.013238274827440836 0.05281417354724504 0.041030822413753935
leaf_weight=111.17580406367779 627.69192314147949 278.90042312443256 322.72733442485332 3746.0416730046272 225.02206628024578 4915.1343273222446 348.11766443401575 1071.3071049824357 933.41402275115252 420.17633429169655 423.54305166751146 1256.0823568999767 29450.440277136862 501.0811315253377 1648.3485460579395 838.36603328585625 1703.5459232032299 542.86581925302744 204.5971961170435 732.25161795318127 4225.3822861164808 166.69511976838112 322.69490239024162 465.53238151967525 447.24019250273705 739.02283389121294 8707.0456126183271 378.09401772171259 434.03452923893929 162.63911475241184
leaf_count=87 664 481 1122 2514 68 1962 1111 3729 2326 1119 383 3948 174030 325 5205 1044 453 704 323 5883 2817 473 136 613 950 1711 1851 774 136 149
internal_value=-4.77197e-05 -0.024048 0.00593513 0.0153626 -0.0326094 0.0447424 0.0284146 -0.0332158 -0.0338227 0.0334179 0.00168139 -0.0138991 -0.0351571 0.00977834 -0.0360076 0.00546074 0.0378866 -0.00522369 -0.0360313 -0.0129749 0.0327987 -0.025439 0.0152925 -0.00683414 0.00457186 -0.0119716 0.0515702 0.0449736 0.0221273 -0.00065562
internal_weight=66349.2 43201.6 9596.06 7836.54 33605.5 23147.7 5419.36 33380.5 33101.6 8713.35 1673.32 2417.18 31625.3 1386.79 1759.52 1161.09 7326.56 1476.28 30554 1103.54 5623.01 898.947 1397.63 885.709 1074.93 1249.78 14434.3 5727.26 812.129 901.662
internal_count=217091 205291 17274 11982 188017 11800 5868 187949 187468 7077 3354 6114 184438 2057 5292 2166 5020 3030 180709 6679 4567 6356 1750 1732 1614 2971 4723 2872 910 1860
is_linear=0
shrinkage=0.03


Tree=9
num_leaves=31
num_cat=0
split_feature=0 1 6 8 8 0 1 6 0 12 15 8 4 4 0 5 16 15 1 6 8 5 12 1 8 18 8 6 11 11
split_gain=74845.8 11809.7 4010.09 3126.78 1926.82 1885.89 1797.81 1541.25 1359.94 955.318 888.802 799.997 751.5 705.079 676.236 668.944 996.96 667.668 663.423 877.416 526.622 557.426 514.168 595.987 469.041 468.399 449.772 439.1 383.17 541.368
threshold=0.63413371304413535 0.41550000000000004 0.0028982753497385732 -1.4999999999999998 174.50000000000003 0.7975050663989226 0.33350000000000007 1.0000000180025095e-35 0.41598422436049826 1.0000000180025095e-35 -0.1110565592999523 5.5000000000000009 -0.23100000000000001 -0.012499999999999954 0.29410906822609312 0.33050000000000007 0.93532560930767239 -0.30209149441760857 0.47750000000000004 0.17221686877819783 102.50000000000001 0.81050000000000011 1.0000000180025095e-35 0.22350000000000003 -7.4999999999999991 2.5000000000000004 5.5000000000000009 0.036921011777254958 1.0000000180025095e-35 0.47222222222222227
decision_type=2 2 2 2 2 2 2 2 2 2 2 2 2 2 2 2 2 2 2 2 2 2 2 2 2 2 2 2 2 2
left_child=1 2 13 10 7 18 28 -3 12 27 14 15 25 -1 -4 -7 -17 -10 22 -20 -14 -22 23 -2 -25 -9 -19 -8 -5 -30
right_child=5 4 3 6 -6 11 9 8 17 -11 -12 -13 20 -15 -16 16 -18 26 19 -21 21 -23 -24 24 -26 -27 -28 -29 29 -31
leaf_value=0.029888362020281185 0.038457890931529702 0.037160198673673178 -0.031735890107033718 0.047491486676049681 0.054925204746268982 0.043169665453636936 -0.040392124189815151 0.014540442470849246 -0.032186432820383491 0.040177936110342781 -0.031194822490739169 0.052779131709377015 -0.036345901948679538 -0.04105941655202356 0.019385370358847451 -0.021740123916548136 0.044597528502172912 -0.011611363660289548 -0.045396840423998705 0.047625092880676137 0.055903663883638162 -0.021516147429981432 0.048601247097081794 -0.027541546205658286 0.018658819001148772 -0.023475039900802418 0.029623310396523619 -0.00063463605809583961 -0.0005109982382734881 0.038433199699724183
leaf_weight=134.73398346453905 1523.4929583072662 279.70206348598003 318.63047508895397 2114.9580283164978 224.97936648130417 6244.6592991054058 343.09092688560486 352.76003871113062 523.37314566224813 427.17036478221416 1240.9626789093018 11227.058980002999 28695.301626503468 1596.9962287098169 841.41652902960777 373.96812868118286 441.73791332542896 453.86730077117682 242.94051413983107 142.205247849226 103.38415066897869 389.8139660730958 1031.2476484775543 220.75557854771614 1718.7771818339825 1635.0257572308183 494.87796841561794 900.99310348182917 437.78022015094757 1203.133841663599
leaf_count=130 948 481 1122 971 68 3171 1111 809 1421 383 3948 2798 174179 5162 1044 900 204 1078 729 84 73 2850 386 528 2052 6527 531 1860 725 818
internal_value=-5.08505e-05 -0.0236 0.00577486 0.0149151 -0.0320702 0.0433644 0.0275216 -0.0326695 -0.0332711 0.00163076 -0.0135786 0.0477879 -0.0346015 -0.0354973 0.00529824 0.039832 0.0142162 -0.00508307 0.0267666 -0.0109482 -0.0358176 -0.00504754 0.0300038 0.0244284 0.0133659 -0.0167169 0.00992276 -0.0116697 0.0390317 0.0280613
internal_weight=65879.8 42713 9559.87 7828.14 33153.1 23166.8 5427.13 32928.1 32648.4 1671.25 2401.01 18287.4 31176.3 1731.73 1160.05 7060.37 815.706 1472.12 4879.42 385.146 29188.5 493.198 4494.27 3463.03 1939.53 1987.79 948.745 1244.08 3755.87 1640.91
internal_count=217091 205291 17274 11982 188017 11800 5868 187949 187468 3354 6114 7073 184438 5292 2166 4275 1104 3030 4727 813 177102 2923 3914 3528 2580 7336 1609 2971 2514 1543
is_linear=0
shrinkage=0.03


Tree=10
num_leaves=31
num_cat=0
split_feature=0 1 6 8 8 8 1 1 16 6 0 5 12 18 4 4 15 1 18 13 1 0 8 0 18 6 8 18 10 17
split_gain=70742.8 11319.2 3814.26 2940.96 1833.85 1799.32 1686.9 1540.47 1771.53 1470.05 1317.92 916.477 894.607 853.018 735.953 677.274 634.387 585.593 790.374 993.44 610.309 554.968 517.99 586.646 444.882 421.678 421.35 366.146 364.371 399.921
threshold=0.63413371304413535 0.41550000000000004 0.0028982753497385732 -1.4999999999999998 174.50000000000003 4.5000000000000009 0.33350000000000007 0.17750000000000002 0.93532560930767239 1.0000000180025095e-35 0.41598422436049826 0.36550000000000005 1.0000000180025095e-35 19.500000000000004 -0.23100000000000001 -0.012499999999999954 -0.30209149441760857 0.24250000000000002 10.500000000000002 1.0000000180025095e-35 0.34450000000000003 0.29410906822609312 68.500000000000014 0.045158353163129002 2.5000000000000004 0.036921011777254958 5.5000000000000009 26.500000000000004 5.2250000000000005 2.5000000000000004
decision_type=2 2 2 2 2 2 2 2 2 2 2 2 2 2 2 2 2 2 2 2 2 2 2 2 2 2 2 2 2 2
left_child=1 2 15 13 9 7 -5 -2 11 -3 14 28 25 -4 24 -1 -12 -7 -19 20 -20 -15 -16 -24 -11 -8 -18 -27 29 -9
right_child=5 4 3 6 -6 17 12 8 -10 10 16 -13 -14 21 22 -17 26 18 19 -21 -22 -23 23 -25 -26 27 -28 -29 -30 -31
leaf_value=0.028924827773553007 0.044116328690426636 0.035981953356728186 -0.026965034105619248 0.037819040727570169 0.05339059750598197 0.053359928391614721 -0.039788079234096677 -0.0021864790482006903 0.046009349904803799 0.014050608333767865 -0.031562477211977413 -0.026476450024500598 0.038690194640383084 -0.031332889033269619 -0.036150373396170297 -0.040569092518229072 -0.011312142705801683 0.047803201898756108 0.016705571398054533 0.041870653098527548 -0.048108487200916622 0.023754756015568233 -0.031384946289441655 0.01125032144532963 -0.022965061613642233 -0.0096711603954570749 0.028592998155668719 0.039506472057705938 0.033315157148993586 0.027501959597559657
leaf_weight=135.13904301822186 4601.1162505149841 280.28391347825527 1505.025828845799 3760.146123945713 224.59389662742615 9149.2626747488976 337.9736535102129 1233.0383238196373 1532.315319776535 354.18860693275928 517.85138093680143 603.48094407469034 430.35330864042044 215.71232382953167 27475.246283583343 1568.2796934470534 452.00447288900614 3454.0126082673669 298.97482445836067 773.77202871441841 227.89376518130302 663.78368979692459 829.39827379584312 444.18874537944794 1621.4680796787143 736.81969630718231 497.39739529043436 164.01974974572659 680.088338971138 607.27608293294907
leaf_count=130 2043 481 4608 2514 68 1808 1111 2020 653 809 1421 1558 383 765 169117 5162 1078 1231 338 388 660 741 6467 1518 6527 1711 531 149 537 564
internal_value=-5.37172e-05 -0.0231692 0.00562323 0.0144923 -0.0315497 0.0420742 0.0266851 0.0318063 0.0196214 -0.0321421 -0.0327385 0.0066459 0.00158075 -0.013268 -0.0340649 -0.0350147 -0.00495056 0.0489024 0.0402965 0.0202975 -0.011443 0.0101829 -0.0352827 -0.0165236 -0.0163178 -0.0113731 0.00961861 -0.000615766 0.0145987 0.00763907
internal_weight=65375.1 42213.9 9517.25 7813.83 32696.6 23161.2 5429.31 9257.32 4656.2 32472 32191.7 3123.88 1669.17 2384.52 30724.5 1703.42 1467.25 13903.9 4754.65 1300.64 526.869 879.496 28748.8 1273.59 1975.66 1238.81 949.402 900.839 2520.4 1840.31
internal_count=217091 205291 17274 11982 188017 11800 5868 7375 5332 187949 187468 4679 3354 6114 184438 5292 3030 4425 2617 1386 998 1506 177102 7985 7336 2971 1609 1860 3121 2584
is_linear=0
shrinkage=0.03


Tree=11
num_leaves=31
num_cat=0
split_feature=0 1 6 8 8 0 1 6 0 5 12 15 4 4 8 0 16 0 12 15 9 18 15 3 5 6 8 8 0 11
split_gain=66929 10853.1 3629.38 2766.97 1746.51 1738.96 1582.22 1402.75 1277.62 868.112 838.518 820.403 725.596 651.811 640.111 731.26 637.809 611.516 607.778 602.927 560.605 536.916 522.35 580.987 417.967 405.122 394.951 390.064 383.234 470.053
threshold=0.63413371304413535 0.41550000000000004 0.0028982753497385732 -1.4999999999999998 174.50000000000003 0.87287037405845769 0.33350000000000007 1.0000000180025095e-35 0.41598422436049826 0.37950000000000006 1.0000000180025095e-35 -0.1110565592999523 -0.29849999999999999 -0.99949999999999994 68.500000000000014 0.045158353163129002 0.93894200314753651 0.29410906822609312 1.0000000180025095e-35 -0.30209149441760857 -1.3666666666666665 26.500000000000004 0.9582128677556857 -0.10799999999999994 0.19250000000000003 0.036921011777254958 5.5000000000000009 -1.4999999999999998 0.012282625214948406 0.89444444444444449
decision_type=2 2 2 2 2 2 2 2 2 2 2 2 2 2 2 2 2 2 2 2 2 2 2 2 2 2 2 2 2 2
left_child=1 2 13 11 7 9 -5 -3 12 18 25 17 -9 -1 28 -16 22 -4 20 -10 21 24 23 -11 -2 -8 -21 -7 -14 -30
right_child=5 4 3 6 -6 27 10 8 19 16 -12 -13 14 -15 15 -17 -18 -19 -20 26 -22 -23 -24 -25 -26 -27 -28 -29 29 -31
leaf_value=0.034593152986328979 0.018577745433611625 0.034866343311165629 -0.030696139117306162 0.036648413108214879 0.051971494870005956 0.033704036735422514 -0.039210949914179297 -0.0090788797555899775 -0.030958014630716253 0.015511349997015259 0.037295154819651476 -0.030170452056543898 -0.040218873406507746 -0.039574209294030778 -0.031067400002793896 0.015027269979406637 0.035269477567153505 0.01833430474888471 0.050113969427893389 -0.011020092182664264 0.035052245109855655 0.046752586126663505 0.047390344167030168 -0.038354347226371155 -0.019237768656946944 -0.00059600250910039052 0.027614658181947867 0.049102749102026728 -0.033671271508415423 -0.0059258478791305727
leaf_weight=112.18817740678787 631.25801129639149 280.66417186707258 310.5816652327776 3763.8767920210958 223.89658233523369 1709.2894501388073 332.78251415491104 1055.4332966059446 512.26723323762417 298.60259164869785 433.12563458830118 1212.4808230176568 9739.1475855484605 1562.6837988123298 832.38514854758978 489.98167638480663 502.46242873370647 845.60370951890945 1702.982760310173 450.17153503745794 4240.5252384990454 324.87752723693848 131.70872986316681 446.54757212102413 446.51792499423027 900.04052778333426 499.63971859961748 12691.875723786652 17585.197002992034 568.74285005033016
leaf_count=87 664 481 1122 2514 68 1198 1111 3729 1421 404 383 3948 76742 5205 6558 1581 325 1044 453 1078 2817 136 67 1261 950 1860 531 3525 94025 1803
internal_value=-5.62853e-05 -0.0227518 0.00547637 0.0140835 -0.0310467 0.0408746 0.0258817 -0.0316321 -0.0322235 0.030286 0.00153438 -0.0129608 -0.0335463 -0.0345533 -0.0344292 -0.0139924 0.00842601 0.00511809 0.0343853 -0.00482255 0.0296146 0.0131359 -0.00702379 -0.0167932 0.00290103 -0.0110894 0.00932633 0.0472825 -0.0353965 -0.0328032
internal_weight=64837.5 41710.9 9473.36 7798.49 32237.5 23126.6 5429.83 32013.6 31733 8725.48 1665.95 2368.67 30270.9 1674.87 29215.5 1322.37 1379.32 1156.19 7346.16 1462.08 5643.18 1402.65 876.859 745.15 1077.78 1232.82 949.811 14401.2 27893.1 18153.9
internal_count=217091 205291 17274 11982 188017 11800 5868 187949 187468 7077 3354 6114 184438 5292 180709 8139 2057 2166 5020 3030 4567 1750 1732 1665 1614 2971 1609 4723 172570 95828
is_linear=0
shrinkage=0.03


Tree=12
num_leaves=31
num_cat=0
split_feature=0 1 6 8 0 8 1 16 6 8 1 5 8 4 0 15 1 5 0 1 18 13 1 0 16 0 11 8 10 3
split_gain=63351.2 10409.2 3938.19 2162.29 1817.59 1674.99 1418.83 1622.51 1379.4 1305.62 968.511 826.469 807.141 794.975 788.913 730.532 651.028 641.923 588.587 549.577 728.485 918.945 568.603 465.664 409.174 374.969 371.744 518.268 354.338 439.916
threshold=0.63413371304413535 0.38650000000000007 0.0028982753497385732 -1.4999999999999998 0.38089045417347583 4.5000000000000009 0.17750000000000002 0.93532560930767239 1.0000000180025095e-35 94.500000000000014 0.33350000000000007 0.36550000000000005 6.5000000000000009 -0.23100000000000001 0.10708522273625105 0.29721438724027832 0.25950000000000006 0.74450000000000005 0.29410906822609312 0.24250000000000002 10.500000000000002 1.0000000180025095e-35 0.34450000000000003 0.063480689907490603 0.95354758002065276 0.012282625214948406 1.0000000180025095e-35 7.5000000000000009 12.211111111111112 -1.0000000180025095e-35
decision_type=2 2 2 2 2 2 2 2 2 2 2 2 2 2 2 2 2 2 2 2 2 2 2 2 2 2 2 2 2 2
left_child=1 2 16 15 8 6 -2 11 -3 13 26 -8 24 -10 17 18 -1 -11 -4 -7 -21 22 -22 -12 -6 -15 -5 -28 -27 -30
right_child=5 4 3 10 12 19 7 -9 9 14 23 -13 -14 25 -16 -17 -18 -19 -20 20 21 -23 -24 -25 -26 28 27 -29 29 -31
leaf_value=-0.039282673311871186 0.041657988394566567 0.034196791482145626 -0.032394791333463201 0.04389109908603276 -0.027735868520477075 0.050680474110107794 0.013232478633005345 0.043403652960400392 -0.015197484600261086 0.054578738920617056 0.036811035839406453 -0.025921815221381334 0.016056191088499955 -0.039606988596671625 0.047222528812337634 -0.029861329019139418 0.033922196279833325 -0.031710141063889058 0.019482543276900799 0.045220579254496386 0.015210038016320624 0.039541181490898573 -0.047533972125464619 -0.0092879268317820791 0.019701717722986178 -0.03363284585668215 0.0054366614841228605 0.03937124225427488 -0.030365483074499006 0.00086769647276230353
leaf_weight=1526.6756351962686 4593.3865827023983 279.60723248124123 254.81400045007467 2112.3889800310135 1023.6124205067754 9090.2261594831944 2527.502622038126 1531.6642052158713 2001.7378756478429 92.121054254472256 262.88111925125122 597.38239247351885 1008.1092111617327 9626.4584744498134 267.97175027430058 848.68995606154203 115.50549054145813 421.08087139576674 830.20620527863503 3443.0720927044749 299.82398957014084 772.04469975829124 225.07852865755558 760.72829556465149 192.44674724340439 16141.158392824233 711.18121616542339 941.38292784243822 1162.2618941813707 622.52772349864244
leaf_count=5160 2043 473 940 971 2871 1808 3121 653 7403 67 255 1558 1379 77703 269 2733 118 3555 1014 1231 338 388 660 1673 314 86928 1002 541 5731 4191
internal_value=-5.87303e-05 -0.0223478 0.00752723 0.0177024 -0.0299573 0.0397303 0.0298292 0.0181416 -0.0318595 -0.0324717 0.0285095 0.00572969 -0.00376657 -0.0334835 0.0057894 -0.00906251 -0.0340812 -0.0159939 0.00724357 0.0463444 0.038002 0.0187782 -0.0118119 0.00262408 -0.0201987 -0.0348102 0.0355395 0.0248038 -0.032228 -0.0194883
internal_weight=64283.7 41203.5 8364.45 6722.27 32839.1 23080.2 9249.94 4656.55 30614.9 30335.3 4788.56 3124.89 2224.17 29554.1 781.174 1933.71 1642.18 513.202 1085.02 13830.2 4740.02 1296.95 524.903 1023.61 1216.06 27552.4 3764.95 1652.56 17925.9 1784.79
internal_count=217091 205291 14407 9129 190884 11800 7375 5332 186320 185847 4442 4679 4564 181956 3891 4687 5278 3622 1954 4425 2617 1386 998 1928 3185 174553 2514 1543 96850 9922
is_linear=0
shrinkage=0.03


Tree=13
num_leaves=31
num_cat=0
split_feature=0 1 6 8 8 0 1 6 0 0 12 15 4 8 4 1 5 8 16 5 0 15 0 11 16 6 9 4 11 6
split_gain=60018.4 10001.3 3295.45 2464.26 1615.94 1611.6 1382.45 1309.97 1208.1 936.671 788.644 755.517 693.413 687.851 612.963 611.681 609.009 570.656 554.176 885.928 549.542 548.802 427.42 476.654 935.524 385.156 369.459 362.92 367.835 368.917
threshold=0.63413371304413535 0.41550000000000004 0.0028982753497385732 -1.4999999999999998 94.500000000000014 0.7975050663989226 0.33350000000000007 1.0000000180025095e-35 0.41598422436049826 0.10708522273625105 1.0000000180025095e-35 -0.1110565592999523 -0.29849999999999999 6.5000000000000009 -0.012499999999999954 0.088500000000000009 0.74450000000000005 -2.4999999999999996 0.93532560930767239 0.33050000000000007 0.29410906822609312 -0.30209149441760857 0.012282625214948406 0.89444444444444449 -0.47464824871039363 0.036921011777254958 -3.3249999999999997 -0.12199999999999996 0.38750000000000007 0.041234087839544277
decision_type=2 2 2 2 2 2 2 2 2 2 2 2 2 2 2 2 2 2 2 2 2 2 2 2 2 2 2 2 2 2
left_child=1 2 14 11 7 17 -5 -3 12 16 25 20 -9 15 -1 -7 -6 -2 19 26 -4 -10 -14 -24 -25 -8 -17 -19 29 -29
right_child=5 4 3 6 9 13 10 8 21 -11 -12 -13 22 -15 -16 18 -18 27 -20 -21 -22 -23 23 24 -26 -27 -28 28 -30 -31
leaf_value=0.026903559408545125 0.0055323808666557697 0.033088621245264946 -0.029657537113408731 0.034512478015627034 0.052721072202556313 0.047539955663772761 -0.038511128179683052 -0.0090097945583367273 -0.030183428111463045 0.047503274486043308 0.036201455142655402 -0.029192233069677068 -0.039213918025865352 0.047808117731494834 -0.0392535648036463 0.0041566020637309724 -0.031239032741343545 0.037330953655469193 0.045290778550934038 -0.018518818775437318 0.017265232137686538 0.0085499180411372812 -0.032239806882733098 0.061656792190778936 -0.026171675745805437 -0.00054100895039664392 0.032955364303426063 -0.03891910301434464 0.027643996633548391 0.016326701678298274
leaf_weight=135.65625894069672 1218.8422822132707 279.99499540776014 302.09172013401985 3760.9786579832435 92.603885620832443 2673.4418544471264 325.43833219259977 1032.2867780923843 503.68679348379374 355.30491968989372 434.56823939085007 1183.5681798383594 9610.0398769155145 10449.928270570934 1482.6418473497033 472.57437780499458 416.46368125081062 2112.3065528422594 1458.2811688482761 402.4353399425745 849.27611568570137 937.38246089220047 17509.828867733479 141.62620931863785 442.12466149032116 897.64071901887655 2676.4254235029221 170.85418999195099 1082.742841206491 287.79481399059296
leaf_count=130 1810 474 1122 2514 67 736 1111 3686 1420 293 383 3948 78660 2551 5162 628 3562 1236 493 941 1044 1600 96387 191 1677 1860 1724 428 936 317
internal_value=-6.0747e-05 -0.0219558 0.00523214 0.0133612 -0.0300906 0.0386658 0.0244593 -0.0312385 -0.0318386 0.010327 0.00162878 -0.0123922 -0.0331827 0.0427835 -0.0336683 0.0359335 -0.0157466 0.023325 0.0297149 0.0232864 0.00490873 -0.00502286 -0.0340824 -0.0313508 -0.00465695 -0.0107137 0.0286416 0.029251 0.0181274 -0.00437243
internal_weight=63698.8 40693.2 9371.86 7753.56 31321.3 23005.6 5418.63 30457 30177 864.372 1657.65 2334.94 28735.9 18133.1 1618.3 7683.16 509.068 4872.54 5009.72 3551.44 1151.37 1441.07 27703.6 18093.6 583.751 1223.08 3149 3653.7 1541.39 458.649
internal_count=217091 205291 17274 11982 188017 11800 5868 184095 183621 3922 3354 6114 180601 7073 5292 4522 3629 4727 3786 3293 2166 3020 176915 98255 1868 2971 2352 2917 1681 745
is_linear=0
shrinkage=0.03


Tree=14
num_leaves=31
num_cat=0
split_feature=0 1 6 8 1 16 8 8 1 6 0 0 12 18 4 8 5 4 5 15 18 13 1 0 0 11 16 6 1 11
split_gain=56880.7 9594.14 3139.78 2321.93 1560.42 1814.18 1550.79 1454.17 1301.18 1251.61 1175.35 883.09 740.175 726.799 678.272 670.637 611.403 590.053 577.196 521.877 498.034 665.416 466.384 451.216 424.563 463.267 869.897 370.485 361.254 358.527
threshold=0.63413371304413535 0.41550000000000004 0.0028982753497385732 -1.4999999999999998 0.24250000000000002 0.93115963423977244 94.500000000000014 6.5000000000000009 0.33350000000000007 1.0000000180025095e-35 0.41598422436049826 0.10708522273625105 1.0000000180025095e-35 19.500000000000004 -0.29849999999999999 -1.4999999999999998 0.40550000000000008 -0.012499999999999954 0.74450000000000005 -0.30209149441760857 10.500000000000002 0.10555555555555557 0.088500000000000009 0.29410906822609312 0.012282625214948406 0.89444444444444449 -0.47464824871039363 0.036921011777254958 0.34450000000000003 1.0000000180025095e-35
decision_type=2 2 2 2 2 2 2 2 2 2 2 2 2 2 2 2 2 2 2 2 2 2 2 2 2 2 2 2 2 2
left_child=1 2 17 13 15 7 9 16 29 -3 14 18 27 -4 -11 22 -6 -1 -8 -12 -9 28 -2 -15 -16 -26 -27 -10 -22 -5
right_child=4 6 3 8 5 -7 11 20 12 10 19 -13 -14 23 24 -17 -18 -19 -20 -21 21 -23 -24 -25 25 26 -28 -29 -30 -31
leaf_value=0.026076414096518258 0.041381303331594364 0.032121367106449 -0.025171708279991038 0.041742808478129841 0.0056873093418633672 0.044870449905806492 0.05100047214461835 0.039993779394851381 -0.03798833304150917 -0.0087685333889857588 -0.029619145770344454 0.046124683181206917 0.034954071544257351 -0.029306020550107843 -0.038777043553010641 0.046269749397753454 -0.035136456410427612 -0.038848554298623134 -0.030718437107706404 0.0082767834675788049 0.011684819997117089 0.03429677528852447 0.013902666760965857 0.021335410377405304 -0.03176070964592196 0.058315091710690978 -0.025688920293770831 -0.0005249107957795363 -0.047435020117742116 0.022994298282134343
leaf_weight=135.85250760614872 1172.078449934721 279.86548912525177 1443.3107526823878 2102.4782531857491 1973.7510931193829 3210.3834100812674 92.951726749539375 1824.618170440197 320.14107070118189 1029.0019773244858 498.02754715830088 355.03947369009256 436.64817958325148 204.22713945806026 9429.5265973508358 12398.541966974735 393.38511528074741 1453.6262848377228 410.95070207118988 939.33519621193409 181.96989989280701 519.93721926212311 1063.5273421406746 670.22195684909821 17244.811513379216 145.3620608523488 437.05394546687603 897.51017200946808 185.28861603885889 1654.9449110329151
leaf_count=130 482 474 4608 971 2858 1049 67 793 1111 3686 1420 293 383 765 78660 3227 1148 5162 3562 1600 218 303 1177 741 96387 191 1677 1860 545 1543
internal_value=-6.26703e-05 -0.0215754 0.00510068 0.0129991 0.0376433 0.027225 -0.0296302 0.0160515 0.0237558 -0.030768 -0.0313633 0.0100843 0.00158041 -0.0121148 -0.0327081 0.0435379 -0.00113292 -0.0332608 -0.0154316 -0.00488801 0.0310365 0.0125421 0.0283453 0.00944837 -0.0336108 -0.030872 -0.00453142 -0.0104438 -0.0182849 0.03351
internal_weight=63104.4 40180.9 9318.96 7729.48 22923.5 8289.33 30861.9 5078.95 5411.72 30003 29723.1 858.942 1654.3 2317.76 28285.8 14634.1 2367.14 1589.48 503.902 1437.36 2711.81 887.196 2235.61 874.449 27256.8 17827.2 582.416 1217.65 367.259 3757.42
internal_count=217091 205291 17274 11982 11800 6914 188017 5865 5868 184095 183621 3922 3354 6114 180601 4886 4006 5292 3629 3020 1859 1066 1659 1506 176915 98255 1868 2971 763 2514
is_linear=0
shrinkage=0.03


Tree=15
num_leaves=31
num_cat=0
split_feature=0 1 6 8 0 8 1 6 0 0 8 15 12 4 5 4 5 8 0 0 11 16 16 1 1 12 1 16 16 6
split_gain=53952.3 9205.31 2992.91 2189.62 1511.08 1488.35 1226.83 1196.24 1143.86 833.375 741.843 698.001 695.14 663.82 628.231 568.823 547.459 518.615 497.797 422.258 450.114 810.614 388.141 466.826 367.308 550.664 364.307 419.883 398.46 356.522
threshold=0.63413371304413535 0.41550000000000004 0.0028982753497385732 -1.4999999999999998 0.87287037405845769 94.500000000000014 0.33350000000000007 1.0000000180025095e-35 0.41598422436049826 0.10708522273625105 1.0000000180025095e-35 -0.1110565592999523 1.0000000180025095e-35 -0.29849999999999999 0.40550000000000008 -0.99949999999999994 0.74450000000000005 10.500000000000002 0.29410906822609312 0.012282625214948406 0.89444444444444449 -0.47464824871039363 0.84993746737150866 0.20250000000000004 0.12550000000000003 1.0000000180025095e-35 0.37850000000000006 0.90889579892987082 0.28586536223266906 0.036921011777254958
decision_type=2 2 2 2 2 2 2 2 2 2 2 2 2 2 2 2 2 2 2 2 2 2 2 2 2 2 2 2 2 2
left_child=1 2 15 11 10 7 -5 -3 13 16 14 18 29 -9 22 -1 -7 -10 -4 -15 -21 -22 23 -2 -6 -26 -12 28 -28 -8
right_child=4 5 3 6 24 9 12 8 17 -11 26 -13 -14 19 -16 -17 -18 -19 -20 20 21 -23 -24 -25 25 -27 27 -29 -30 -31
leaf_value=0.031418797599487611 0.025923897339796283 0.031198364814939577 -0.028720407431837895 0.032571113187132378 0.047535456693794269 0.04940101479454842 -0.037486293586091665 -0.0085332905043019498 -0.01865201521867843 0.044830990170210076 0.037613860405289495 -0.028264332819233698 0.033775649168724046 -0.038359141166359245 -0.022454124436664419 -0.037926091035534626 -0.03021128232163528 0.018574415206121523 0.016358644335523264 -0.031293943567360025 0.055310116056340876 -0.025216427127811032 0.036582156448236064 -0.0022603689584405348 0.030530967673062587 0.047645891692579413 0.018853232819778298 0.038688487711418258 -0.034409979048740803 -0.00050928818286977791
leaf_weight=112.67465507984161 1162.587864369154 279.59349904954433 294.11754699796438 3750.0761426240206 7166.9852562248707 93.175765097141266 314.81662490218878 1025.7804621830583 898.85369611531496 354.42153219878674 4293.1809222400188 1155.2652068957686 438.40300387144089 9249.0531205162406 344.27206069231033 1447.9920911565423 405.44792152941227 534.698551222682 852.09975230693817 16981.020607918501 148.77047201991081 432.01895917952061 906.75273987650871 967.4850654900074 4029.1910755187273 2955.774112790823 344.98427377641201 448.68929144740105 195.52228783816099 897.38338183611631
leaf_count=87 910 474 1122 2514 1485 67 1111 3686 2326 293 2054 3948 383 78660 847 5205 3562 694 1044 96387 191 1677 502 1651 2631 607 398 217 498 1860
internal_value=-6.43312e-05 -0.0212065 0.00497521 0.0126533 0.0366903 -0.029183 0.0230913 -0.0303108 -0.0309015 0.00985346 0.0268052 -0.011839 0.00153383 -0.0322472 0.015811 -0.032869 -0.015128 -0.00475719 0.00474665 -0.0331535 -0.0304058 -0.00441115 0.0201668 0.0131374 0.0427348 0.0377907 0.0338293 0.01734 -0.000497729 -0.0101813
internal_weight=62481.1 39665.7 9262.83 7702.16 22815.4 30402.8 5400.68 29549.8 29270.2 853.045 8663.47 2301.48 1650.6 27836.6 3381.1 1560.67 498.624 1433.55 1146.22 26810.9 17561.8 580.789 3036.83 2130.07 14152 6984.97 5282.38 989.196 540.507 1212.2
internal_count=217091 205291 17274 11982 11800 188017 5868 184095 183621 3922 7077 6114 3354 180601 3910 5292 3629 3020 2166 176915 98255 1868 3063 2561 4723 3238 3167 1113 896 2971
is_linear=0
shrinkage=0.03


Tree=16
num_leaves=31
num_cat=0
split_feature=0 1 6 9 8 8 1 1 16 6 0 18 12 0 4 1 5 5 1 18 13 1 15 16 8 0 11 16 15 0
split_gain=51185.8 8834.21 2853.4 2078.3 1483.87 1428.55 1388.26 1201.37 1411.32 1143.68 1112.99 925.835 822.905 787.149 649.99 555.753 519.605 519.369 509.112 654.371 814.62 499.39 495.339 424.844 540.827 420.451 437.206 773.199 396.275 353.324
threshold=0.63413371304413535 0.41550000000000004 0.0028982753497385732 -1.0999999999999999 4.5000000000000009 94.500000000000014 0.33350000000000007 0.17750000000000002 0.82151620803507863 1.0000000180025095e-35 0.41598422436049826 26.500000000000004 1.0000000180025095e-35 0.10708522273625105 -0.29849999999999999 0.25950000000000006 0.74450000000000005 0.27950000000000008 0.24250000000000002 10.500000000000002 1.0000000180025095e-35 0.34450000000000003 -0.30209149441760857 -0.40419777293701753 8.5000000000000018 0.012282625214948406 0.89444444444444449 0.12455246116101117 0.97179308276667231 0.024882550658161268
decision_type=2 2 2 2 2 2 2 2 2 2 2 2 2 2 2 2 2 2 2 2 2 2 2 2 2 2 2 2 2 2
left_child=1 2 15 11 7 9 23 -2 17 -3 14 -4 29 16 -11 -1 -7 -9 -6 -20 21 -21 -12 24 -5 -16 -27 -28 -19 -8
right_child=4 5 3 6 18 13 12 8 -10 10 22 -13 -14 -15 25 -17 -18 28 19 20 -22 -23 -24 -25 -26 26 27 -29 -30 -31
leaf_value=-0.03773666771641801 0.037411606288659964 0.030316064570674265 -0.022887964645938327 -0.0066507844341134733 0.046321414959128053 0.047909120402191106 0.030489611519368687 0.011886806460302603 0.03351186113545377 -0.0083039216208477921 -0.028969710467675363 0.03225811121746875 0.037875266577566194 0.043613495557623269 -0.037958926440408568 0.02915861568884107 -0.029716657054871424 -0.022446601471077771 0.040931576796578967 0.012102770781051141 0.035446950889098418 -0.046928786694004881 0.0081400789967897413 0.036743458702878859 0.039545692816871654 -0.030838637213461022 0.036242812754715366 -0.033640348631554268 0.035756062644998053 -0.017726995804413219
leaf_weight=1412.9642476812005 4532.8330692648888 279.19187551736832 1679.8467719778419 522.85964221507311 8865.144583016634 93.286386780440807 151.97265904396772 1453.4814700484276 2142.5633775219321 1022.6224139407277 490.45190943032503 324.55800114572048 377.49973461776972 353.48330518603325 9068.9304926246405 119.1840767338872 399.9639832302928 922.46869409829378 3386.5151893794537 300.48759996891022 762.81734248995781 221.7466000393033 938.51946146786213 3040.1194044053555 400.55903682112694 16718.809249900281 242.78947257250547 336.11061322689056 116.07896131277084 1176.0873313844204
leaf_count=5160 2043 474 5031 936 1808 67 226 1736 1306 3686 1420 341 280 293 78660 132 3562 2185 1231 338 388 660 1600 1822 193 96387 422 1446 105 3153
internal_value=-6.57795e-05 -0.0208479 0.00485301 0.0123182 0.0357679 -0.0287488 0.0215989 0.0264319 0.015676 -0.0298666 -0.0304528 -0.0139237 -0.00103309 0.0096333 -0.0317993 -0.0324861 -0.0148347 0.000319468 0.0420832 0.034016 0.0157384 -0.0130876 -0.00463076 0.0313312 0.0134514 -0.0327095 -0.0299512 -0.00429575 -0.015857 -0.0121532
internal_weight=61853.9 39149.8 9205.65 7673.5 22704.1 29944.2 5669.1 9167.43 4634.59 29097.4 28818.2 2004.4 1705.56 846.734 27389.3 1532.15 493.25 2492.03 13536.7 4671.57 1285.05 522.234 1428.97 3963.54 923.419 26366.6 17297.7 578.9 1038.55 1328.06
internal_count=217091 205291 17274 11982 11800 188017 6610 7375 5332 184095 183621 5372 3659 3922 180601 5292 3629 4026 4425 2617 1386 998 3020 2951 1129 176915 98255 1868 2290 3379
is_linear=0
shrinkage=0.03


Tree=17
num_leaves=31
num_cat=0
split_feature=0 1 6 8 0 8 6 8 1 16 11 4 8 1 12 18 12 5 15 4 0 1 5 0 16 15 13 16 0 9
split_gain=48594.1 8483.62 3089.85 1605.9 1576 1434.9 1104.18 1075.54 897.341 818.255 777.498 745.852 697.767 695.44 798.251 914.711 690.215 613.622 613.468 586.969 585.494 558.299 492.444 485.544 386.001 518.518 375.48 369.41 359.562 353.822
threshold=0.63413371304413535 0.38650000000000007 0.0028982753497385732 -1.4999999999999998 0.38089045417347583 1.0000000180025095e-35 1.0000000180025095e-35 94.500000000000014 0.088500000000000009 0.86285968518823652 1.0000000180025095e-35 -0.23100000000000001 6.5000000000000009 0.32250000000000006 1.0000000180025095e-35 10.500000000000002 1.0000000180025095e-35 0.19250000000000003 0.29721438724027832 -0.23100000000000001 0.10708522273625105 0.25950000000000006 0.74450000000000005 0.29410906822609312 -0.85190792667680182 0.91281992198303508 1.0000000180025095e-35 0.95354758002065276 0.012282625214948406 -1.6333333333333331
decision_type=2 2 2 2 2 2 2 2 2 2 2 2 2 2 2 2 2 2 2 2 2 2 2 2 2 2 2 2 2 2
left_child=1 2 21 18 6 8 -3 11 -2 17 -5 -8 27 -7 15 -15 19 -10 23 -12 22 -1 -9 -4 -21 -26 -17 -6 -13 -19
right_child=5 4 3 10 12 13 7 20 9 -11 16 28 -14 14 -16 26 -18 29 -20 24 -22 -23 -24 -25 25 -27 -28 -29 -30 -31
leaf_value=-0.037361405846516899 0.040532078116391958 0.029588112892441565 -0.030435533563686099 0.037002174930368739 -0.026198774079155124 0.042586738674954439 -0.013229947016906047 0.046513145750657896 0.019603056366028195 0.032199667797027029 0.025675647108903184 -0.037518038555696215 0.015219412197918496 0.029186655853897053 0.041383065264409602 -0.034426120450924004 0.040040417003914322 -0.026184256247032075 -0.02772955848846341 0.021421675486056672 0.040541403740282971 0.030712629460159895 -0.029171075510865608 0.017743526984444966 -0.037770051698611029 0.01082936329384772 0.01986195508158228 0.018938607710575265 -0.029966622875989262 0.0042818918409444689
leaf_weight=1384.7981043383479 1799.0091783702374 278.2920952886343 240.09585842490196 2370.3366584330797 986.72808729112148 13229.024915575981 1936.8669414073229 93.29323460906744 1399.3140634894371 1644.7038951218128 651.23198018223047 8739.5444211065769 1001.7252401858568 923.63076910376549 1604.8301989734173 405.45798499882221 612.57785557210445 585.46279740333557 801.7615078613162 263.30859141051769 267.13693165779114 115.4014400318265 393.62231830507517 832.7616593837738 536.34009991586208 310.0685328617692 157.13784864544868 193.14484167098999 16631.895514845848 821.06029364466667
leaf_count=5160 650 473 940 1383 2871 3774 7403 67 1268 1006 610 77703 1379 613 526 1072 300 1442 2733 312 269 118 3555 1014 1392 445 155 314 96850 1294
internal_value=-6.6893e-05 -0.020495 0.00675844 0.0155711 -0.0277442 0.0349057 -0.0296354 -0.0302258 0.0226635 0.0154181 0.0248561 -0.0312017 -0.00316929 0.0395887 0.0267291 0.0108541 0.012695 0.00555736 -0.00792763 0.0031305 0.00509969 -0.032074 -0.0144739 0.00690668 -0.0101336 -0.0199911 -0.0192381 -0.0187805 -0.0325719 -0.00842833
internal_weight=61210.6 38640.9 8118.68 6618.48 30522.2 22569.6 28340.7 28062.4 6249.55 4450.54 4743.86 27308.3 2181.6 16320.1 3091.06 1486.23 2373.53 2805.84 1874.62 1760.95 754.052 1500.2 486.916 1072.86 1109.72 846.409 562.596 1179.87 25371.4 1406.52
internal_count=217091 205291 14407 9129 190884 11800 186320 185847 5660 5010 4442 181956 4564 6140 2366 1840 3059 4004 4687 2759 3891 5278 3622 1954 2149 1837 1227 3185 174553 2736
is_linear=0
shrinkage=0.03


Tree=18
num_leaves=31
num_cat=0
split_feature=0 1 4 6 0 8 8 1 6 0 5 0 8 16 4 15 11 15 0 11 16 6 1 16 8 1 3 5 5 18
split_gain=46152.3 8156.5 2603.89 1614.69 1408.6 1330.81 1116.54 1082.57 1053.01 972.273 921.945 909.732 665.881 662.113 622.227 511.957 492.214 455.57 414.458 431.376 734.13 399.463 393.636 794.072 370.23 350.426 344.891 341.563 527.729 603.866
threshold=0.63413371304413535 0.41550000000000004 -0.15099999999999991 0.0028982753497385732 0.91483471542622563 85.500000000000014 -10.499999999999998 0.32250000000000006 1.0000000180025095e-35 0.43576326866327048 0.37950000000000006 0.045158353163129002 6.5000000000000009 0.93115963423977244 -0.29849999999999999 -0.30209149441760857 1.0000000180025095e-35 0.9582128677556857 0.012282625214948406 0.89444444444444449 0.12455246116101117 0.05660805792644371 0.17750000000000002 0.77954675263066597 -8.4999999999999982 0.33350000000000007 0.035000000000000094 0.51050000000000006 0.52050000000000007 4.5000000000000009
decision_type=2 2 2 2 2 2 2 2 2 2 2 2 2 2 2 2 2 2 2 2 2 2 2 2 2 2 2 2 2 2
left_child=1 2 6 -4 10 8 -1 16 -3 14 12 -7 22 17 27 -11 -5 21 -16 -20 -21 -12 -2 24 -24 -8 -18 -10 -29 -30
right_child=4 5 3 7 -6 11 25 -9 9 15 13 -13 -14 -15 18 -17 26 -19 19 20 -22 -23 23 -25 -26 -27 -28 28 29 -31
leaf_value=-0.025479481228952817 0.032341031048682654 0.028747100152494522 -0.03681870654032942 0.032588395959370221 0.041854039462976812 -0.024869700562448072 0.03535795807586941 -0.015400097372218939 -0.042765533710986396 -0.031133205847694752 -0.042276797123012286 0.031905548956898358 0.038900065157852708 0.028532668611200299 -0.037202627803332389 0.0097824248472678857 0.011068183601522587 0.039940537529626292 -0.029992228381473258 0.035696268413945138 -0.032823219451656463 0.00036117036381404526 -0.036701448874009675 0.033725022252756358 0.0079001245590335431 0.012832017315560485 -0.028868604751809843 0.067731194748972254 0.02562578507786074 -0.029930290056155301
leaf_weight=364.88285332918167 2436.3956425786018 277.79078134894371 1359.5069258436561 890.53670787811279 10847.667887806892 467.70110123604536 2465.0470241457224 1924.3246978074312 200.11182811111212 407.89047880470753 367.41557224094868 548.87652417272329 4395.3422151580453 652.31977365165949 8662.2918954417109 830.86034332960844 1012.8364723771811 132.95106279850006 16255.73087541759 243.88396405428648 324.33859315514565 424.1404914110899 183.54633158445358 1345.8917453289032 1639.1224991977215 837.07324888557196 237.77039936929941 90.676076084375381 289.26173170655966 440.34650786966085
leaf_count=1136 1311 472 5191 584 3155 4074 1503 5348 825 1229 1123 1066 1611 422 78138 1377 1494 72 96114 419 1432 750 465 763 2128 1347 671 74 628 2169
internal_value=-6.79071e-05 -0.0201518 0.00464393 -0.00855476 0.0340815 -0.0279148 0.0241611 0.000916979 -0.0291379 -0.0297205 0.0267897 0.0057884 0.0301507 0.00545773 -0.0309344 -0.00373276 0.0155828 -0.0108633 -0.0318542 -0.0290942 -0.00338129 -0.0195149 0.0232724 0.0162752 0.00335573 0.0296646 0.00342433 -0.00793578 0.000685959 -0.00788969
internal_weight=60556.5 38131.7 9091.98 5424.98 22424.8 29039.8 3667 4065.47 28023.2 27745.4 11577.1 1016.58 10000.3 1576.83 26506.6 1238.75 2141.14 924.507 25486.2 16824 568.223 791.556 5604.96 3168.56 1822.67 3302.12 1250.61 1020.4 820.284 729.608
internal_count=217091 205291 17274 13288 11800 188017 3986 8097 182877 182405 8645 5140 6278 2367 179799 2606 2749 1945 176103 97965 1851 1873 4667 3356 2593 2850 2165 3696 2871 2797
is_linear=0
shrinkage=0.03


Tree=19
num_leaves=31
num_cat=0
split_feature=0 1 6 9 8 8 1 1 16 6 0 0 18 12 4 5 4 1 18 13 15 13 8 1 0 16 8 11 16 16
split_gain=43839.3 7835.08 2478.9 1817.78 1376.86 1281.65 1181.35 1058.86 1228.79 1007.55 949.869 859.327 853.954 753.521 636.841 621.532 508.103 484.686 596.687 736.372 438.623 435.788 518.562 435.614 393.062 392.897 487.626 382.897 757.046 343.569
threshold=0.63413371304413535 0.41550000000000004 0.0028982753497385732 -1.0999999999999999 4.5000000000000009 85.500000000000014 0.33350000000000007 0.17750000000000002 0.93532560930767239 1.0000000180025095e-35 0.40535613071903992 0.045158353163129002 26.500000000000004 1.0000000180025095e-35 -0.29849999999999999 0.36550000000000005 -0.012499999999999954 0.24250000000000002 10.500000000000002 1.0000000180025095e-35 -0.30209149441760857 0.35000000000000003 1.0000000180025095e-35 0.34450000000000003 0.012282625214948406 -0.38980799400417654 18.500000000000004 0.89444444444444449 0.12455246116101117 -0.99400824322264747
decision_type=2 2 2 2 2 2 2 2 2 2 2 2 2 2 2 2 2 2 2 2 2 2 2 2 2 2 2 2 2 2
left_child=1 2 16 12 7 9 25 -2 15 -3 14 -7 29 -8 -11 -9 -1 -6 -19 23 -12 22 -22 -20 -16 26 -5 -26 -29 -4
right_child=4 5 3 6 17 11 13 8 -10 10 20 -13 -14 -15 24 -17 -18 18 19 -21 21 -23 -24 -25 27 -27 -28 28 -30 -31
leaf_value=0.023494876513860129 0.034678379114450861 0.027967040999298053 0.030669877447880592 -0.0020728031254889467 0.043668095435842776 -0.024409971898716801 -0.011639679265840542 0.0098169218428753868 0.036477324003237541 -0.0071606662499730384 -0.028500115582252027 0.030932384441389505 0.030835738857988224 0.036255844870263738 -0.036848457952367825 -0.024559546095878612 -0.037106281180095152 0.038219702217565779 0.0098254386335777724 0.032881092508428446 -0.013740141353252662 -0.040963773826899565 0.03417945859284386 -0.045749583479108999 -0.029715330545791171 0.0344437596899747 0.044667834362698541 0.034758955361543005 -0.035584347620663925 -0.025634600750876889
leaf_weight=135.51346565037966 4459.3983439207077 277.06733630597591 101.60876233875751 657.88207583874464 8626.3390488028526 462.35246029496193 1312.503300383687 2527.3473301231861 1494.2883682996035 1000.8459322527051 509.06266415119171 549.24843312054873 325.86003796756268 378.32548865675926 8485.8823401629925 579.32203183323145 1312.8813578784466 3321.1621934100986 299.96273845434189 751.16146138310432 346.08795046806335 149.18475043028593 484.99331893771887 215.99892143905163 15776.477173641324 2984.0287450402975 286.02646712958813 245.41573487222195 305.99282967299223 1548.0772468596697
leaf_count=130 2043 472 175 1062 1808 4074 3379 3121 653 3641 1538 1066 341 280 78138 1558 5162 1231 338 388 875 402 463 660 95518 1801 88 414 1416 4856
internal_value=-6.91837e-05 -0.0198117 0.00452731 0.011389 0.0332856 -0.0275089 0.0200894 0.024263 0.0141521 -0.0287252 -0.0293035 0.00564076 -0.0133493 -0.00087775 -0.0306474 0.003389 -0.0313995 0.0394648 0.0315388 0.0139792 -0.00599404 0.0057449 0.0142466 -0.0135701 -0.0315938 0.0291088 0.0121874 -0.0288565 -0.00425794 -0.0221173
internal_weight=59910.3 37635.3 9042.71 7594.31 22275 28592.6 5618.77 9060.36 4600.96 27581 27303.9 1011.6 1975.55 1690.83 25814.6 3106.67 1448.39 13214.6 4588.29 1267.12 1489.33 980.266 831.081 515.962 24813.8 3927.94 943.909 16327.9 551.409 1649.69
internal_count=217091 205291 17274 11982 11800 188017 6610 7375 5332 182877 182405 5140 5372 3659 179127 4679 5292 4425 2617 1386 3278 1740 1338 998 175486 2951 1150 97348 1830 5031
is_linear=0
shrinkage=0.03


Tree=20
num_leaves=31
num_cat=0
split_feature=0 1 6 8 0 8 6 1 0 8 0 1 4 15 12 0 4 15 13 8 0 1 18 10 11 16 16 2 1 6
split_gain=41670.8 7525.79 2366.12 1727.85 1342.23 1234.58 964.324 928.018 924.915 924.698 811.975 794.584 624.237 613.652 564.351 531.651 490.349 417.992 412.906 485.727 392.934 383.759 553.815 529.511 371.62 716.497 342.242 624.487 444.906 332.739
threshold=0.63413371304413535 0.41550000000000004 0.0028982753497385732 -1.4999999999999998 0.93426326303181395 85.500000000000014 1.0000000180025095e-35 0.33350000000000007 0.40535613071903992 4.5000000000000009 0.045158353163129002 0.47150000000000003 -0.29849999999999999 0.29721438724027832 1.0000000180025095e-35 0.29410906822609312 -0.012499999999999954 -0.30209149441760857 0.35000000000000003 1.0000000180025095e-35 0.012282625214948406 0.12550000000000003 27.500000000000004 -2.0499999999999994 0.89444444444444449 0.12455246116101117 0.88178493492431886 0.078999999999999987 1.1625000000000003 0.036921011777254958
decision_type=2 2 2 2 2 2 2 2 2 2 2 2 2 2 2 2 2 2 2 2 2 2 2 2 2 2 2 2 2 2
left_child=1 2 16 13 9 6 -3 -5 12 11 -7 21 -8 15 29 -4 -1 -10 19 -19 -14 -2 23 -23 26 -26 -22 28 -28 -9
right_child=4 5 3 7 -6 10 8 14 17 -11 -12 -13 20 -15 -16 -17 -18 18 -20 -21 24 22 -24 -25 25 -27 27 -29 -30 -31
leaf_value=0.022807335200553832 0.033206669094575772 0.027216966696183207 -0.029537665564256993 0.028717139943376716 0.041397751597447602 -0.02395866664386534 -0.0069654869152722476 -0.036311541498128729 -0.027997672037875124 0.034116420533851118 0.030001606932018064 -0.028585431858405265 -0.036507762059533287 -0.029225530007165185 0.030412092390364725 0.013997986402101339 -0.036792593367343043 -0.013402046380478797 -0.040144268236597107 0.033000179392913241 -0.031358361300138693 -0.013444193251607789 0.036676331642294994 0.016179826718346699 0.033305854121411474 -0.03517538449806426 -0.030326892313623628 0.022950367882201703 0.0032396127455508574 5.5600004666628788e-05
leaf_weight=135.50118143856525 1581.9907001256943 276.25682856142521 340.23741543292999 3691.128975532949 9078.5403475165367 457.06706646084785 998.14949993789196 300.78233721107244 502.80151189863682 6706.183029986918 549.39012643694878 309.34508249908686 8310.7999236434698 951.38529188930988 441.08491402864456 951.60070016980171 1284.8028596863151 344.27766327559948 147.74631381034851 487.32538291811943 12798.01171631366 668.63672611117363 918.98161706328392 2843.4871433377266 248.52132823318243 300.38381725549698 2019.5914119929075 276.42241395264864 430.47697375714779 889.16360422968864
leaf_count=130 768 472 1380 2514 2376 4074 3641 1111 1538 3147 1066 819 78138 3468 383 1266 5162 875 402 463 80158 1249 398 3043 414 1416 10188 1578 3594 1860
internal_value=-7.00688e-05 -0.0194837 0.00441867 0.011091 0.0325368 -0.0271139 -0.0283237 0.0203955 -0.0288978 0.0263542 0.005498 0.0181086 -0.0302429 -0.0109821 0.00154486 0.00248993 -0.0310705 -0.00584875 0.00557337 0.0138109 -0.0311948 0.0205238 0.0159764 0.0105334 -0.0284414 -0.00415743 -0.029299 -0.0196087 -0.0244325 -0.00920511
internal_weight=59240.1 37132.9 8985.69 7565.38 22107.2 28147.2 27140.8 5322.16 26864.5 13028.6 1006.46 6322.44 25382.4 2243.22 1631.03 1291.84 1420.3 1482.15 979.349 831.603 24384.2 6013.1 4431.11 3512.12 16073.4 548.905 15524.5 2726.49 2450.07 1189.95
internal_count=217091 205291 17274 11982 11800 188017 182877 5868 182405 9424 5140 6277 179127 6114 3354 2646 5292 3278 1740 1338 175486 5458 4690 4292 97348 1830 95518 15360 13782 2971
is_linear=0
shrinkage=0.03


Tree=21
num_leaves=31
num_cat=0
split_feature=0 1 4 6 0 0 10 8 1 8 5 16 8 18 1 10 3 16 0 3 16 16 5 11 16 16 5 1 8 5
split_gain=39606.5 7226.75 2287.65 1425.85 1317.12 1217.5 1489.18 984.361 939.244 822.174 712.828 836.531 599.893 509.682 489.119 482.635 508.142 501.518 452.033 450.07 449.763 446.375 644.408 384.808 650.145 384.463 434.014 362.231 363.197 334.354
threshold=0.63413371304413535 0.41550000000000004 -0.15099999999999991 0.0028982753497385732 0.7975050663989226 0.018599656088281249 23.550000000000004 -10.499999999999998 0.32250000000000006 102.50000000000001 1.6775000000000002 0.90109942435734947 6.5000000000000009 25.500000000000004 0.088500000000000009 1.3875000000000002 -0.04600000000000002 0.90109942435734947 0.45452055726779056 -0.96949999999999992 -0.072736694660599926 0.93532560930767239 0.33050000000000007 0.89444444444444449 0.14525040843017781 -0.85190792667680182 0.31050000000000005 0.55150000000000021 1.0000000180025095e-35 1.0365000000000002
decision_type=2 2 2 2 2 2 2 2 2 2 2 2 2 2 2 2 2 2 2 2 2 2 2 2 2 2 2 2 2 2
left_child=1 2 7 -4 15 -3 9 -1 20 10 18 -12 14 -8 -6 16 -2 -18 19 -7 25 22 -16 29 -25 -5 -27 28 -20 -21
right_child=4 5 3 8 12 6 13 -9 -10 -11 11 -13 -14 -15 21 -17 17 -19 27 23 -22 -23 -24 24 -26 26 -28 -29 -30 -31
leaf_value=-0.024590442145054348 0.020865747196018237 -0.034133277137670635 -0.035859774184564701 0.022683223166173039 0.03988685391983577 0.037628361036183874 0.041059804439313605 0.027785102505944362 -0.014826706031861866 0.019922222987756564 -0.030398787550020873 0.051438172126459986 0.040547185293695394 -0.029782205078135726 0.022436967477657672 0.026334885033795209 -0.021848555468518539 0.025656954656761169 -0.022229929804035594 -0.029964072306188746 0.026328074736147858 0.037913912876165731 -0.018163243566245338 0.036398669667681689 -0.031784502993119419 -0.032110291732487764 0.02802051513501071 -0.038824330058187202 0.019939572972180009 -0.015027110927747068
leaf_weight=355.92226477712393 1124.7385529577732 11615.670512206852 1275.7839246094227 358.2089864090085 2534.4214209914207 94.511735908687115 445.14447072148323 3276.2723156511784 1893.9395218715072 387.51824324578047 209.0883851647377 236.54787895828485 9787.0762425661087 112.49072925746441 3072.4526844918728 2651.1134444400668 712.53940523415804 274.78657141327858 293.40153023600578 11560.167024381459 1197.3280324265361 1396.101867236197 395.02779795974493 223.5806497335434 280.1563780978322 422.68707673251629 142.19651333242655 228.37498376518488 481.1228823363781 1537.5451601073146
leaf_count=1136 1000 104157 5191 449 736 132 1169 2850 5348 1215 2164 379 2551 956 2352 2019 1518 190 840 59525 1073 493 941 330 1075 1116 111 723 636 14716
internal_value=-7.1482e-05 -0.0191669 0.00431377 -0.0082724 0.0317936 -0.0267284 -0.0213772 0.0226367 0.000515236 -0.0231076 -0.0242124 0.0130945 0.0356636 0.0266861 0.0291892 0.0178173 0.00710369 -0.00858944 -0.0253459 -0.0267694 0.0142201 0.0235935 0.0177999 -0.0272251 -0.00148549 -0.00151936 -0.0169057 -0.00588405 0.00394099 -0.0282145
internal_weight=58575.9 36627.7 8922.34 5290.14 21948.3 27705.3 16089.7 3632.19 4014.36 15532 15144.5 445.636 17185.1 557.635 7398 4763.18 2112.06 987.326 14698.9 13696 2120.42 4863.58 3467.48 13601.4 503.737 923.093 564.884 1002.9 774.524 13097.7
internal_count=217091 205291 17274 13288 11800 188017 83860 3986 8097 81735 80520 2543 7073 2125 4522 4727 2708 1708 77977 75778 2749 3786 3293 75646 1405 1676 1227 2199 1476 74241
is_linear=0
shrinkage=0.03


Tree=22
num_leaves=31
num_cat=0
split_feature=0 1 4 6 0 0 10 8 1 8 8 1 5 16 18 0 11 3 1 16 8 11 16 1 8 11 15 5 5 5
split_gain=37648.7 6944.76 2158.12 1377.07 1285.13 1198.77 1417.81 946.885 886.763 864.797 785.574 764.496 682.238 797.291 476.716 438.434 435.851 428.464 405.231 736.426 395.991 372.503 613.214 346.328 342.663 338.894 498.998 327.958 568.243 660.085
threshold=0.63413371304413535 0.41550000000000004 -0.15099999999999991 0.0028982753497385732 0.93426326303181395 0.018599656088281249 23.550000000000004 -3.4999999999999996 0.32250000000000006 6.5000000000000009 102.50000000000001 0.47750000000000004 1.6775000000000002 0.81790227224201573 25.500000000000004 0.45452055726779056 1.0000000180025095e-35 -0.96949999999999992 0.17750000000000002 0.82151620803507863 -8.4999999999999982 0.89444444444444449 0.14525040843017781 0.55150000000000021 1.0000000180025095e-35 0.31666666666666671 -0.98144480685298208 1.0365000000000002 1.3455000000000001 1.3195000000000003
decision_type=2 2 2 2 2 2 2 2 2 2 2 2 2 2 2 2 2 2 2 2 2 2 2 2 2 2 2 2 2 2
left_child=1 2 7 -4 9 -3 10 -1 16 11 12 18 15 -14 -8 17 -5 -7 -2 20 -20 27 -23 24 -17 26 -22 -19 29 -29
right_child=4 5 3 8 -6 6 14 -9 -10 -11 -12 -13 13 -15 -16 23 -18 21 19 -21 25 22 -24 -25 -26 -27 -28 28 -30 -31
leaf_value=-0.0091694733641059633 0.029174405660277292 -0.033774380819610268 -0.035551712916560889 0.030013974550910875 0.03986373677931971 0.036109057438775724 0.039512859129160346 0.02952202830263052 -0.014452742585982347 0.03358335979473525 0.019317671284132969 -0.028417496985100956 -0.038062338961139308 0.044164577636444519 -0.029338294799366386 -0.021782196253460756 0.0023872912720326006 -0.02955429919922593 -0.031291614689050132 0.029331521010989296 0.031958314987363623 0.03489441380214129 -0.031339157099068579 -0.038229916612840781 0.019272057344273352 0.016003368633970741 -0.024536842723550382 -0.010300616071580549 -0.039269958624546908 0.063989353191874099
leaf_weight=705.38195300847292 2657.5546774864197 11390.376146711409 1248.6699429601431 873.86637633293867 8890.6211886107922 95.642151691019535 448.7554721981287 2920.7726059257984 1884.8735169097781 5822.4497232660651 387.74657487869263 303.64041354507208 169.10074639320374 274.34382950514555 110.83755481243134 290.55458626151085 1243.1886563450098 11371.742792740464 259.53559142351151 1684.7365689277649 190.05128133296967 226.30875933170319 275.72341646999121 225.06490486115217 482.92927744984627 1453.3238280117512 517.05476194620132 863.53647987544537 541.91207543760538 119.91093932837248
leaf_count=1828 1463 104157 5191 584 2376 132 1169 2158 5348 2634 1215 813 1956 587 956 840 2165 59525 648 1017 159 330 1075 723 636 1566 1124 8058 6118 540
internal_value=-7.22994e-05 -0.0188434 0.00420389 -0.00808792 0.0310845 -0.026344 -0.0210104 0.0219942 0.00050146 0.0250205 -0.0227242 0.0179533 -0.0238192 0.0127635 0.0257919 -0.0249409 0.0138172 -0.0263602 0.0200471 0.0141208 0.0035081 -0.026814 -0.00145211 -0.00573942 0.0038257 0.00772624 -0.00928158 -0.0278007 -0.0146952 -0.00107544
internal_weight=57930.2 36151.2 8876.75 5250.6 21779 27274.5 15884.1 3626.15 4001.93 12888.3 15324.5 7065.9 14936.8 443.445 559.593 14493.3 2117.06 13494.8 6762.26 4104.7 2419.97 13399.1 502.032 998.549 773.484 2160.43 707.106 12897.1 1525.36 983.447
internal_count=217091 205291 17274 13288 11800 188017 83860 3986 8097 9424 81735 6790 80520 2543 2125 77977 2749 75778 5977 4514 3497 75646 1405 2199 1476 2849 1283 74241 14716 8598
is_linear=0
shrinkage=0.03


Tree=23
num_leaves=31
num_cat=0
split_feature=0 1 6 9 8 0 10 1 18 8 1 5 16 16 1 12 18 12 8 1 12 6 16 18 5 10 1 1 18 0
split_gain=35799.4 6673.99 2056.8 1559.29 1251.76 1180.28 1350.28 981.622 814.935 756.489 745.537 684.513 1077.23 672.067 668.307 816.783 740.049 637.997 525.553 537.528 806.688 568.296 567.079 519.294 507.704 469.841 467.746 460.873 446.335 361.711
threshold=0.63413371304413535 0.41550000000000004 0.0028982753497385732 -1.2249999999999999 1.0000000180025095e-35 0.018599656088281249 23.550000000000004 0.33350000000000007 26.500000000000004 68.500000000000014 0.088500000000000009 1.1415000000000002 0.90109942435734947 0.93532560930767239 0.24250000000000002 1.0000000180025095e-35 11.500000000000002 1.0000000180025095e-35 -1.4999999999999998 0.52150000000000019 1.0000000180025095e-35 0.10734854964481007 0.12455246116101117 27.500000000000004 0.27950000000000008 -13.449999999999998 0.40950000000000003 0.25950000000000006 25.500000000000004 0.11134457348404123
decision_type=2 2 2 2 2 2 2 2 2 2 2 2 2 2 2 2 2 2 2 2 2 2 2 2 2 2 2 2 2 2
left_child=1 2 27 8 10 -3 9 -5 -4 11 -2 18 -13 24 -6 16 -16 -9 -7 20 21 23 -22 -20 -12 -14 -18 -1 -8 -11
right_child=4 5 3 7 14 6 28 17 -10 29 13 12 25 -15 15 -17 26 -19 19 -21 22 -23 -24 -25 -26 -27 -28 -29 -30 -31
leaf_value=-0.03557022133530497 0.035568978470787709 -0.033424950322403418 -0.022231769262493033 0.026485834628881127 0.039540467850023582 -0.032926047004358271 0.038057000062048346 -0.01074141342027677 0.02972199367127697 -0.011086509712958883 0.012952512738420624 -0.022754082334461405 -0.029271981301885075 0.032118936294697691 0.026613942431556906 0.038563970449254643 0.0051369406066878523 0.033165530108825399 -0.031266406469274019 -0.02597778098612032 0.060220875206261307 0.020130248976895422 -0.0093002928485570457 0.038595849182518946 -0.013096593824503825 0.043254856600561012 -0.04506957987724574 0.02622469168130347 -0.028903444391864347 0.030223746448562509
leaf_weight=1221.0886422842741 1723.5702566802502 11167.578625097871 1570.3301415964961 3894.3609690219164 10032.2035176754 5763.3095170855522 452.00833040475845 1317.348968192935 325.73795538395643 445.87475771456957 2288.3686481118202 1049.0094124302268 96.611965611577034 1133.6788267195225 1846.474993377924 2619.3151776194572 799.53210780024529 381.61078148335218 1211.3315010592341 4976.8927774876356 232.49749276787043 294.97468656301498 190.15975845605135 101.4354006126523 950.90022161602974 427.44662090390921 207.94649973511696 117.056306861341 109.19999127835035 328.96674203127623
leaf_count=5160 650 104157 4923 3003 2551 32994 1169 3433 338 2808 2376 10975 979 554 1153 776 1005 285 4953 25376 345 614 499 245 2080 1448 655 132 956 499
internal_value=-7.32461e-05 -0.0185287 0.00409924 0.0102225 0.0304035 -0.0259685 -0.0206524 0.0181902 -0.0132734 -0.0223496 0.0188716 -0.0239091 -0.00522467 0.0122705 0.0349332 0.0264713 0.015344 -0.000838206 -0.0262089 -0.0206724 -0.00764891 -0.0173452 0.0290972 -0.0257926 0.00530065 0.0297938 -0.00532887 -0.030118 0.0249434 0.0065011
internal_weight=57276.8 35674.8 8827.53 7489.39 21602 26847.3 15679.7 5593.32 1896.07 15118.5 6096.52 14343.7 1573.07 4372.95 15505.5 5473.27 2853.95 1698.96 12770.6 7007.29 2030.4 1607.74 422.657 1312.77 3239.27 524.059 1007.48 1338.14 561.208 774.841
internal_count=217091 205291 17274 11982 11800 188017 83860 6721 5261 81735 5660 78428 13402 5010 6140 3589 2813 3718 65026 32032 6656 5812 844 5198 4456 2427 1660 5292 2125 3307
is_linear=0
shrinkage=0.03


Tree=24
num_leaves=31
num_cat=0
split_feature=0 1 6 0 0 11 6 8 8 8 1 15 1 4 0 8 1 0 12 15 1 16 8 16 0 10 18 3 1 16
split_gain=34060 6410.87 2221.04 1361.16 1231.04 1199.42 846.838 864.993 842.831 811.097 708.337 701.286 664.537 653.852 618.866 542.642 463.99 384.329 372.941 416.883 372.69 681.866 369.202 362.131 342.082 357.703 406.757 569.674 497.967 359.094
threshold=0.63413371304413535 0.38650000000000007 0.0028982753497385732 0.38089045417347583 0.93426326303181395 1.0000000180025095e-35 1.0000000180025095e-35 75.500000000000014 3.5000000000000004 6.5000000000000009 0.47750000000000004 0.29721438724027832 0.74050000000000005 -0.23100000000000001 0.10338336018804876 6.5000000000000009 0.25950000000000006 0.29410906822609312 1.0000000180025095e-35 -0.56104845280699933 0.17750000000000002 0.82151620803507863 -8.4999999999999982 -0.38294970334244799 0.011913865657404774 12.211111111111112 23.500000000000004 -1.0000000180025095e-35 0.88450000000000017 0.92636759197280616
decision_type=2 2 2 2 2 2 2 2 2 2 2 2 2 2 2 2 2 2 2 2 2 2 2 2 2 2 2 2 2 2
left_child=1 2 16 6 9 23 -3 13 11 10 20 17 -9 -8 -14 -5 -1 -7 19 -10 -2 22 -22 -4 -15 -26 27 -27 -29 -30
right_child=4 3 5 15 -6 8 7 12 18 -11 -12 -13 14 24 -16 -17 -18 -19 -20 -21 21 -23 -24 -25 25 26 -28 28 29 -31
leaf_value=-0.035276101728787861 0.027787977792340393 0.025409692713608135 0.001738818885184933 -0.016180120240137211 0.038470953093407638 -0.023011165298711365 -0.011365988959371843 0.044836426365154843 -0.029357107191749502 0.032189029126297002 -0.027984936459923799 -0.027749040239239676 -0.028026733747818638 -0.035502864410886584 0.028532272972872575 0.014304220633875129 0.027687339035276703 0.014443021597665345 0.039437805552079451 0.017552068920724889 -0.0306816641316143 0.028009803626952112 0.0071374645799892463 0.03477207111914609 -0.029088798618721295 -0.020341685571780073 -0.033740021070243799 0.067997937891009358 -0.019521332409552877 0.080556268930626201
leaf_weight=1194.7551747187972 2623.5533008873463 272.7045951411128 350.3259399458766 1114.1499173119664 8688.3887822926044 321.40822266787291 1808.9909002631903 218.8573575168848 203.03843000531197 5719.5163883566856 299.63940553367138 989.27549446374178 658.28027747571468 7266.0225714221597 233.64246741682291 989.41301823407412 113.29710812866688 1025.7963293194771 545.54011519253254 989.87428749352694 257.38917028903961 1667.3447350263596 2153.6957511305809 2035.8612282946706 13366.958950258791 570.04843168705702 562.00635714828968 153.80872087180614 181.84359391778708 36.094669058918953
leaf_count=5160 1463 473 555 3185 2376 1081 7290 217 465 2634 813 3216 6204 74797 399 1379 118 1276 218 1151 648 1017 2849 1167 87225 3413 3998 362 1843 99
internal_value=-7.38909e-05 -0.0182207 0.00583471 -0.0250332 0.0297618 0.0130537 -0.0269588 -0.0275317 0.00315619 0.0238059 0.016947 -0.00860908 -0.0016469 -0.0287321 -0.0131649 -0.00184183 -0.0297716 0.00547615 0.0189563 0.00951433 0.0189675 0.0132773 0.00306707 0.0299306 -0.0301495 -0.0275272 -0.0136159 -0.00153808 0.027228 -0.00207783
internal_weight=56611.5 35202 7769.17 27432.8 21409.5 6461.12 25329.3 25056.6 4074.93 12721.1 7001.62 2336.48 1110.78 23945.8 891.923 2103.56 1308.05 1347.2 1738.45 1192.91 6701.98 4078.43 2411.08 2386.19 22136.8 14870.8 1503.8 941.795 371.747 217.938
internal_count=217091 205291 14407 190884 11800 9129 186320 185847 7407 9424 6790 5573 6820 179027 6603 4564 5278 2357 1834 1616 5977 4514 3497 1722 171737 96940 9715 5717 2304 1942
is_linear=0
shrinkage=0.03


Tree=25
num_leaves=31
num_cat=0
split_feature=0 1 4 6 0 0 10 8 1 8 5 16 8 8 1 12 13 6 18 1 10 6 10 16 18 16 5 16 16 5
split_gain=32403.2 6169.21 1910.32 1224.42 1211.23 1152.97 1263.97 843.797 774.578 704.999 660.588 1001.64 570.479 518.489 520.21 760.418 548.085 540.518 501.337 444.041 432.277 471.669 431.639 416.12 407.68 405.782 553.909 401.143 367.565 401.287
threshold=0.63413371304413535 0.41550000000000004 -0.15099999999999991 0.0028982753497385732 0.7975050663989226 0.018599656088281249 23.550000000000004 -10.499999999999998 0.32250000000000006 68.500000000000014 1.1415000000000002 0.90109942435734947 6.5000000000000009 -1.4999999999999998 0.52150000000000019 1.0000000180025095e-35 0.35000000000000003 0.10734854964481007 27.500000000000004 0.088500000000000009 1.3875000000000002 0.057091787649323163 -13.449999999999998 0.47705960184834911 25.500000000000004 0.93532560930767239 0.33050000000000007 -0.072736694660599926 -0.85190792667680182 0.31050000000000005
decision_type=2 2 2 2 2 2 2 2 2 2 2 2 2 2 2 2 2 2 2 2 2 2 2 2 2 2 2 2 2 2
left_child=1 2 7 -4 20 -3 9 -1 27 10 13 -12 19 -7 15 17 -17 18 -15 -6 21 23 -13 -2 -8 26 -21 28 -5 -30
right_child=4 5 3 8 12 6 24 -9 -10 -11 11 22 -14 14 -16 16 -18 -19 -20 25 -22 -23 -24 -25 -26 -27 -28 -29 29 -31
leaf_value=-0.023602883178591508 -0.033193459179518173 -0.032778675709880647 -0.034738223324894055 0.021394609689734653 0.036999128269307104 -0.03226420450165738 0.036607854492824159 0.025476784738816937 -0.01392547336694964 0.0063316604100467407 -0.021932468405275234 -0.02857069915054963 0.037836042032281532 -0.030611344647012612 -0.025230094493662328 0.062942719171193359 -0.004926052405058343 0.019802415940221717 0.037892706971420553 0.02002590968437647 0.023784136104525191 0.01746716132650495 0.04169943649989348 0.0083487007395473475 -0.028138481085746729 0.035123207053653759 -0.017819128067156683 0.024202247931921762 -0.032151021457816564 0.026082724360215036
leaf_weight=346.8777963668108 411.71897122263908 10733.406297162175 1170.1810663565993 357.38339872658253 2432.597126096487 5570.7248708605766 452.93277203291655 3239.3340816572309 1857.9153069257736 768.43591295182705 1020.4377918615937 93.929121389985085 9347.3781647235155 1177.7238657325506 4838.6179171726108 207.65342388302088 217.00787998735905 295.3085460215807 102.146573536098 3018.0359251201153 2604.6072687357664 1216.0707981809974 429.41183207184076 453.21738097816706 105.96044302731752 1350.1651598364115 391.0484471321106 1179.6746340095997 417.11003023386002 140.14711365103722
leaf_count=1136 993 104157 5191 449 736 32994 1169 2850 5348 3307 10975 979 2551 4953 25376 208 636 614 245 2352 2019 1186 1448 529 956 493 941 1073 1116 111
internal_value=-7.44935e-05 -0.0179243 0.00393016 -0.00782532 0.0291248 -0.0252401 -0.0199393 0.0207138 0.000163384 -0.0216215 -0.023162 -0.00464483 0.03294 -0.0254639 -0.0199126 -0.00702837 0.0284696 -0.0166344 -0.0250682 0.0265634 0.0156456 0.00543979 0.0289964 -0.0114722 0.0242479 0.0212095 0.0156729 0.012664 -0.0022482 -0.0174443
internal_weight=55947.2 34722.3 8708.62 5122.41 21224.8 26013.7 15280.3 3586.21 3952.23 14721.4 13953 1543.78 16539.2 12409.2 6838.46 1999.84 424.661 1575.18 1279.87 7191.85 4685.61 2081.01 523.341 864.936 558.893 4759.25 3409.08 2094.32 914.641 557.257
internal_count=217091 205291 17274 13288 11800 188017 83860 3986 8097 81735 78428 13402 7073 65026 32032 6656 844 5812 5198 4522 4727 2708 2427 1522 2125 3786 3293 2749 1676 1227
is_linear=0
shrinkage=0.03


Tree=26
num_leaves=31
num_cat=0
split_feature=1 0 0 6 8 16 15 0 10 6 8 0 4 1 8 4 8 12 0 18 3 16 15 1 10 4 12 5 6 2
split_gain=30905.7 4101.46 4075.76 2183.04 1202.22 935.703 900.742 832.034 815.87 797.307 676.303 613.94 584.095 567.213 539.64 534.003 466.582 454.773 466.087 438.131 396.176 361.195 348.726 343.317 335.43 357.994 317.134 327.674 438.735 566.113
threshold=0.38650000000000007 0.38089045417347583 0.77006793540748053 0.001054092553870516 -1.4999999999999998 0.93115963423977244 0.96462405043018784 0.012282625214948406 25.250000000000004 1.0000000180025095e-35 15.500000000000002 0.4800003930722852 -0.0039999999999999749 0.32250000000000006 -1.4999999999999998 -0.19199999999999987 102.50000000000001 1.0000000180025095e-35 0.026321138934891533 26.500000000000004 0.0064999999999999511 0.82151620803507863 0.51300589688491438 0.20250000000000004 3.8285714285714287 0.08199999999999992 1.0000000180025095e-35 0.51050000000000006 0.23870694734653028 0.0084999999999999538
decision_type=2 2 2 2 2 2 2 2 2 2 2 2 2 2 2 2 2 2 2 2 2 2 2 2 2 2 2 2 2 2
left_child=2 7 3 12 11 6 10 -2 9 -9 -3 -5 -1 20 -4 26 -17 18 -15 24 -6 -20 -10 -22 25 -13 27 -11 29 -29
right_child=1 5 14 4 13 -7 -8 8 22 15 -12 19 -14 17 -16 16 -18 -19 21 -21 23 -23 -24 -25 -26 -27 -28 28 -30 -31
leaf_value=0.023243197328058626 -0.034441766327722771 -0.020517843356124357 0.019759437173533529 -0.019604208288532522 0.029310248327814911 0.025706984782578195 0.035475426314495441 0.02834961219839633 -0.0037789014063702238 -0.037643607936169422 0.012238450172486749 -0.023180843647111347 -0.035307420789118686 0.04437508277481448 0.035480027533733687 -0.027399957280034973 0.0083899918951589204 0.030594764714374063 -0.020776130188154517 0.036341754865581236 0.030534810692565157 0.018339676794213285 0.050279560927649472 -0.016999771741122327 0.021963700166716525 0.026631791980647829 0.022876677545507741 -0.019677270588950881 0.04162143644428138 0.046472145188686247
leaf_weight=175.44903257489204 7685.4227129146457 1874.7412942200899 2318.3601652383804 1128.8243111670017 4331.0124190151691 1358.0020704120398 441.47819603979588 259.23416125774384 273.6702906191349 417.66418037563562 810.48688513785601 574.04420514404774 1120.7781912311912 157.19836180657148 13395.274394273758 13712.457272447646 334.58972360938787 491.59015309810638 799.18242249637842 400.70740747451782 228.5517423376441 286.39965146780014 173.36530568450689 331.04159832000732 401.15122723579407 164.84176743030548 228.87240454554558 1160.7390689253807 144.05078140646219 126.52764831483364
leaf_count=147 81236 5092 1822 3596 2411 1096 305 383 1779 1719 1081 1343 5131 97 4416 92857 1493 293 1947 211 124 354 435 661 416 228 418 5368 304 328
internal_value=-7.51352e-05 -0.0214321 0.0234713 0.00908343 0.0141712 0.00494326 -0.0040909 -0.0262569 -0.022514 -0.0236055 -0.0106283 -0.00282383 -0.027347 0.0210177 0.0331649 -0.0244459 -0.0265459 0.00626345 -0.00341146 0.0094845 0.026243 -0.0104344 0.017381 0.00247383 -2.60605e-05 -0.0120051 -0.0102315 -0.0143601 -0.00750135 -0.0130824
internal_weight=55305.7 29001.3 26304.4 10590.8 9294.55 4484.71 3126.71 24516.6 16831.2 16384.1 2685.23 2669.57 1296.23 6624.98 15713.6 16124.9 14047 1734.37 1242.78 1540.74 4890.61 1085.58 447.036 559.593 1140.04 738.886 2077.85 1848.98 1431.32 1287.27
internal_count=217091 193894 23197 16959 11681 7574 6478 186320 105084 102870 6173 5794 5278 5887 6238 102487 94350 2691 2398 2198 3196 2301 2214 785 1987 1571 8137 7719 6000 5696
is_linear=0
shrinkage=0.03


Tree=27
num_leaves=31
num_cat=0
split_feature=1 0 0 6 8 16 15 0 10 6 8 0 4 1 12 4 8 4 8 18 15 10 4 6 5 1 16 9 15 1
split_gain=29436.5 3951.57 3897.9 2079.61 1137.87 883.545 850.376 826.618 781.401 761.238 640.856 581.674 563.767 548.494 587.033 587.693 528.307 522.17 427.528 413.898 322.339 315.829 337.469 295.431 280.738 276.522 424.403 469.767 270.26 261.798
threshold=0.38650000000000007 0.38089045417347583 0.77006793540748053 0.001054092553870516 -1.4999999999999998 0.93115963423977244 0.96462405043018784 0.012282625214948406 25.250000000000004 1.0000000180025095e-35 15.500000000000002 0.4800003930722852 -0.0039999999999999749 0.24250000000000002 1.0000000180025095e-35 -0.15099999999999991 -1.4999999999999998 -0.23100000000000001 102.50000000000001 26.500000000000004 0.51300589688491438 3.8285714285714287 0.08199999999999992 0.11398026144870481 1.1145000000000003 0.088500000000000009 0.94183387447688605 -4.7333333333333325 -0.92643760798524466 0.12550000000000003
decision_type=2 2 2 2 2 2 2 2 2 2 2 2 2 2 2 2 2 2 2 2 2 2 2 2 2 2 2 2 2 2
left_child=2 7 3 12 11 6 10 -2 9 -9 23 28 -1 -6 15 -15 25 -11 -19 21 -10 22 -13 -3 -20 -4 27 -27 -5 -18
right_child=1 5 16 4 13 -7 -8 8 20 17 -12 19 -14 14 -16 -17 29 18 24 -21 -22 -23 -24 -25 -26 26 -28 -29 -30 -31
leaf_value=0.022610418223167797 -0.034160171850920795 -0.026053193016170321 0.03174724511564659 0.011800298119071713 0.031346646704232033 0.025022660920673841 0.034489178794754771 0.027646228514518617 -0.0036706351676064385 -0.0071413748041119262 0.01186657308133272 -0.022589776823427079 -0.035063350329220012 0.021315952974962211 0.033762874666175592 -0.0050808067416975248 0.039560737186254323 -0.026625245677218218 0.034945778651325532 0.035367468756271316 0.04808513082233392 0.021298219097503387 0.025675059798844217 0.003678283116015701 -0.019157158490024268 -0.042650826055001409 0.038019858948846484 0.010183893402497202 -0.026137611091916074 0.031010074421992082
leaf_weight=175.03857018053532 7518.8594241738319 1485.1824555546045 940.32531967759132 205.29396016895771 2561.8969748094678 1353.4382047355175 440.57867596298456 257.9506246522069 273.38288684934378 1488.7284968048334 810.89704993367195 571.50950998067856 1095.1311869248748 1404.0151385515928 978.43372911214828 1646.423065379262 5904.9558771550655 14059.173121094704 166.12348081171513 399.49422505497932 175.93501782417297 401.36518168449402 165.94920471310616 376.1304215490818 173.52956675738096 182.67049032449722 367.80351823568344 818.90131071209908 914.64951893687248 7332.4755191802979
leaf_count=147 81236 4392 392 429 1258 1096 305 383 1779 5479 1081 1343 5131 1251 464 2914 1235 95480 222 211 435 416 228 700 1306 428 110 892 3167 3181
internal_value=-7.52595e-05 -0.021102 0.0229789 0.00887169 0.0138163 0.00481541 -0.00398632 -0.0259023 -0.0221553 -0.0232417 -0.0103615 -0.00275059 -0.0270809 0.0204964 0.0135787 0.00707775 0.0325202 -0.024073 -0.0258218 0.00921756 0.0167794 -2.45243e-05 -0.0116688 -0.0200489 0.00737874 0.0192403 0.0106014 0.000449102 -0.0191704 0.0348325
internal_weight=54646.2 28579.9 26066.3 10519.2 9249.03 4466.23 3112.79 24113.7 16594.8 16145.5 2672.21 2658.26 1270.17 6590.77 4028.87 3050.44 15547.1 15887.6 14398.8 1538.32 449.318 1138.82 737.459 1861.31 339.653 2309.7 1369.38 1001.57 1119.94 13237.4
internal_count=217091 193894 23197 16959 11681 7574 6478 186320 105084 102870 6173 5794 5278 5887 4629 4165 6238 102487 97008 2198 2214 1987 1571 5092 1528 1822 1430 1320 3596 4416
is_linear=0
shrinkage=0.03


Tree=28
num_leaves=31
num_cat=0
split_feature=1 0 0 6 8 16 0 15 10 6 8 0 4 1 8 4 8 12 0 1 16 9 18 3 1 11 12 5 5 2
split_gain=28042.9 3805.76 3735.29 1981.1 1075.78 834.458 821.757 803.289 748.363 726.762 607.954 551.625 544.331 530.877 524.431 514.894 442.282 411.924 438.703 399.327 423.635 718.475 391.247 373.769 316.228 304.402 301.59 319.861 411.831 473.82
threshold=0.38650000000000007 0.38089045417347583 0.77006793540748053 0.001054092553870516 -1.4999999999999998 0.93115963423977244 0.012282625214948406 0.96462405043018784 25.250000000000004 1.0000000180025095e-35 15.500000000000002 0.4800003930722852 -0.0039999999999999749 0.32250000000000006 6.5000000000000009 -0.19199999999999987 68.500000000000014 1.0000000180025095e-35 0.063480689907490603 0.088500000000000009 0.93532560930767239 -4.4499999999999993 26.500000000000004 0.0064999999999999511 0.20250000000000004 0.64583333333333337 1.0000000180025095e-35 0.51050000000000006 0.52050000000000007 0.0084999999999999538
decision_type=2 2 2 2 2 2 2 2 2 2 2 2 2 2 2 2 2 2 2 2 2 2 2 2 2 2 2 2 2 2
left_child=2 6 3 12 11 7 -2 10 9 -8 -3 -5 -1 23 19 26 -17 18 -15 -4 21 -21 25 -6 -25 -13 27 -11 -29 -30
right_child=1 5 14 4 13 -7 8 -9 -10 15 -12 22 -14 17 -16 16 -18 -19 -20 20 -22 -23 -24 24 -26 -27 -28 28 29 -31
leaf_value=0.021998857027357217 -0.033886460047591223 -0.0196130070203051 0.035313016139649392 -0.018766415063204412 0.028078510970156744 0.024360479718952888 0.026966979288940273 0.033544397789709079 0.016207590430997322 -0.037084758557397325 0.011506851951209054 -0.0095989492454218554 -0.034827412543981077 0.030946386791763661 0.036853552258871401 -0.027086270798091467 -0.0027728148489444245 0.028977982354582463 -0.012713715423714297 -0.030176248671858443 0.036194631421003216 0.019098474336498715 0.034437388973296061 0.029154743793215452 -0.016664769047310839 0.024998096336566192 0.022541465208103944 0.053097653952882858 -0.01734587515599053 0.041732828880261919
leaf_weight=174.59755440801382 7354.7131647542119 1845.9838453903794 2464.1448258757591 1109.9965268820524 4278.4980152323842 1348.6754668280482 256.61043260246515 439.49861589074135 451.36800130456686 407.45331313461065 811.24772112071514 823.92855401337147 1069.87593524158 259.48740223050117 8574.8716488480568 12892.190512634814 711.22620282322168 486.59317493438721 979.59202428162098 290.14071300625801 1102.6761185228825 2939.8716613650322 398.07745519280434 225.06838534027338 331.2597928121686 313.47881424427032 229.40984729677439 92.841805599629879 1189.2138800546527 133.26487635076046
leaf_count=147 81236 5092 770 3596 2411 1096 383 305 2214 1719 1081 1700 5131 256 2230 90325 4025 293 2142 584 341 2313 211 124 661 287 418 112 5515 373
internal_value=-7.51071e-05 -0.0207776 0.0225044 0.00866272 0.0134666 0.00469294 -0.0255514 -0.00388787 -0.0217996 -0.0228806 -0.0101099 -0.00268122 -0.0268211 0.0199764 0.0319112 -0.0237026 -0.025816 0.00567954 -0.00351778 0.0256624 0.0201532 0.0146484 0.00896062 0.0250726 0.00192894 -2.30421e-05 -0.00967651 -0.0137618 -0.00698312 -0.0113116
internal_weight=53985.9 28163.7 25822.2 10450.5 9205.98 4445.41 23718.3 3096.73 16363.6 15912.2 2657.23 2645.48 1244.47 6560.5 15371.7 15655.6 13603.4 1725.67 1239.08 6796.83 4332.69 3230.01 1535.48 4834.83 556.328 1137.41 2052.18 1822.77 1415.32 1322.48
internal_count=217091 193894 23197 16959 11681 7574 186320 6478 105084 102870 6173 5794 5278 5887 6238 102487 94350 2691 2398 4008 3238 2897 2198 3196 785 1987 8137 7719 6000 5888
is_linear=0
shrinkage=0.03


Tree=29
num_leaves=31
num_cat=0
split_feature=1 0 0 6 8 0 16 15 8 6 4 8 4 15 8 1 12 4 11 0 1 16 9 0 6 1 5 5 15 17
split_gain=26720 3666.48 3580.51 1887.98 1018.27 816.968 788.187 758.793 719.363 697.938 609.422 576.092 525.74 523.184 517.673 513.634 542.21 543.141 492.453 400.805 388.886 409.329 677.822 385.02 285.766 270.017 254.892 604.031 303.219 438.546
threshold=0.38650000000000007 0.38089045417347583 0.77006793540748053 0.001054092553870516 -1.4999999999999998 0.012282625214948406 0.93115963423977244 0.96462405043018784 68.500000000000014 1.0000000180025095e-35 -0.19199999999999987 15.500000000000002 -0.0039999999999999749 0.29721438724027832 6.5000000000000009 0.24250000000000002 1.0000000180025095e-35 -0.15099999999999991 0.89444444444444449 0.25540950785228395 0.088500000000000009 0.93532560930767239 -4.4499999999999993 0.045158353163129002 0.11398026144870481 0.27350000000000008 1.0365000000000002 1.0445000000000002 -0.64370555027003795 2.5000000000000004
decision_type=2 2 2 2 2 2 2 2 2 2 2 2 2 2 2 2 2 2 2 2 2 2 2 2 2 2 2 2 2 2
left_child=2 5 3 12 13 -2 7 11 9 -7 18 24 -1 19 20 -6 17 -17 -11 -5 -4 22 -22 -10 -3 -24 -12 -28 -29 -30
right_child=1 6 14 4 15 8 -8 -9 23 10 26 -13 -14 -15 -16 16 -18 -19 -20 -21 21 -23 25 -25 -26 -27 27 28 29 -31
leaf_value=0.02140733033621444 -0.033620117626714498 -0.025162198785238257 0.034695820897427079 -0.03205887031380638 0.030084771729652272 0.025819362593145673 0.023719211260543636 0.03263790757439354 -0.020874704009580202 -0.01531770126404903 -0.028179558683360296 0.011158800943034276 -0.034599136564174272 -0.018008050879038406 0.036279219643634439 0.020286518913523774 0.032333153791563062 -0.0051457358458382426 0.023718765772314129 0.014788199677552709 -0.029242520679409665 0.035540642200333518 0.022680383574848733 0.018583957323595506 0.0041635254738942229 -0.0017012672850539238 0.075723617640110208 -0.03670375804133022 -0.021353229182973759 0.016950293246724962
leaf_weight=174.12937764078379 7193.0594091415405 1457.7602211833 2433.261972874403 184.85552608221769 2522.118916362524 256.43455648422241 1343.7402555495501 438.25614881515503 351.51595427840948 1713.7218156084418 10747.631095468998 811.5434668213129 1045.0223011747003 1130.2524396628141 8451.2247450649738 1395.7706458196044 965.77922594547272 1641.9948287308216 347.39102017134428 1318.5226852744818 290.51263448596001 1089.5324085950851 2438.0004481375217 595.12395369261503 375.0696779191494 490.54726645350456 58.837494432926178 635.55649640411139 1073.4372171536088 356.15318917483091
leaf_count=147 81236 4392 770 834 1258 393 1096 305 2996 7498 67610 1081 5131 3381 2230 1251 464 2914 652 1579 584 341 1608 1671 700 705 323 8290 12464 3187
internal_value=-7.49105e-05 -0.0204571 0.0220476 0.00846191 0.0131316 -0.0252061 0.00457239 -0.0037888 -0.0214497 -0.0230308 -0.0238747 -0.009856 -0.0265669 -0.00261211 0.0313245 0.0194837 0.0127879 0.00654818 -0.00871338 0.00897551 0.0251002 0.0196608 0.014258 0.00391211 -0.019164 0.0185988 -0.0262999 -0.016762 -0.019503 -0.0117952
internal_weight=53326.8 27755.2 25571.5 10378.4 9159.29 23328.9 4426.37 3082.63 16135.8 15189.2 14932.7 2644.37 1219.15 2633.63 15193.1 6525.66 4003.54 3037.77 2061.11 1503.38 6741.85 4308.59 3219.06 946.64 1832.83 2928.55 12871.6 2123.98 2065.15 1429.59
internal_count=217091 193894 23197 16959 11681 186320 7574 6478 105084 100417 100024 6173 5278 5794 6238 5887 4629 4165 8150 2413 4008 3238 2897 4667 5092 2313 91874 24264 23941 15651
is_linear=0
shrinkage=0.03


Tree=30
num_leaves=31
num_cat=0
split_feature=1 0 0 6 8 0 16 15 10 6 4 18 1 1 12 15 4 10 4 8 15 8 16 9 3 18 15 15 5 18
split_gain=25462.3 3531.8 3446.89 1724.61 971.347 811.896 744.602 717.143 701.74 663.327 606.448 599.557 559.962 529.61 513.869 535.669 594.666 513.593 495.333 460.919 397.926 392.351 343.12 470.993 336.99 327.951 299.417 264.14 264.041 245.121
threshold=0.38650000000000007 0.38089045417347583 0.7975050663989226 0.001054092553870516 -1.4999999999999998 0.012282625214948406 0.93115963423977244 0.96462405043018784 25.250000000000004 1.0000000180025095e-35 -0.99949999999999994 26.500000000000004 0.95050000000000001 0.22350000000000003 1.0000000180025095e-35 -0.56104845280699933 -0.028499999999999966 3.4500000000000006 -0.23100000000000001 -1.4999999999999998 -0.77999556313872964 102.50000000000001 0.084151859874432994 10.633333333333335 0.095000000000000001 13.500000000000002 0.51300589688491438 -0.98144480685298208 1.1145000000000003 2.5000000000000004
decision_type=2 2 2 2 2 2 2 2 2 2 2 2 2 2 2 2 2 2 2 2 2 2 2 2 2 2 2 2 2 2
left_child=2 5 3 10 11 -2 7 12 9 -7 -1 17 22 -6 15 27 -17 -5 29 -4 -19 -20 23 -3 -24 -18 -10 -15 -23 -11
right_child=1 6 19 4 13 8 -8 -9 26 18 -12 -13 -14 14 -16 16 25 20 21 -21 -22 28 24 -25 -26 -27 -28 -29 -30 -31
leaf_value=0.025976491652950337 -0.033360666568245406 -0.01379935069424725 0.018140560613520061 -0.018602283995516292 0.030710318825008107 0.025690143648341008 0.023097734949282168 0.031766867227581548 -0.0041245942585801327 0.018062134527259698 -0.033105967059364909 0.026261803838873457 0.038313531175137527 0.01447556378239203 0.031450338126217212 0.020441592193916534 -0.028979382011755178 0.037095053147533676 -0.025564049664572697 0.033529709599198779 -0.007078088408805863 0.033928577815888469 -0.032263635712038587 0.028276566848302501 0.0066311394935480595 0.015885304865507342 0.045535634523596463 -0.028285184261367304 -0.018740565911660009 -0.012519862385775234
leaf_weight=181.23784358799458 7033.9628519043326 848.23694980144501 2058.0011909604073 1510.1879168152809 2372.2734920531511 253.81521163880825 1338.6569100394845 436.86804374307394 273.50366875529289 292.05079283565283 1052.9204906672239 551.3398926332593 199.70365966111422 176.15283025056124 1069.6057715639472 2262.0994744822383 396.62048045545816 317.1228056922555 13398.678925454617 12239.769170641899 428.34693560004234 165.22755569219589 1002.1476211994886 330.15546962618828 249.29180285334587 229.21515315026045 178.47852780669928 477.13427735865116 171.77536679804325 1176.4735531583428
leaf_count=120 81236 2260 1612 4318 1095 383 1096 305 1779 706 5175 433 190 192 511 2053 989 267 95480 4092 974 222 2927 355 441 287 435 1079 1306 4773
internal_value=-7.5014e-05 -0.0201447 0.021601 0.00899243 0.0132066 -0.0248679 0.00445684 -0.00369558 -0.0211076 -0.0221854 -0.0243877 -0.00169713 -0.00961676 0.0191956 0.0132551 0.00773737 0.0132865 -0.0085568 -0.0229895 0.0313189 0.0117865 -0.0247599 -0.0135985 -0.00196888 -0.0245183 -0.0125501 0.0156562 -0.0167417 0.00715386 -0.00641349
internal_weight=52671.1 27349 25322 11024.3 9790.1 22944 4405.06 3066.4 15910 15458 1234.16 2807 2629.54 6983.1 4610.83 3541.22 2887.94 2255.66 15204.2 14297.8 745.47 13735.7 2429.83 1178.39 1251.44 625.836 451.982 653.287 337.003 1468.52
internal_count=217091 193894 23197 17493 12198 186320 7574 6478 105084 102870 5295 5992 6173 6206 5111 4600 3329 5559 102487 5704 1241 97008 5983 2615 3368 1276 2214 1271 1528 5479
is_linear=0
shrinkage=0.03


Tree=31
num_leaves=31
num_cat=0
split_feature=1 0 0 6 8 0 16 15 8 6 4 4 18 1 12 15 4 10 8 11 8 15 0 18 16 5 5 15 17 16
split_gain=24260.6 3401.45 3307.43 1641.79 920.104 807.35 707.115 719.294 680.541 636.889 586.366 584.775 566.079 508.891 490.235 505.165 560.984 486.072 467.61 463.961 452.551 373.932 360.021 309.58 271.661 253.008 565.516 301.247 423.204 1284.01
threshold=0.38650000000000007 0.38089045417347583 0.7975050663989226 0.001054092553870516 -1.4999999999999998 0.012282625214948406 0.90400454738757963 0.96462405043018784 68.500000000000014 1.0000000180025095e-35 -0.19199999999999987 -0.0039999999999999749 26.500000000000004 0.22350000000000003 1.0000000180025095e-35 -0.56104845280699933 -0.028499999999999966 3.4500000000000006 15.500000000000002 0.89444444444444449 -1.4999999999999998 -0.77999556313872964 0.045158353163129002 13.500000000000002 0.46817254931769142 1.0365000000000002 1.0445000000000002 -0.64370555027003795 2.5000000000000004 -0.38980799400417654
decision_type=2 2 2 2 2 2 2 2 2 2 2 2 2 2 2 2 2 2 2 2 2 2 2 2 2 2 2 2 2 2
left_child=2 5 3 11 12 -2 7 18 9 -7 19 -1 17 -6 15 -15 -17 -5 -3 -11 -4 -19 -10 -18 -20 -12 -27 -28 -29 -30
right_child=1 6 20 4 13 8 -8 -9 22 10 25 -13 -14 14 -16 16 23 21 24 -21 -22 -23 -24 -25 -26 26 27 28 29 -31
leaf_value=0.022116935860123817 -0.033107650703549991 -0.019496134262021184 0.017673780421771351 -0.018156602962463443 0.030078509871078102 0.024578941578916737 0.020840994476396115 0.030928733414270184 -0.020292781231958049 -0.014743685737171537 -0.027520255623064427 -0.03347448734897112 0.025547091363245827 -0.016269493806729516 0.030760223953469716 0.019876414258985512 -0.028197324240527854 0.035938865999405441 0.023443091651708381 0.023119211865101259 0.032964183483318157 -0.006878366724152608 0.018138308262561485 0.015418422257760274 -0.013960737066652332 0.072100091909442332 -0.036290149720857853 -0.020647150450559676 0.13621288032391196 -0.0098628757394241436
leaf_weight=202.63478589057922 6877.4779855832458 1691.0944113060832 2049.1982764601707 1501.05370400846 2349.8452300429344 253.55146091431379 1522.5467329472303 435.34974411129951 344.19341962784529 1690.1972648054361 10387.187822043896 1007.5036018267274 549.86760901659727 652.16889457404613 1060.9929584190249 2256.7948881909251 395.49245721101761 317.59394044429064 453.33956477791071 348.99271703511477 12078.758549124002 427.65869043767452 593.19560448080301 229.16289177536964 280.68762212246656 60.697873272001743 611.06800471246243 1045.2755641117692 63.413128845393658 291.67299156636
leaf_count=160 81236 4862 1612 4318 1095 393 1373 305 2996 7498 67610 5135 433 1271 511 2053 989 267 469 652 4092 974 1671 287 565 323 8290 12464 48 3139
internal_value=-7.48083e-05 -0.0198355 0.0211601 0.00878203 0.0128776 -0.024532 0.0043458 -0.00444676 -0.0207672 -0.022342 -0.0231674 -0.0241342 -0.0016522 0.0187262 0.0129043 0.00752145 0.0129175 -0.00833544 -0.0108276 -0.00823928 0.0307506 0.0114394 0.00400734 -0.0121991 0.00914148 -0.0256081 -0.015997 -0.0187589 -0.0110477 0.0171467
internal_weight=52028.7 26949.9 25078.7 10950.8 9740.63 22566.9 4383.02 2860.47 15689.4 14752.1 14498.5 1210.14 2796.17 6944.46 4594.61 3533.62 2881.45 2246.31 2425.12 2039.19 14128 745.253 937.389 624.655 734.027 12459.3 2072.13 2011.43 1400.36 355.086
internal_count=217091 193894 23197 17493 12198 186320 7574 6201 105084 100417 100024 5295 5992 6206 5111 4600 3329 5559 5896 8150 5704 1241 4667 1276 1034 91874 24264 23941 15651 3187
is_linear=0
shrinkage=0.03


Tree=32
num_leaves=31
num_cat=0
split_feature=1 0 0 6 8 0 15 10 16 5 18 1 12 3 18 4 13 10 8 5 8 4 1 13 11 8 3 8 15 10
split_gain=23132.7 3663.31 2491.83 1434.21 1080.74 781.427 775.131 682.771 690.05 865.495 663.947 593.297 803.921 591.797 569.247 561.62 548.174 532.322 489.112 463.585 476.699 446.79 439.423 435.964 404.095 381.508 379.153 378.028 378.011 377.12
threshold=0.41550000000000004 0.7975050663989226 0.41598422436049826 0.001054092553870516 -1.4999999999999998 0.012282625214948406 -0.30209149441760857 12.211111111111112 0.90109942435734947 1.1415000000000002 26.500000000000004 0.24250000000000002 1.0000000180025095e-35 -1.0000000180025095e-35 24.500000000000004 -0.99949999999999994 0.35000000000000003 2.9500000000000006 6.5000000000000009 0.33050000000000007 19.500000000000004 -0.15099999999999991 1.3055000000000001 1.0000000180025095e-35 0.38750000000000007 65.500000000000014 -1.1824999999999997 5.5000000000000009 -0.77999556313872964 -1.0499999999999998
decision_type=2 2 2 2 2 2 2 2 2 2 2 2 2 2 2 2 2 2 2 2 2 2 2 2 2 2 2 2 2 2
left_child=1 3 5 15 10 -2 19 8 26 -10 17 -6 21 25 22 -1 27 -5 -3 -4 -21 23 -15 -13 29 -9 -7 -8 -19 -11
right_child=2 18 6 4 11 7 16 13 9 24 -12 12 -14 14 -16 -17 -18 28 -20 20 -22 -23 -24 -25 -26 -27 -28 -29 -30 -31
leaf_value=0.024597303922702714 -0.032847999997192921 0.023527055008380485 0.033685887732208243 -0.020726665296894715 0.028067354389761642 0.046940236337444839 0.0053445901027380331 -0.023200379806615521 -0.019449988100375279 -0.032448703759238529 0.023706522127274095 0.023148762573469844 0.030820015227252653 0.052503568144516927 -0.028070475729505055 -0.032625514218768928 -0.023951290130386809 0.031369690525580293 0.034729985280431828 -0.039767182576912009 0.0096381545178926484 -0.0058877821357303456 -0.002542376845687486 -0.016945053643164652 0.055609658289122711 0.017977028215994378 -0.026758464497036612 0.032473106162724502 -0.00779882780012554 0.026526547012786016
leaf_weight=179.92185296863317 6709.9496538341045 6305.5863447040319 134.10542660206556 1658.086551129818 2743.9240234941244 60.585386097431183 842.5591679662466 1190.6540046036243 1656.8857735916972 152.40240180492401 630.07517626136541 1259.5130910798907 1301.8031440600753 346.77239359915257 188.1079917550087 1007.597372405231 289.1525476500392 363.29792612791061 8004.6017099916935 616.09206522256136 244.04397434741259 2044.6812040135264 207.79076770693064 300.26195762306452 209.37857539951801 241.54962968826294 10659.238878577948 1025.0615488514304 559.7021661400795 259.42112985998392
leaf_count=121 81155 3840 126 5220 1402 61 1501 6756 9697 1782 577 1047 723 1169 1946 5178 592 382 2211 2225 366 4083 1608 558 816 914 78185 596 1372 882
internal_value=-7.4926e-05 0.0195387 -0.0207267 0.00734766 0.0107715 -0.024318 0.00421244 -0.0205399 -0.0231427 -0.00813469 -0.00383258 0.0169006 0.010642 -0.00497414 0.016715 -0.0239155 0.0143099 -0.0105749 0.0297995 -0.0176687 -0.0257648 0.00333491 0.0319756 0.0154129 0.0219942 -0.0162325 -0.0263289 0.0202625 0.0076698 0.00462491
internal_weight=51392.8 26359.1 25033.8 12048.9 10861.3 21882.7 3151.01 15172.8 12997.9 2278.09 3211.16 7650.18 4906.26 2174.87 742.671 1187.52 2156.77 2581.09 14310.2 994.241 860.136 3604.46 554.563 1559.78 621.202 1432.2 10719.8 1867.62 923 411.824
internal_count=217091 26714 190377 20663 15364 184971 5406 103816 91423 13177 7551 7813 6411 12393 4723 5299 2689 6974 6051 2717 2591 5688 2777 1605 3480 7670 78246 2097 1754 2664
is_linear=0
shrinkage=0.03


Tree=33
num_leaves=31
num_cat=0
split_feature=1 0 0 6 8 0 1 1 10 16 5 3 4 18 0 16 15 12 1 3 1 8 12 15 4 1 18 11 8 10
split_gain=22069.4 3153.12 3042.28 1491.33 821.843 796.065 672.686 706.097 650.72 608.435 851.133 570.408 546.145 525.031 519.324 478.689 572.018 473.19 899.509 558.504 471.691 447.643 445.516 467.324 517.502 404.858 380.243 368.736 367.888 358.554
threshold=0.38650000000000007 0.38089045417347583 0.7975050663989226 0.001054092553870516 -1.4999999999999998 0.012282625214948406 0.95050000000000001 0.55150000000000021 12.211111111111112 0.90109942435734947 1.1415000000000002 -1.0000000180025095e-35 -0.0039999999999999749 24.500000000000004 0.4800003930722852 0.93532560930767239 0.96462405043018784 1.0000000180025095e-35 0.52150000000000019 -0.055000000000000028 0.22350000000000003 -1.4999999999999998 1.0000000180025095e-35 -0.56104845280699933 -0.028499999999999966 1.3055000000000001 26.500000000000004 0.38750000000000007 65.500000000000014 -1.0499999999999998
decision_type=2 2 2 2 2 2 2 2 2 2 2 2 2 2 2 2 2 2 2 2 2 2 2 2 2 2 2 2 2 2
left_child=2 5 3 12 14 -2 7 15 9 17 -11 28 -1 25 -5 16 -3 -7 19 -19 -6 -4 23 -22 -25 -13 -16 29 -10 -12
right_child=1 6 21 4 20 8 -8 -9 11 10 27 13 -14 -15 26 -17 -18 18 -20 -21 22 -23 -24 24 -26 -27 -28 -29 -30 -31
leaf_value=0.0211076894472082 -0.032620252258380292 -0.0082733865725937595 0.016615145549623098 -0.01776841534617905 0.028899497787791401 -0.027651613883667076 0.040706810046552175 -0.030614962152311576 -0.022902560934212304 -0.019794354786917198 -0.032044639034555115 0.050229175185693038 -0.033022155516139164 -0.027452645985654268 0.00020304497940319092 0.023248748682117921 0.030853369334825995 0.054923555490857097 -0.027672248273163391 -0.020448793483030636 -0.015756391449207329 0.031915788137316714 0.029433837424431477 0.019042493271756552 -0.011818693435757541 -0.0024691635812662733 0.032171684574859187 0.052984231347163159 0.017553892055571649 0.025770450570103659
leaf_weight=200.88214901089668 6572.7937932536006 1994.9458927959204 2028.281550347805 1077.0930201783776 2305.3278122246265 9780.4118020385504 406.37612461298704 565.94493180513382 1178.7994137778878 1643.5771144628525 149.77216935157776 352.21441133320332 962.20930901914835 182.64714014530182 1239.7641888558865 971.18146565556526 401.34664168953896 258.62079192698002 664.44629538804293 131.7414263933897 651.74106242507696 11760.449012130499 1043.0569209381938 2245.1216587126255 622.7515569254756 207.62498566508293 455.78339555859566 213.46052226424217 241.75458327680826 259.42853731662035
leaf_count=160 81236 4621 1612 3596 1095 74378 265 1700 6761 9794 1782 1169 5135 1936 2166 723 265 325 4078 647 1271 4092 511 2053 1276 1608 230 814 911 881
internal_value=-7.50419e-05 -0.0192454 0.0203305 0.00840659 0.0122793 -0.0238865 0.00410803 0.000298736 -0.0201201 -0.0226365 -0.00848592 -0.004868 -0.0236429 0.0163994 -0.00150573 0.00551678 -0.0016898 -0.025593 -0.00648123 0.0295246 0.0178427 0.0296692 0.0122408 0.0071248 0.0123357 0.0307762 0.00883824 0.0213156 -0.0159951 0.00453025
internal_weight=50769.5 26177.1 24592.5 10803.7 9640.64 21837.3 4339.8 3933.42 15264.5 13101.5 2266.24 2163.04 1163.09 742.487 2772.64 3367.47 2396.29 10835.2 1054.81 390.362 6868 13788.7 4562.67 3519.61 2867.87 559.839 1695.55 622.661 1420.55 409.201
internal_count=217091 193894 23197 17493 12198 186320 7574 7309 105084 92699 13271 12385 5295 4713 5992 5609 4886 79428 5050 972 6206 5704 5111 4600 3329 2777 2396 3477 7672 2663
is_linear=0
shrinkage=0.03


Tree=34
num_leaves=31
num_cat=0
split_feature=5 0 0 4 6 15 8 0 10 6 16 1 8 4 2 8 1 16 13 6 10 3 9 8 8 5 8 1 2 15
split_gain=21054.3 3892.47 1768.38 1319.75 1016.96 973.577 800.949 718.006 693.024 587.898 585.698 653.675 554.818 445.287 477.247 438.166 435.363 427.188 417.199 414.903 399.592 382.196 376.467 372.674 345.383 297.924 297.816 296.497 292.116 283.887
threshold=0.41150000000000003 0.77006793540748053 0.41598422436049826 -0.12199999999999996 0.001054092553870516 -0.26961153468489046 -3.4999999999999996 0.012282625214948406 25.250000000000004 1.0000000180025095e-35 0.94183387447688605 0.32250000000000006 6.5000000000000009 -0.19199999999999987 0.0084999999999999538 19.500000000000004 0.088500000000000009 0.93894200314753651 0.35000000000000003 0.23870694734653028 -3.0499999999999994 0.035000000000000094 -3.3249999999999997 68.500000000000014 5.5000000000000009 1.5795000000000001 -7.4999999999999991 0.32250000000000006 0.018499999999999964 -0.7610940674112926
decision_type=2 2 2 2 2 2 2 2 2 2 2 2 2 2 2 2 2 2 2 2 2 2 2 2 2 2 2 2 2 2
left_child=1 3 7 6 -5 15 20 -2 9 -9 11 21 16 14 19 -4 -3 22 24 -11 -1 -6 -18 -15 -7 -10 -13 -24 -16 -28
right_child=2 12 5 4 10 18 -8 8 25 13 -12 26 -14 23 28 -17 17 -19 -20 -21 -22 -23 27 -25 -26 -27 29 -29 -30 -31
leaf_value=-0.039870906778439449 -0.032347888538472633 0.032420481755575471 -0.038367053960710253 -0.032744565615340324 0.013823274285221374 0.0039818956563830114 0.021864140134836164 0.024270015919922124 0.027734476868568642 -0.018654666814282628 0.026181388279539728 -0.033645286103766825 0.033408719797562193 -0.02568582916699028 0.077651338015059704 0.009410603812262483 -0.011219830669902345 0.032329359224192104 -0.018831564520509748 0.031220430853829844 0.0029634379269396476 -0.017509955149192215 0.018920876459034602 -0.0027844680641544903 0.033701812016122962 -0.03909560900035032 0.011438233008144252 -0.012031735319826745 0.0024907507404069089 -0.015251757172808064
leaf_weight=243.25914613157511 6365.4549829214811 2302.9057636857033 580.98659272491932 946.13893498107791 1952.9361368119717 593.67100832611322 4356.3915221691132 246.89153344929218 366.50976038724184 1466.3526264354587 713.47497340291739 535.29056309908628 8162.2597763240337 11073.181804120541 82.974385127425194 243.8855846747756 566.9783006310463 1131.4758123159409 269.58755123615265 164.47087531536818 958.87076058238745 424.12466698884964 2522.0324627459049 679.52306404709816 864.44551182538271 68.954725787043571 483.50092923641205 311.01214039325714 101.91102983057499 1366.1572893112898
leaf_count=1009 80463 770 2122 5153 2256 1125 3546 374 1352 6710 868 2999 2432 86141 87 366 909 395 513 343 1908 1017 1790 4006 469 775 1268 583 479 4863
internal_value=-7.52317e-05 0.0179388 -0.0210496 0.00518692 -0.0040766 0.00250222 0.0158853 -0.0239656 -0.0202154 -0.0213905 0.000892315 -0.00291076 0.0281226 -0.0222266 -0.00838201 -0.024258 0.0217975 0.016381 0.0152985 -0.0135766 -0.00578206 0.00821765 0.0110498 -0.0243628 0.0216344 0.016957 -0.0139987 0.0155138 0.0369232 -0.00826777
internal_weight=50145.6 26976.8 23168.8 11980.1 6421.62 2552.58 5558.52 20616.2 14250.8 13815.3 5475.48 4762.01 14996.7 13568.4 1815.71 824.872 6834.4 4531.5 1727.7 1630.82 1202.13 2377.06 3400.02 11752.7 1458.12 435.464 2384.95 2833.04 184.885 1849.66
internal_count=217091 31766 185325 24887 18424 4595 6463 180730 100267 98140 13271 12403 6879 97766 7619 2488 4447 3677 2107 7053 2917 3273 3282 90147 1594 2127 9130 2373 566 6131
is_linear=0
shrinkage=0.03


Tree=35
num_leaves=31
num_cat=0
split_feature=5 0 0 4 15 15 8 0 10 6 3 10 8 4 8 13 8 1 18 8 1 8 10 7 6 16 9 15 1 2
split_gain=20074.6 3741.28 1705.58 1322.76 1068.71 924.25 798.363 714.359 662.55 561.468 555.775 490.932 464.433 435.864 422.624 394.038 371.655 343.852 370.064 338.47 331.491 329.342 323.114 327.568 463.63 320.024 301.057 289.164 284.845 294.47
threshold=0.41150000000000003 0.7975050663989226 0.41598422436049826 -0.12199999999999996 0.29721438724027832 -0.26961153468489046 -1.4999999999999998 0.012282625214948406 25.250000000000004 1.0000000180025095e-35 -0.029000000000000008 -3.0499999999999994 6.5000000000000009 -0.23100000000000001 19.500000000000004 0.35000000000000003 16.500000000000004 0.24250000000000002 27.500000000000004 104.50000000000001 0.088500000000000009 5.5000000000000009 -1.8944444444444442 1.0000000180025095e-35 0.053455952791261419 0.93532560930767239 -3.3249999999999997 0.51300589688491438 0.34450000000000003 -0.1349999999999999
decision_type=2 2 2 2 2 2 2 2 2 2 2 2 2 2 2 2 2 2 2 2 2 2 2 2 2 2 2 2 2 2
left_child=1 3 7 6 17 14 11 -2 9 -9 -6 -1 20 -11 -4 21 -12 -5 22 -15 -3 -7 -19 -24 -25 26 -22 -10 -13 -30
right_child=2 12 5 4 10 15 -8 8 27 13 16 28 -14 19 -16 -17 -18 18 -20 -21 25 -23 23 24 -26 -27 -28 -29 29 -31
leaf_value=-0.03823085105327672 -0.032116403633455949 0.031700276323511058 -0.037912799434826679 0.027080432558297705 0.005111791993050935 0.0038603797642457389 0.022325076383086014 0.023702300623461785 -0.0034818611368644665 -0.0053917494548607441 -0.026073209568328148 0.013453555893673712 0.0331645416827933 -0.024482851424592653 0.009124646840454274 -0.018261902389816013 0.015742537753259931 -0.021246020024763793 0.026076206873208965 0.0071614336463264351 -0.0088534095712383565 0.032915051474891682 0.030218714724639315 -0.017510702559844726 0.021712161088246303 0.031548508211485818 0.016444256272346369 0.046141553318088599 0.022316403812047452 -0.040954546296677885
leaf_weight=283.55525695160031 6221.200338948518 2162.9778741598129 570.50417394936085 712.76374054700136 882.69071398675442 594.07581825554371 4484.1903955116868 245.31680999696255 262.88372766971588 1303.6789460554719 2279.1486630439758 936.00331246107817 7732.6119146868587 11755.221786774695 244.07392580807209 269.74817383289337 206.83759436756372 571.45509684830904 522.4491780102253 311.05665446817875 503.3721336722374 858.71367926895618 355.78128096833825 711.34289045631886 434.28083844482899 1043.9325472712517 2607.0164916068316 173.30693487823009 96.356287144124508 198.15213786810637
leaf_count=1130 80463 736 2122 468 1421 1125 3376 374 1745 5055 10422 1309 2275 91278 366 513 427 2018 675 1433 773 469 640 1899 779 371 2103 382 133 811
internal_value=-7.53174e-05 0.0175676 -0.0207461 0.00574769 -0.00343793 0.00244032 0.0159689 -0.0236478 -0.0198923 -0.0210589 -0.0153253 -0.00286285 0.0282273 -0.0218853 -0.0238371 0.0148866 -0.0225793 0.00867018 0.00358865 -0.0236655 0.0221711 0.0210664 -0.00210867 0.0052031 -0.0026243 0.0171904 0.0123456 0.016415 0.0053604 -0.0202375
internal_weight=49534.7 26724.9 22809.8 12675 6676.75 2537.12 5998.26 20272.7 14051.5 13615.3 3368.68 1514.07 14049.9 13370 814.578 1722.54 2485.99 3308.07 2595.31 12066.3 6317.3 1452.79 2072.86 1501.41 1145.62 4154.32 3110.39 436.191 1230.51 294.508
internal_count=217091 31766 185325 25508 18749 4595 6759 180730 100267 98140 12270 3383 6258 97766 2488 2107 10849 6479 6011 92711 3983 1594 5336 3318 2678 3247 2876 2127 2253 944
is_linear=0
shrinkage=0.03


Tree=36
num_leaves=31
num_cat=0
split_feature=1 0 0 6 0 8 10 1 1 16 5 3 4 18 0 12 1 3 1 8 16 15 12 15 4 1 11 3 8 18
split_gain=19152.4 2817.25 2702.74 1297.16 779.624 712.459 612.453 603.974 651.625 590.454 790.519 538.255 502.778 486.76 471.903 466.649 847.224 508.981 443.081 442.024 430.679 507.863 425.083 443.23 456.587 382.369 349.81 348.34 343.02 342.814
threshold=0.38650000000000007 0.38089045417347583 0.7975050663989226 0.001054092553870516 0.012282625214948406 -1.4999999999999998 12.211111111111112 0.95050000000000001 0.55150000000000021 0.90109942435734947 1.1415000000000002 -1.0000000180025095e-35 -0.0039999999999999749 24.500000000000004 0.4800003930722852 1.0000000180025095e-35 0.52150000000000019 -0.055000000000000028 0.22350000000000003 6.5000000000000009 0.93532560930767239 0.96462405043018784 1.0000000180025095e-35 -0.56104845280699933 -0.028499999999999966 1.3055000000000001 0.38750000000000007 -1.1824999999999997 65.500000000000014 26.500000000000004
decision_type=2 2 2 2 2 2 2 2 2 2 2 2 2 2 2 2 2 2 2 2 2 2 2 2 2 2 2 2 2 2
left_child=2 4 3 12 -2 14 9 8 20 15 -11 28 -1 25 -5 27 17 -17 -7 -4 21 -3 23 -20 -25 -13 -12 -6 -8 -16
right_child=1 7 19 5 6 18 11 -9 -10 10 26 13 -14 -15 29 16 -18 -19 22 -21 -22 -23 -24 24 -26 -27 -28 -29 -30 -31
leaf_value=0.020039488223875305 -0.0319297083136851 -0.0078940695354708934 0.022067412577445614 -0.01712508466281093 0.041402629162100309 0.027534166409082191 -0.022122468022720328 0.038985034865492575 -0.029953620671951352 -0.018756884277031444 0.0046114604311779479 0.048958497873741326 -0.032450117029874138 -0.026653576133086714 0.00020814844184185676 0.053241058041022589 -0.026776626072074962 -0.019481529616139324 -0.01606374715286912 0.033110854117150972 0.022137534548931175 0.029322904356247945 0.028213784299742427 0.017683189257288616 -0.011393283258077544 -0.0024357548987817531 0.052002176346239389 -0.027290754099722113 0.017120925158864975 0.030722215352494961
leaf_weight=198.54649269580841 6137.4899265468121 1971.721733585 5935.0379078388214 1059.357082054019 64.381050139665604 2248.6330709978938 1141.497184112668 395.25822468847036 550.4416268914938 1579.8194373399019 398.99141491949558 353.02205719798803 901.16696376353502 176.44234578311443 1234.5569823682308 260.13473398983479 631.80465940386057 127.20456605404615 649.93662644177675 7331.9478021562099 958.07475304603577 393.21321076154709 1022.4709511324763 2224.8211967721581 619.43463775515556 205.04877240210772 213.6638880521059 9263.076803676784 240.69367524236441 449.94989922642708
leaf_count=160 81236 4621 3605 3596 72 1095 6761 265 1700 9794 2663 1169 5135 1936 2166 325 4078 647 1271 2099 723 265 511 2053 1276 1608 814 74306 911 230
internal_value=-7.50139e-05 -0.0183921 0.0191519 0.00786128 -0.0229489 0.01143 -0.0191822 0.00380501 0.000187743 -0.0217015 -0.00754643 -0.00424874 -0.0229447 0.0164618 -0.00146339 -0.0246979 -0.00540525 0.0293923 0.0166577 0.0281766 0.00520304 -0.00167676 0.0112281 0.0062378 0.0113455 0.0301629 0.0213119 -0.0268035 -0.0152664 0.00839891
internal_weight=48937.8 25062 23875.9 10608.9 20793.3 9509.16 14655.8 4268.71 3873.45 12539.1 2192.47 2116.7 1099.71 734.513 2743.86 10346.6 1019.14 387.339 6765.3 13267 3323.01 2364.93 4516.66 3494.19 2844.26 558.071 612.655 9327.46 1382.19 1684.51
internal_count=217091 193894 23197 17493 186320 12198 105084 7574 7309 92699 13271 12385 5295 4713 5992 79428 5050 972 6206 5704 5609 4886 5111 4600 3329 2777 3477 74378 7672 2396
is_linear=0
shrinkage=0.03


Tree=37
num_leaves=31
num_cat=0
split_feature=5 0 0 4 6 15 8 0 10 16 5 16 1 18 2 0 4 2 8 3 8 2 13 8 15 16 1 1 12 1
split_gain=18269.4 3446.96 1582.35 1198.68 958.619 852.405 736.884 706.766 630.047 652.648 749.965 585.79 618.089 533.344 629.784 555.467 489.641 482.024 456.714 446.097 410.493 380.232 370.049 358.851 338.525 354.883 451.518 328.308 322.944 748.452
threshold=0.41150000000000003 0.7975050663989226 0.41598422436049826 -0.15099999999999991 0.001054092553870516 -0.26961153468489046 -10.499999999999998 0.012282625214948406 12.211111111111112 0.75856762711588999 1.0365000000000002 0.94183387447688605 0.32250000000000006 25.500000000000004 -1.0000000180025095e-35 0.021250387291287885 -0.31449999999999989 0.0019999999999999987 6.5000000000000009 -1.1824999999999997 19.500000000000004 0.035000000000000094 0.35000000000000003 -7.4999999999999991 0.016863832327559832 -0.29217169841433971 0.40950000000000003 0.088500000000000009 1.0000000180025095e-35 0.52150000000000019
decision_type=2 2 2 2 2 2 2 2 2 2 2 2 2 2 2 2 2 2 2 2 2 2 2 2 2 2 2 2 2 2
left_child=1 3 7 6 -5 20 -1 -2 9 19 16 12 21 14 -10 -16 -11 -8 27 -9 -4 -6 -7 -14 25 26 -25 -3 -21 -30
right_child=2 18 5 4 11 22 17 8 13 10 -12 -13 23 -15 15 -17 -18 -19 -20 28 -22 -23 -24 24 -26 -27 -28 -29 29 -31
leaf_value=-0.017800574860297111 -0.031666338433033125 0.030846196509833692 -0.037404617937636365 -0.03138347534383875 0.011304487472240552 0.020277669169493279 0.02275380409251106 0.058559273286797824 -0.015782763025034039 0.037202452887751765 0.012774788022185807 0.024720048473720512 -0.033632429463904177 -0.028737895766613009 -0.036391156908470099 0.033197860353932171 -0.022804474109013533 -0.014117939172245566 0.032259768021723895 -0.028908759188284616 0.009169650837437867 -0.025168538417104858 -0.017919975680938907 0.0030303268256597553 -0.018321986621760662 -0.013107040825429623 0.061349822782005327 0.016262250333476742 0.031363126140814851 -0.029266881098815877
leaf_weight=509.56955951452255 5940.7304562777281 2111.1910527646542 555.73964700102806 897.32215341925621 2596.5259684100747 1439.2361496910453 4398.8924889564514 52.553278863430023 690.07327023893595 126.94517743587494 896.98969738930464 856.73601942881942 560.41335577145219 567.95131704956293 118.4280721694231 700.81765100359917 2196.9633871912956 342.0717748105526 7484.8381433412433 7502.4596517309546 243.53835544735193 282.66265141963959 268.76590959727764 357.43452597409487 1071.2892557568848 468.70038747042418 176.72284241393209 4102.8901554793119 272.51819677650928 544.7353515252471
leaf_count=1564 80463 736 2122 5160 3129 1594 3365 31 4108 213 6419 967 3186 4246 1325 2559 14034 847 2275 62933 366 726 513 708 3961 1437 458 3247 765 3634
internal_value=-7.49705e-05 0.0168649 -0.0201536 0.00548357 -0.00240721 0.00228515 0.0164012 -0.0230223 -0.0192598 -0.0219855 -0.0104958 0.00168712 -0.00190327 -0.00403804 0.00529499 0.0230422 -0.0194828 0.0200862 0.027262 -0.0264003 -0.0232323 0.0077013 0.0142461 -0.0123965 -0.00661846 0.00590104 0.0225599 0.0212295 -0.0269579 -0.00900867
internal_weight=48335.7 26217.3 22118.4 12518.3 7267.81 2507.28 5250.53 19611.2 13670.4 11593.2 3220.9 6370.49 5513.75 2077.27 1509.32 819.246 2323.91 4740.96 13698.9 8372.27 799.278 2879.19 1708 2634.56 2074.15 1002.86 534.157 6214.08 8319.71 817.254
internal_count=217091 31766 185325 25508 19732 4595 5776 180730 100267 88029 20666 14572 13605 12238 7992 3884 14247 4212 6258 67363 2488 3855 2107 9750 6564 2603 1166 3983 67332 4399
is_linear=0
shrinkage=0.03


Tree=38
num_leaves=31
num_cat=0
split_feature=1 0 0 6 0 8 1 1 8 6 4 4 16 16 10 8 15 1 11 12 15 4 1 0 0 1 4 15 15 15
split_gain=17426.2 2615.16 2495.21 1177.2 753.992 653.725 590.643 592.311 569.396 494.58 516.825 473.109 467.131 663.675 600.333 447.078 438.537 420.388 405.321 403.718 416.065 454.013 351.676 401.868 350.142 324.72 314.815 277.369 275.421 273.237
threshold=0.38650000000000007 0.36202023519012677 0.7975050663989226 0.001054092553870516 0.012282625214948406 -1.4999999999999998 0.95050000000000001 0.52150000000000019 68.500000000000014 1.0000000180025095e-35 -0.19199999999999987 -0.0039999999999999749 0.93532560930767239 0.30984702140914105 1.3875000000000002 -1.4999999999999998 0.29721438724027832 0.22350000000000003 0.89444444444444449 1.0000000180025095e-35 -0.41574569974783687 -0.028499999999999966 0.74050000000000005 0.10338336018804876 0.25540950785228395 0.30050000000000004 0.17950000000000008 0.57584406403863253 -0.04918313671719296 0.75947633579021623
decision_type=2 2 2 2 2 2 2 2 2 2 2 2 2 2 2 2 2 2 2 2 2 2 2 2 2 2 2 2 2 2
left_child=2 4 3 11 -2 16 7 12 9 -6 18 -1 13 14 27 -4 24 -7 -11 20 25 -22 -10 -24 -5 -19 28 -3 -23 -9
right_child=1 6 15 5 8 17 -8 29 22 10 -12 -13 -14 -15 -16 -17 -18 19 -20 -21 21 26 23 -25 -26 -27 -28 -29 -30 -31
leaf_value=0.019270583974674484 -0.031490230418968021 -0.028673433155154932 0.013998386327039114 -0.030994689313287919 0.021815963401271371 0.026640745512386863 0.03776028540361262 -0.030425525761073158 0.035421313918902297 -0.013102302498153895 -0.023533018047965527 -0.032041329301501817 0.023462623845425669 -0.024255151229512734 0.026979189120910269 0.029583504761563142 -0.015622963587603246 -0.047761535147383925 0.022722183065207766 0.027338086445125434 0.017678665343712648 0.016446230402631309 -0.024178488668830378 0.024694510200777488 0.013713724958564315 -0.0025113682292952949 0.022560470744735384 0.011995433107753858 -0.039888588227176926 0.014815435334427429
leaf_weight=196.87994229048491 5860.7484338358045 366.39234338700771 1960.8560258746147 174.62905645370483 244.62962516397238 2209.424333460629 400.09984035044909 696.37057209014893 238.58566906303167 1569.921948954463 11062.439891524613 860.07620855793357 928.33789995312691 771.8160482198 819.35366770625114 10968.600126355886 1143.5118283107877 187.06135940551758 344.08350716531277 1007.6371133923531 2134.4366858080029 101.79957803338766 424.56541003286839 231.59567365795374 1408.1368152946234 574.60313876718283 165.24471593648195 252.95858976244926 313.72242621332407 143.16817992925644
leaf_count=160 81236 1206 1612 834 392 1095 294 2297 352 7415 91392 5135 675 2106 935 4092 3491 443 644 511 1938 113 3850 454 1667 1004 184 388 918 258
internal_value=-7.56789e-05 -0.0178393 0.0184076 0.00752337 -0.022441 0.0108932 0.00315677 -0.000349073 -0.018678 -0.0202451 -0.0210429 -0.0224559 0.00564105 -0.00186502 0.010172 0.0272237 -0.0014896 0.0159348 -0.0066366 0.0106459 0.00578886 0.0112842 0.00446966 -0.00689461 0.00873167 -0.0137684 -0.012187 -0.0120855 -0.026068 -0.0226852
internal_weight=47761.7 24355.1 23406.6 10477.2 19976.6 9420.21 4378.5 3978.4 14115.8 13221.1 12976.4 1056.96 3138.86 2210.52 1438.7 12929.5 2726.28 6693.93 1914.01 4484.51 3476.87 2715.2 894.747 656.161 1582.77 761.664 580.767 619.351 415.522 839.539
internal_count=217091 193894 23197 17493 185735 12198 8159 7865 104499 99843 99451 5295 5310 4635 2529 5704 5992 6206 8059 5111 4600 3153 4656 4304 2501 1447 1215 1594 1031 2555
is_linear=0
shrinkage=0.03


Tree=39
num_leaves=31
num_cat=0
split_feature=5 0 0 4 8 6 0 9 18 10 16 5 11 1 18 2 0 16 4 12 3 12 1 13 18 16 15 10 16 0
split_gain=16637.3 3194.39 1535.99 967.962 740.83 719.955 709.952 626.563 597.086 595.919 630.369 706.029 566.324 516.521 507.275 591.071 517.826 502.209 470.777 428.02 422.998 395.296 767.424 392.69 392.375 433.357 391.16 369.42 359.419 342.247
threshold=0.40550000000000008 0.66033148693280064 0.40535613071903992 -0.15099999999999991 5.5000000000000009 0.001054092553870516 0.012282625214948406 -1.4499999999999997 12.500000000000002 12.211111111111112 0.75856762711588999 1.0365000000000002 1.0000000180025095e-35 0.088500000000000009 25.500000000000004 -1.0000000180025095e-35 0.021250387291287885 0.90889579892987082 -0.31449999999999989 1.0000000180025095e-35 -1.1824999999999997 1.0000000180025095e-35 0.52150000000000019 0.35000000000000003 26.500000000000004 -0.94503433850257312 -0.18547951050127989 -2.0499999999999994 -0.6591802582231866 0.4800003930722852
decision_type=2 2 2 2 2 2 2 2 2 2 2 2 2 2 2 2 2 2 2 2 2 2 2 2 2 2 2 2 2 2
left_child=1 3 6 7 13 -5 -2 -1 23 10 20 18 28 -3 15 -11 -17 27 -12 24 -8 -22 26 -4 25 -14 -23 -15 -7 -26
right_child=2 4 8 5 -6 12 9 -9 -10 14 11 -13 19 17 -16 16 -18 -19 -20 -21 21 22 -24 -25 29 -27 -28 -29 -30 -31
leaf_value=-0.012480543599166134 -0.03123726503169897 0.029673083080445917 0.023365185089062542 -0.031647011653381296 0.030050408828725735 -0.025358485634580447 0.056586964111512095 0.020112287787990329 -0.01309625530425558 -0.015265381436268917 0.036660966837736342 0.01274324035378949 0.010863799327541408 -0.011967483666858639 -0.028195697534954642 -0.036010693144731286 0.032191047081325128 0.02790614993079776 -0.022114336050915839 0.019062550144372602 -0.028441574330603545 -0.010641823603541357 -0.028716633567256615 -0.015141296410695365 -0.021635462048467374 -0.021873757129106219 0.0576887585265137 0.011347268288142661 0.024311989007193901 0.034341671058131247
leaf_weight=649.4871492870152 5676.5854508504272 2180.1823976635933 1121.0201394706964 839.62049220502377 8902.1933884546161 149.87822610884905 53.215004026889801 2860.432168468833 1263.6607620939612 677.10667310655117 127.47298458218575 891.28117061406374 438.86946487054229 745.22106176614761 550.11941494047642 114.20731874555349 703.00922432541847 1400.2211916148663 2130.9101477116346 470.48144328594208 7290.0493902601302 123.84826748073101 523.34590092301369 300.25631992518902 148.5714197345078 2083.3675546459854 186.55874382704496 3356.2839968204498 936.3904096968472 278.40687283873558
leaf_count=1908 80520 826 1160 5135 3198 499 31 2562 3352 4102 212 6417 1102 1247 4237 1325 2561 625 14058 560 63257 491 3625 563 579 7922 297 3242 1301 177
internal_value=-7.55174e-05 0.0163908 -0.0193502 0.00184186 0.0241579 -0.00619428 -0.0223441 0.0140757 0.00189094 -0.0185624 -0.0212526 -0.00983635 -0.00143363 0.0173203 -0.00364905 0.00542593 0.0225629 0.0124117 -0.0187526 -0.00742861 -0.0256447 -0.0262041 -0.00660813 0.0152156 -0.0116698 -0.0161713 0.0305849 0.00710545 0.0174077 0.0148488
internal_weight=47172.3 25439.6 21732.6 8855.51 16584.1 5345.59 19047.7 3509.92 2684.94 13371.1 11326.7 3149.66 4505.97 7681.91 2044.44 1494.32 817.217 5501.73 2258.38 3419.7 8177.02 8123.8 833.753 1421.28 2949.22 2522.24 310.407 4101.51 1086.27 426.978
internal_count=217091 30883 186208 21745 9138 17275 181133 4470 5075 100613 88388 20687 12140 5940 12225 7988 3886 5114 14270 10340 67701 67670 4413 1723 9780 9024 788 4489 1800 756
is_linear=0
shrinkage=0.03


Tree=40
num_leaves=31
num_cat=0
split_feature=5 0 0 4 6 0 10 15 8 16 5 18 1 8 4 12 0 3 18 2 2 8 3 3 13 16 12 1 2 7
split_gain=15862 3067.34 1419.38 1029.96 855.078 694.628 672.348 669.549 665.6 604.804 570.194 519.456 529.061 514.343 491.441 471.696 465.238 459.546 448.822 534.156 447.746 412.795 390.123 383.229 365.41 666.991 365.163 415.706 337.595 344.64
threshold=0.41150000000000003 0.7975050663989226 0.40535613071903992 -0.15099999999999991 0.001054092553870516 0.0088162231969116465 16.950000000000003 -0.30209149441760857 -10.499999999999998 0.75856762711588999 1.0365000000000002 27.500000000000004 0.24250000000000002 16.500000000000004 -0.31449999999999989 1.0000000180025095e-35 0.95287792712394592 0.044499999999999991 25.500000000000004 -1.0000000180025095e-35 0.0019999999999999987 80.500000000000014 0.047499999999999994 -1.1824999999999997 1.0000000180025095e-35 -0.98282606361804226 1.0000000180025095e-35 0.17750000000000002 -0.17499999999999985 1.0000000180025095e-35
decision_type=2 2 2 2 2 2 2 2 2 2 2 2 2 2 2 2 2 2 2 2 2 2 2 2 2 2 2 2 2 2
left_child=1 3 5 8 -5 -2 9 15 -1 23 14 12 -6 -14 -11 -4 26 -16 19 21 -10 -8 -19 -7 -25 -26 27 -3 -12 -30
right_child=2 16 7 4 11 6 18 -9 20 10 28 -13 13 -15 17 -17 -18 22 -20 -21 -22 -23 -24 24 25 -27 -28 -29 29 -31
leaf_value=-0.017424686105859528 -0.033129774341083253 0.025307918152873789 -0.033806331161260104 -0.030746159543323444 0.01528804467283649 0.05173498122563891 -0.033281301148842 0.011902005554185632 0.021411180093812633 0.035207618402164624 0.067042892894710215 0.026282403174353593 -0.01090125010251093 0.018129820803004001 -0.02758647248493656 0.022239800666784281 0.032688551514283917 0.088525068046633681 -0.026316012740791712 0.032083573886067328 -0.014278363460995758 0.038576889278600028 -0.0035688899704288415 -0.02854658961202073 0.054478836771858274 -0.018450853327377226 0.032370454740044935 0.0092657426850405802 0.024156911154848488 -0.012270137532883911
leaf_weight=503.46043362468481 4068.7423462532461 2953.92861109972 607.06786838918924 837.28295458853245 1293.2937040701509 55.498528778553009 273.801788110286 1769.4524463042617 4323.5832408890128 144.26656400412321 77.98600398004055 674.84471298009157 3672.1555301472545 642.96906173229218 1990.0343431644142 171.33062165975571 5394.5615445673466 42.769474115222692 362.0939366184175 536.9175662510097 339.2952174693346 94.446177996695042 431.52510876208544 7520.8442886210978 117.04469215869904 1915.8557997755706 1970.9611188769341 2870.5650338828564 403.59072750806808 547.02807725220919
leaf_count=1564 61933 1379 2279 5160 1264 36 2426 2310 3365 252 172 745 11529 1034 12348 246 1548 161 3202 2365 847 181 4118 73067 407 11565 597 2734 2132 6125
internal_value=-7.57408e-05 0.0158622 -0.0192917 0.00507492 -0.00232395 -0.0221703 -0.0190917 0.00170479 0.0152679 -0.0210885 -0.0106566 0.00147635 -0.00152095 -0.00656593 -0.0181096 -0.0214322 0.0259073 -0.0212699 0.00178036 0.0130696 0.0188067 -0.0146887 0.0052399 -0.0250325 -0.0254945 -0.0141778 0.0212039 0.0174105 0.0082421 0.00322252
internal_weight=46607.2 25476.9 21130.3 12286.9 7120.55 18582.4 14513.7 2547.85 5166.34 13246.4 3637.2 6283.26 5608.42 4315.12 2608.6 778.398 13190 2464.33 1267.26 905.166 4662.88 368.248 474.295 9609.24 9553.74 2032.9 7795.45 5824.49 1028.6 950.619
internal_count=217091 31766 185325 25508 19732 180490 118557 4835 5776 110383 25308 14572 13827 12563 16879 2525 6258 16627 8174 4972 4212 2607 4279 85075 85039 11972 4710 4113 8429 8257
is_linear=0
shrinkage=0.03


Tree=41
num_leaves=31
num_cat=0
split_feature=1 0 0 6 0 8 1 1 8 5 18 11 16 8 4 0 1 12 15 4 16 16 9 4 5 5 3 5 0 5
split_gain=15134.8 2340.98 2225.65 1017.17 737.729 581.069 547.155 544.329 535.342 461.143 739.326 515.47 509.104 447.107 434.549 404.837 389.525 374.654 387.123 414.476 363.196 471.424 506.391 354.975 395.5 389.191 340.85 334.941 416.921 324.921
threshold=0.38650000000000007 0.36202023519012677 0.7975050663989226 0.001054092553870516 0.012282625214948406 -1.4999999999999998 0.95050000000000001 0.55150000000000021 68.500000000000014 1.0365000000000002 2.5000000000000004 0.89444444444444449 0.62557835444061249 6.5000000000000009 -0.0039999999999999749 0.4800003930722852 0.22350000000000003 1.0000000180025095e-35 -0.41574569974783687 -0.028499999999999966 0.93532560930767239 0.25643774455882978 1.2250000000000003 -0.29849999999999999 0.51050000000000006 0.53050000000000008 0.095000000000000001 0.74050000000000005 0.086754689935251997 1.0445000000000002
decision_type=2 2 2 2 2 2 2 2 2 2 2 2 2 2 2 2 2 2 2 2 2 2 2 2 2 2 2 2 2 2
left_child=2 4 3 14 -2 15 7 20 9 11 -11 23 -13 -4 -1 -5 -7 18 -18 -20 21 22 -3 24 -6 -26 -23 -10 -29 -12
right_child=1 6 13 5 8 16 -8 -9 27 10 29 12 -14 -15 -16 -17 17 -19 19 -21 -22 26 -24 -25 25 -27 -28 28 -30 -31
leaf_value=0.018289566905431612 -0.030867656314653453 -0.012721356585137669 0.019662244996102342 -0.016314750127544304 -0.039902282978898092 0.025391511009529213 0.036589833370187987 -0.027431176174672681 0.032655367350363111 0.019807904219244415 0.058410109310864634 0.028685680941799647 -0.028478722515311045 0.03110953250485754 -0.031485015752789267 0.0075513841880106456 -0.01371499336906223 0.026114389449830779 0.016645801773226523 -0.012016296772729787 0.019857590982732383 -0.02880372229163039 0.022929967438458862 -0.025182081575051855 0.064253890338832012 -0.0021583792035567415 0.01406162392403554 -0.028261804054415054 0.021822375751015269 -0.019974884283865083
leaf_weight=194.28338918834925 5469.4768265746534 601.70113186538219 5671.4079648256302 1034.54691978544 166.66310065239668 2151.1567564234138 391.32671096175909 572.70921710133553 267.27240984141827 649.21128107979894 46.16232343018055 341.88218357786536 233.35480940714478 6762.8483216762543 801.42207019403577 1665.1901603788137 759.87333711236715 985.24081099033356 2112.1437977850437 575.851901717484 946.28609922528267 710.63914379477501 878.97426392138004 9161.2308347076178 102.45721348375082 320.87142664939165 215.91975535452366 356.34508927166462 253.45773276686668 1656.543573461473
leaf_count=160 81236 1728 3605 3596 806 1095 294 1871 467 4057 338 543 1136 2099 5135 2396 1447 511 1938 1215 766 2121 1033 69254 90 993 346 3598 591 22626
internal_value=-7.55593e-05 -0.0170388 0.017357 0.00702589 -0.0215641 0.0101178 0.0029025 -0.000480481 -0.0178042 -0.019372 -0.00737125 -0.0221023 0.00546851 0.0258943 -0.0217472 -0.00160214 0.0149219 0.00982778 0.00515517 0.0104989 0.00414252 -0.00205211 0.00844593 -0.02373 -0.00116856 0.0142543 -0.0188015 0.00484802 -0.00743995 -0.0177508
internal_weight=46056.5 23342.5 22714 10279.7 19024.9 9284 4317.56 3926.23 13555.5 12678.4 2351.92 10326.5 575.237 12434.3 995.705 2699.74 6584.27 4433.11 3447.87 2688 3353.52 2407.23 1480.68 9751.22 589.992 423.329 926.559 877.075 609.803 1702.71
internal_count=217091 193894 23197 17493 185735 12198 8159 7865 104499 99843 27021 72822 1679 5704 5295 5992 6206 5111 4600 3153 5994 5228 2761 71143 1889 1083 2467 4656 4189 22964
is_linear=0
shrinkage=0.03


Tree=42
num_leaves=31
num_cat=0
split_feature=5 0 0 3 6 8 0 10 18 16 5 0 4 3 15 2 8 1 8 16 12 1 3 3 13 16 8 16 18 13
split_gain=14444.8 2825.28 1322.06 936.298 827.385 744.704 689.76 637.348 629.734 587.883 523.228 466.44 463.43 451.304 420.669 645.993 506.175 410.143 405.28 370.585 361.066 405.626 352.477 346.747 361.639 633.008 330.64 329.303 396.908 328.684
threshold=0.41150000000000003 0.7975050663989226 0.40535613071903992 -0.084500000000000006 0.001054092553870516 -8.4999999999999982 0.0088162231969116465 16.950000000000003 12.500000000000002 0.75856762711588999 1.0365000000000002 0.95287792712394592 -0.31449999999999989 0.044499999999999991 0.24698544666729541 -1.0000000180025095e-35 69.500000000000014 0.22350000000000003 -1.4999999999999998 0.9486438622355079 1.0000000180025095e-35 0.17750000000000002 0.047499999999999994 -1.1824999999999997 1.0000000180025095e-35 -0.98282606361804226 44.500000000000007 -0.98506573393448116 26.500000000000004 0.35000000000000003
decision_type=2 2 2 2 2 2 2 2 2 2 2 2 2 2 2 2 2 2 2 2 2 2 2 2 2 2 2 2 2 2
left_child=1 3 6 18 -5 -6 -2 9 29 23 12 20 -11 -14 16 -16 -9 -7 27 26 21 -3 -15 -8 -25 -26 -10 -1 -29 -4
right_child=2 11 8 4 5 17 7 14 19 10 -12 -13 13 22 15 -17 -18 -19 -20 -21 -22 -23 -24 24 25 -27 -28 28 -30 -31
leaf_value=0.043095453352780207 -0.032809139201733867 0.024423378115519555 0.023002644633708862 -0.029957767734614157 -0.020893198881324394 0.021742439377748876 0.047847439014365001 -0.03359597047862771 -0.031779052071459715 0.034021704709519526 0.0079560385553437054 0.031944730168980591 -0.027036866835272115 0.083339578677196047 -0.021602963598051615 0.04219075648341207 0.023604134411961269 0.0020285287016371363 0.020464550923509739 0.013190857894971264 0.031585058293321498 0.0084399231709958566 -0.0028842058890895229 -0.028039381746535006 0.05276220374785117 -0.017855171050426662 0.025637844844358357 -0.019340989630473173 0.025507491498134471 -0.013078054453903181
leaf_weight=130.39908196032047 3876.1052511483431 2883.6889869570732 1075.8969105556607 822.20132435113192 1084.2143614441156 1202.115016579628 56.644160479307175 429.50330948457122 746.58217705786228 145.78630089759827 1024.6825908571482 5223.4417126774788 1919.976913716644 44.428687296807766 219.64543757215142 397.84868528693914 202.80098066851497 4486.7966723665595 3513.9613633975387 312.70984560996294 1909.8346363604069 2839.3750930950046 423.57813752070069 7245.1390636563301 118.79608565196395 1868.2951105460525 100.35050665587187 662.64443919062614 239.37576200813055 285.73847053945065
leaf_count=99 61933 1379 1101 5201 4788 835 36 4347 2759 252 8429 1548 12348 161 1614 1442 771 10101 2536 338 597 2734 4118 73067 407 11565 112 1765 183 525
internal_value=-7.54454e-05 0.0152302 -0.0187438 0.00485012 -0.00159598 0.00185865 -0.0215972 -0.0185081 0.00159828 -0.0204972 -0.0101168 0.0250298 -0.0174265 -0.0206061 0.00193941 0.0195043 -0.0152252 0.00620351 0.0156131 -0.0146277 0.020287 0.0165021 0.00577985 -0.0244693 -0.0249284 -0.0135602 -0.0249094 -0.000910675 -0.00739412 0.015419
internal_weight=45492.6 24998 20494.5 12141.7 7595.33 6773.13 17973.2 14097.1 2521.28 12847.3 3558.45 12856.3 2533.77 2387.98 1249.8 617.494 632.304 5688.91 4546.38 1159.64 7632.9 5723.06 468.007 9288.87 9232.23 1987.09 846.933 1032.42 902.02 1361.64
internal_count=217091 31766 185325 25508 20925 15724 180490 118557 4835 110383 25308 6258 16879 16627 8174 3056 5118 10936 4583 3209 4710 4113 4279 85075 85039 11972 2871 2047 1948 1626
is_linear=0
shrinkage=0.03


Tree=43
num_leaves=31
num_cat=0
split_feature=5 0 0 6 8 0 10 16 10 1 8 5 15 18 1 18 2 16 1 1 12 1 2 11 13 4 3 11 6 10
split_gain=13770.2 2714.85 1344.57 862.373 888.675 681.231 601.238 583.687 583.23 543.456 528.567 496.029 462.792 561.548 394.115 392.663 489.233 390.096 384.827 384.057 453.63 382.35 400.187 430.359 379.153 366.369 435.659 359.28 341.329 340.908
threshold=0.40550000000000008 0.77006793540748053 0.36202023519012677 0.001054092553870516 -7.4999999999999991 0.0088162231969116465 16.950000000000003 0.75856762711588999 -1.0499999999999998 0.95050000000000001 6.5000000000000009 1.0365000000000002 -0.43783196556866266 11.500000000000002 0.088500000000000009 25.500000000000004 -1.0000000180025095e-35 0.93894200314753651 0.20250000000000004 0.22350000000000003 1.0000000180025095e-35 0.55150000000000021 -0.11799999999999995 0.38750000000000007 0.55000000000000016 -0.31449999999999989 0.044499999999999991 0.89444444444444449 0.10936788071388114 -2.2928571428571423
decision_type=2 2 2 2 2 2 2 2 2 2 2 2 2 2 2 2 2 2 2 2 2 2 2 2 2 2 2 2 2 2
left_child=1 3 5 -1 18 -2 7 27 12 21 14 25 -6 28 -3 16 -8 29 -5 -10 24 22 -4 -24 -21 -9 -27 -7 -14 -16
right_child=2 10 9 4 8 6 15 11 19 -11 -12 -13 13 -15 17 -17 -18 -19 -20 20 -22 -23 23 -25 -26 26 -28 -29 -30 -31
leaf_value=-0.023588290312573493 -0.032650711938600245 0.028659502528495976 -0.045601799693330322 0.010049435977737605 -0.036332622895201998 -0.025204389315597854 -0.01560444832030727 0.029877876249009887 0.025507662674464811 0.036222800088864651 0.029834358650991571 0.0077255579784502757 -0.028037881050471336 0.024912274913478277 -0.015198974892771897 -0.025362646120624433 0.03003207975609545 0.028814981506281982 -0.022079074902512541 0.0082019579670443658 0.028669073501116048 -0.026286546714398781 -0.014575687205912354 0.015803550257537862 -0.025545695527714393 -0.026494865970787092 0.0059480956807646014 0.012136371956500649 0.011848419087023821 0.011689999433858149
leaf_weight=922.38562395051122 3781.6384066157043 2051.9517262279987 144.75733222067356 460.47557139396667 335.72722510620952 8836.5658760108054 343.23863658681512 138.32020605355501 2026.8612567186356 338.23899806290865 7077.1731971725821 1027.2054386325181 519.08004394546151 592.1680220477283 499.69907566905022 342.56223705783486 541.36538408324122 1016.7627773284912 1219.1251807324588 3485.5911830030382 928.40271176770329 545.54770596325397 627.19030126929283 1254.3153440654278 324.85858513042331 1841.1661644913256 465.59495601430535 236.48433333262801 304.26669700443745 2729.670941144228
leaf_count=5298 61961 770 444 762 1132 84373 2593 251 1094 260 2403 8424 1646 837 805 3189 2360 389 5321 6097 554 1811 1665 1890 757 12158 4274 555 614 2404
internal_value=-7.52349e-05 0.0150997 -0.0182382 0.00414371 0.00665856 -0.0213686 -0.0182644 -0.0202243 0.0105916 0.000648048 0.0242046 -0.00975241 -0.00483243 0.00269972 0.0178672 0.00177308 0.0123316 0.0126353 -0.0132686 0.0145844 0.00989916 -0.00406742 0.00194484 0.0056697 0.00530698 -0.0170956 -0.0199474 -0.0242274 -0.0133084 0.00751907
internal_weight=44958.4 24494.2 20464.2 11118.9 10196.6 17554.1 13772.5 12545.3 8516.96 2910.05 13375.3 3472.29 1751.24 1415.51 6298.08 1227.17 884.604 4246.13 1679.6 6765.71 4738.85 2571.81 2026.26 1881.51 3810.45 2445.08 2306.76 9073.05 823.347 3229.37
internal_count=217091 30883 186208 24112 18814 180138 118177 110035 12731 6070 6771 25107 4229 3097 4368 8142 4953 3598 6083 8502 7408 5810 3999 3555 6854 16683 16432 84928 2260 3209
is_linear=0
shrinkage=0.03


Tree=44
num_leaves=31
num_cat=0
split_feature=1 0 0 6 0 9 8 5 5 5 18 8 16 15 8 6 10 4 4 15 2 1 13 16 10 9 2 10 1 12
split_gain=13142 2091.91 1979.45 876.197 724.423 512.25 504.5 679.851 901.392 848.154 773.537 494.459 467.673 461.571 450.449 418.261 431.413 417.657 391.88 390.205 357.993 355.842 302.498 674.206 536.557 448.039 297.68 297.21 292.722 432.706
threshold=0.38650000000000007 0.36202023519012677 0.7975050663989226 0.001054092553870516 0.012282625214948406 38.300000000000004 -1.4999999999999998 1.1595000000000002 1.3375000000000001 1.3195000000000003 1.5000000000000002 -1.4999999999999998 0.93532560930767239 0.96462405043018784 -1.4999999999999998 1.0000000180025095e-35 25.81666666666667 -0.0039999999999999749 -0.59749999999999992 0.6554825355768833 0.18600000000000014 0.32250000000000006 1.0000000180025095e-35 -0.98072573025794729 3.6333333333333337 13.100000000000001 0.22400000000000014 -5.3874999999999993 0.12550000000000003 1.0000000180025095e-35
decision_type=2 2 2 2 2 2 2 2 2 2 2 2 2 2 2 2 2 2 2 2 2 2 2 2 2 2 2 2 2 2
left_child=2 4 3 17 -2 12 7 -6 9 10 -9 19 13 -3 -4 -8 18 -1 -17 27 22 -13 -20 -24 -25 -26 -22 -5 -16 -30
right_child=1 5 14 11 6 -7 15 8 -10 -11 -12 21 -14 -15 28 16 -18 -19 20 -21 26 -23 23 24 25 -27 -28 -29 29 -31
leaf_value=0.018220890329877518 -0.030285006715315071 -0.011509782027017548 0.011116157534118477 -0.030218091872714119 -0.028253502431904547 0.041097421291808954 0.030194312125975748 0.072889504360669641 -0.028370218032943935 0.1191049823091994 -0.021243534488682013 0.018200168431558535 0.016124467212585449 0.02348045201760602 0.032850663843099141 0.031548360656992479 0.020186990376000077 -0.030989258947306787 -0.021213965661797021 -0.019012069137223465 0.073217292885519605 0.0024001056343307754 0.066808279015287075 -0.026618696481607498 0.034377361009153257 -0.0089686904359837939 -0.01090630589209385 0.0099266465547275563 0.015495116792996606 0.032498302256602551
leaf_weight=193.32031155377626 5106.8977077938616 2442.9212458729744 1878.5567502379417 180.9830741584301 4722.5914144478738 287.8413445353508 204.72055621445179 116.89770065248013 463.27294287458062 78.46163434907794 225.27590452879667 4714.5122095271945 1132.0316620543599 391.09921772778034 4496.9676606506109 158.88228019326925 333.49318127706647 750.92365438863635 4450.795104060322 794.61183818429708 70.643319103866816 1763.41254196316 101.71017204970121 1015.9936305359006 305.64068054407835 701.77928648516536 76.523524396121502 1700.0162788257003 3274.6274898648262 2299.0720329582691
leaf_count=160 81236 6628 1612 645 40580 93 205 332 6528 267 3146 3445 1114 324 1205 331 1442 5135 39847 2564 395 2761 228 6598 737 3138 725 2783 2245 642
internal_value=-7.50656e-05 -0.0162646 0.0163645 0.00658306 -0.0207056 0.00266772 -0.0169441 -0.0237366 0.000410548 0.0320851 0.0112694 0.00942283 -0.000150316 -0.00666135 0.0246267 -0.0118043 -0.013008 -0.0208884 -0.0146247 -0.0014256 -0.0157294 0.0139022 -0.016769 -0.00744293 -0.0112687 0.00424507 0.0301309 0.0060221 0.0271428 0.0225224
internal_weight=44434.5 22387.5 22047 10097.8 18133.6 4253.89 13026.7 5606.5 883.908 420.635 342.174 9153.54 3966.05 2834.02 11949.2 7420.18 7215.46 944.244 6881.97 2675.61 6723.09 6477.92 6575.92 2125.12 2023.41 1007.42 147.167 1881 10070.7 5573.7
internal_count=217091 193894 23197 17493 185735 8159 104499 50853 10273 3745 3478 12198 8066 6952 5704 53646 53441 5295 51999 5992 51668 6206 50548 10701 10473 3875 1120 3428 4092 2887
is_linear=0
shrinkage=0.03


Tree=45
num_leaves=31
num_cat=0
split_feature=5 0 0 8 4 6 5 18 1 12 10 0 16 18 8 11 16 6 18 2 12 1 10 2 8 1 18 16 5 5
split_gain=12540 2605.39 1182.68 945.064 815.642 705.094 589.401 737.071 602.828 830.028 579.618 458.844 458.16 456.562 438.856 414.313 724.982 393.459 417.206 358.742 350.716 378.493 342.201 329.102 325.692 315.609 344.176 314.746 953.623 883.242
threshold=0.41750000000000004 0.7975050663989226 0.018599656088281249 68.500000000000014 -0.15099999999999991 0.001054092553870516 0.93950000000000011 7.5000000000000009 0.52150000000000019 1.0000000180025095e-35 -4.0499999999999989 0.95287792712394592 0.13372678447058942 27.500000000000004 -7.4999999999999991 0.78888888888888908 0.62557835444061249 0.12218285476674139 27.500000000000004 0.0019999999999999987 1.0000000180025095e-35 0.17750000000000002 -2.4722222222222219 0.18600000000000014 3.5000000000000004 0.33350000000000007 5.5000000000000009 0.58783829559481704 0.68550000000000011 0.6755000000000001
decision_type=2 2 2 2 2 2 2 2 2 2 2 2 2 2 2 2 2 2 2 2 2 2 2 2 2 2 2 2 2 2
left_child=1 4 27 6 10 -6 8 22 9 17 24 20 -11 14 -7 23 -17 18 -4 25 21 -3 -8 -10 -1 -12 -27 -2 29 -29
right_child=2 11 3 -5 5 13 7 -9 15 12 19 -13 -14 -15 -16 16 -18 -19 -20 -21 -22 -23 -24 -25 -26 26 -28 28 -30 -31
leaf_value=-0.038133277715136776 -0.031563398058822301 0.02319867224001532 -0.02642216552216977 0.015617124390957766 -0.029757444013259297 -0.020281189244195579 -0.015300654851174147 -0.016527710100905958 -0.027021996968090864 0.046563976264601487 0.023027471719270252 0.03087897665805316 -0.0001820722013354404 0.024327187859387717 0.0019577268862455009 0.035087842642404096 -0.034478378028254944 0.015458334808751473 0.018029481090264685 -0.015575144657249469 0.030446803030668584 0.0076067733983623161 0.02794515246574051 0.027618180281990413 0.018081333228809369 -0.034737376457393325 0.011826853550167174 0.0061500309882137685 -0.02703588871731355 0.13489261358959589
leaf_weight=286.24141735583544 5313.5485830381513 2781.723927423358 1711.7557067684829 985.46871959418058 750.02200961112976 959.36661021783948 208.17037878930569 1207.3691899515688 5540.5075797326863 323.27692924439907 3369.2972646728158 4969.3213188946247 447.46072128415108 669.13267972320318 4691.1635539680719 276.89845154806972 257.13436997681856 297.15447172895074 211.59894053265452 291.87374258413911 1842.3592743724585 2829.1169295832515 756.52320574223995 98.723026543855667 134.38125196099281 169.98763357102871 817.99272046238184 243.67685030028224 1415.99430930987 56.810593836009502
leaf_count=1141 80023 1379 8912 3631 5160 4418 2473 15238 42320 477 2285 1549 968 781 10124 487 1403 632 540 749 606 2762 3549 682 145 499 1125 1919 21007 107
internal_value=-7.46935e-05 0.0141544 -0.0181339 -0.0125271 0.00426872 -0.00231665 -0.0149771 -0.000924426 -0.0183063 -0.00724317 0.0134478 0.0238115 0.0195295 0.000952613 -0.00182683 -0.0236608 0.00158654 -0.0165498 -0.0215113 0.0165006 0.0190889 0.0153451 0.0185947 -0.0260513 -0.0201729 0.0186585 0.00373431 -0.027952 -0.0167368 0.0315831
internal_weight=43914.1 24562 19352.1 12322 12139.5 7069.68 11336.6 2172.06 9164.51 2991.25 5069.77 12422.5 770.738 6319.66 5650.53 6173.26 534.033 2220.51 1923.35 4649.15 7453.2 5610.84 964.694 5639.23 420.623 4357.28 987.98 7030.03 1716.48 300.487
internal_count=217091 32723 184368 81312 26427 20483 77681 21260 56421 11529 5944 6296 1445 15323 14542 44892 1890 10084 9452 4658 4747 4141 6022 43002 1286 3909 1624 103056 23033 2026
is_linear=0
shrinkage=0.03


Tree=46
num_leaves=31
num_cat=0
split_feature=5 0 0 8 12 1 6 18 2 5 18 1 12 0 4 16 11 16 6 18 10 12 1 8 0 16 16 10 16 10
split_gain=11950.7 2504.27 1161.98 899.056 802.009 689.058 831.544 600.755 576.076 566.488 696.801 587.228 785.001 453.361 428.768 423.528 401.388 685.688 375.154 399.057 356.573 343.645 365.7 341.701 421.999 335.439 599.197 325.713 504.872 320.164
threshold=0.41750000000000004 0.7975050663989226 0.018599656088281249 68.500000000000014 1.0000000180025095e-35 0.32250000000000006 0.001054092553870516 27.500000000000004 0.023000000000000079 0.93950000000000011 7.5000000000000009 0.52150000000000019 1.0000000180025095e-35 0.95287792712394592 -0.0029999999999999745 0.13372678447058942 0.78888888888888908 0.62557835444061249 0.12218285476674139 27.500000000000004 -5.7888888888888879 1.0000000180025095e-35 0.17750000000000002 -7.4999999999999991 0.07873429128754876 -0.38294970334244799 -0.94503433850257312 2.9500000000000006 0.17211590638724653 -2.4722222222222219
decision_type=2 2 2 2 2 2 2 2 2 2 2 2 2 2 2 2 2 2 2 2 2 2 2 2 2 2 2 2 2 2
left_child=1 4 -2 9 5 6 14 23 20 11 29 12 18 21 -1 -14 -13 -18 19 -4 -8 22 -3 -7 -25 26 -22 -26 -29 -11
right_child=2 13 3 -5 -6 7 8 -9 -10 10 -12 16 15 -15 -16 -17 17 -19 -20 -21 25 -23 -24 24 27 -27 -28 28 -30 -31
leaf_value=0.020445106545505617 -0.027712685384548529 0.022778786145930006 -0.026006618278463574 0.015131167827030015 0.023484580845755436 -0.032271715027563784 -0.021405851371398582 0.022521666142692808 -0.020031990856023245 -0.014993080142802347 -0.016213999429900879 -0.025742442090761895 0.044604694591529721 0.030504442704529171 -0.030536638519321129 -0.00017664617515228379 0.033675055753882362 -0.034175780738364504 0.014931287188327997 0.01741791007702604 0.027415754520935073 0.030052535433121867 0.0073971026286297733 0.016020729246062272 -0.024160531689597104 0.020297135033649518 -0.013738461066162845 0.020045825335255164 -0.026916508685872382 0.026971378392058928
leaf_weight=185.19399981945753 6880.6075810678303 2748.5714403390884 1687.3539814390242 986.68219237774611 1663.3213556855917 699.15334041416645 242.30821414291859 468.27076766639948 488.10489317029715 206.15999716520309 1194.0692613497376 5537.2605256177485 327.41925045847893 4880.8057097643614 710.77348259463906 447.46091348305345 279.93797199428082 251.73709619045258 298.4991695471108 212.54824932292104 526.81158694624901 1811.0489276200533 2822.2202152088284 500.43572502955794 1263.4266799725592 3702.8098116964102 795.06145436316729 478.91538535431027 356.88403799757361 760.36989452317357
leaf_count=137 103056 1379 8912 3631 1343 4197 648 694 1158 2473 15238 43002 477 1549 5108 968 487 1403 632 540 427 606 2762 2246 4302 2968 1450 739 1010 3549
internal_value=-7.4804e-05 0.0138554 -0.017857 -0.0122882 0.00415983 0.00106864 0.00687414 -0.00917869 0.0110609 -0.0147066 -0.000904093 -0.0180032 -0.00707109 0.0234044 -0.0199658 0.0188444 -0.023353 0.00153759 -0.0162189 -0.0211288 0.0139521 0.0186995 0.0149944 -0.013695 -0.0086675 0.0156689 0.00268784 -0.0145674 -3.15096e-05 0.0180017
internal_weight=43414.2 24344.1 19070.1 12189.5 12081.5 10418.1 6651.06 3767.09 5755.1 11202.8 2160.6 9042.22 2973.28 12262.6 895.967 774.88 6068.94 531.675 2198.4 1899.9 5266.99 7381.84 5570.79 3298.82 2599.66 5024.68 1321.87 2099.23 835.799 966.53
internal_count=217091 32723 184368 81312 26427 25084 11896 13188 6651 77681 21260 56421 11529 6296 5245 1445 44892 1890 10084 9452 5493 4747 4141 12494 8297 4845 1877 6051 1749 6022
is_linear=0
shrinkage=0.03


Tree=47
num_leaves=31
num_cat=0
split_feature=0 1 0 6 0 8 1 5 9 12 1 18 17 16 15 16 15 10 2 10 12 1 15 3 10 1 11 16 0 6
split_gain=11410 2799.29 1029.99 887.104 835.994 780.128 823.022 805.779 611.339 557.574 695.384 539.07 721.775 626.943 478.674 517.045 525.334 454.069 409.68 397.289 840.663 476.177 393.875 381.713 375.778 373.739 348.082 327.724 330.567 315.663
threshold=0.66033148693280064 0.36250000000000004 0.018599656088281249 0.001054092553870516 0.95287792712394592 -1.4999999999999998 1.2155000000000002 1.3375000000000001 -1.0999999999999999 1.0000000180025095e-35 0.20250000000000004 18.500000000000004 2.5000000000000004 0.90400454738757963 0.95517121453263643 0.77345568691932931 -0.98144480685298208 25.81666666666667 -0.63349999999999984 -1.6833333333333331 1.0000000180025095e-35 0.52150000000000019 0.70109732134918656 0.075999999999999984 8.8166666666666682 0.25950000000000006 1.0000000180025095e-35 -0.6131339418092504 0.049861863101669297 1.0000000180025095e-35
decision_type=2 2 2 2 2 2 2 2 2 2 2 2 2 2 2 2 2 2 2 2 2 2 2 2 2 2 2 2 2 2
left_child=1 3 -3 25 9 6 -4 11 22 10 -2 12 13 -8 15 16 -12 18 -7 -20 23 -22 -5 29 -18 -1 -10 -25 -29 -21
right_child=4 2 5 8 -6 17 7 -9 26 -11 14 -13 -14 -15 -16 -17 24 -19 19 20 21 -23 -24 27 -26 -27 -28 28 -30 -31
leaf_value=-0.031406845638856956 0.020546328401216667 -0.027102940830826736 -0.026153339886632956 0.002179561307600524 0.030075585664747415 0.045132959345003131 -0.03475239897535156 -0.024240776107044892 0.024755315454097919 0.02724587139514556 0.019260371900850091 -0.034533289085521113 0.15465826143082734 0.07554154228695352 0.02316751359736564 0.011650909522291957 -0.025068396257054142 0.02521235749022447 -0.021254528960159044 0.029274657130282249 0.038049656547712335 -0.011217109038724823 -0.034135803452984281 -0.036017565251074697 0.0099272384233600186 0.033065677581491093 0.0073665835666909809 -0.025774343629531828 0.030416375257125334 -0.015070220948623566
leaf_weight=712.43569979444146 4133.6342779099941 6846.428544126451 4627.9873899258673 920.17661989480257 4861.1636445224285 122.93733159825206 71.516807597130537 298.20150580629706 1870.8343408405781 2665.1557927131653 419.54171480238438 60.621057458221912 57.239907465875149 121.95224813744426 909.0305307507515 1633.172914288938 1377.4599213823676 372.70584005117416 1917.4707973413169 147.02771446853876 561.08760366588831 255.35247775912285 376.52494937926531 112.13400611281395 343.45690731704235 88.775330837816 2325.7635728120804 115.05635862052441 472.6185520850122 4111.0623114220798
leaf_count=5155 2386 104337 36041 1951 1587 103 1079 4023 1161 1118 445 934 18 229 567 1556 3008 1149 13816 125 591 1352 1484 1245 349 60 3058 1662 1707 24795
internal_value=-7.47103e-05 -0.0122079 -0.0176338 0.00526623 0.0196472 -0.0127998 -0.0218391 0.0108854 0.00956992 0.0152252 0.0115833 0.0444406 0.0637189 0.0348627 0.00366312 -0.00104997 -0.0107435 -0.00701156 -0.00855749 -0.00943288 -0.0054983 0.0226562 -0.00841983 -0.0101455 -0.0180789 -0.0241665 0.0151306 0.0103541 0.0193402 -0.0135195
internal_weight=42908.5 26565.9 20271.4 6294.51 16342.6 13425 5237.52 609.532 5493.3 11481.5 8816.3 311.33 250.709 193.469 4682.66 3773.63 2140.46 8187.45 7814.75 7691.81 5774.34 816.44 1296.7 4957.9 1720.92 801.211 4196.6 699.809 587.675 4258.09
internal_count=217091 206075 193206 12869 11016 88869 42324 6283 7654 9429 8311 2260 1326 1308 5925 5358 3802 46545 45396 45293 31477 1943 3435 29534 3357 5215 4219 4614 3369 24920
is_linear=0
shrinkage=0.03


Tree=48
num_leaves=31
num_cat=0
split_feature=5 0 0 8 12 1 6 18 2 1 18 1 12 11 8 16 4 16 6 18 10 16 5 13 8 0 16 16 10 16
split_gain=10883.3 2305.98 1115.34 842.339 733.594 622.459 753.367 561.825 537.096 532.838 613.714 537.414 708.063 471.452 460.526 436.959 401.336 380.644 357.575 382.139 332.306 331.915 942.438 818.075 328.234 398.681 311.555 568.95 308.25 479.293
threshold=0.41750000000000004 0.7975050663989226 0.018599656088281249 68.500000000000014 1.0000000180025095e-35 0.32250000000000006 0.001054092553870516 27.500000000000004 0.023000000000000079 0.98050000000000004 7.5000000000000009 0.52150000000000019 1.0000000180025095e-35 0.89444444444444449 6.5000000000000009 -0.47464824871039363 -0.0029999999999999745 0.13372678447058942 0.12218285476674139 27.500000000000004 -5.7888888888888879 0.58783829559481704 0.68550000000000011 0.25000000000000006 -7.4999999999999991 0.07873429128754876 -0.38294970334244799 -0.94503433850257312 2.9500000000000006 0.17211590638724653
decision_type=2 2 2 2 2 2 2 2 2 2 2 2 2 2 2 2 2 2 2 2 2 2 2 2 2 2 2 2 2 2
left_child=1 4 21 9 5 6 16 24 20 11 -11 12 18 -13 -3 -15 -1 -14 19 -4 -8 -2 23 -23 -7 -26 27 -22 -27 -30
right_child=2 14 3 -5 -6 7 8 -9 -10 10 -12 13 17 15 -16 -17 -18 -19 -20 -21 26 22 -24 -25 25 28 -28 -29 29 -31
leaf_value=0.019599935833916365 -0.031075287702469503 0.016394186680853663 -0.025428547387627096 0.014732380770070113 0.022595346579870099 -0.031738272645762511 -0.020929890389077419 0.021871704193836911 -0.019577880201904218 0.017613287961016581 -0.015778238561489893 -0.024559603927674908 0.04182741289571814 0.054187356214311755 0.028209257831233452 -0.014174470996102256 -0.030197580818831168 -0.0005051244425939499 0.014743471623070355 0.017200513580342396 0.026650156122546762 -0.013667808603322068 -0.026154515390672425 0.085679761884839264 0.015691418774043193 -0.023521075510782041 0.019498743106973051 -0.013533594520011218 0.01954112556470447 -0.026317077929243062
leaf_weight=183.12010500580072 4968.4577942863107 5650.4978159815073 1643.2166054882109 982.45821264758706 1639.8140399456024 677.89473085850477 240.49676111340523 467.48850744217634 485.57571014016867 927.56876704841852 1056.2629236765206 5681.0877227857709 332.67723355442286 129.72162437438965 6299.072671584785 227.50701845809817 676.88668614625931 443.89134944975376 298.02260480821133 211.73007235303521 524.07014641165733 158.13868555799127 1334.7105773463845 137.02807126939297 499.73071901127696 1244.7262756936252 3656.7828437238932 793.15007290989161 479.42789211124182 353.84565482661128
leaf_count=137 80023 4005 8912 3631 1343 4197 648 694 1158 6043 14709 44409 477 82 2291 909 5108 968 632 540 427 1530 21007 496 2246 4302 2968 1450 739 1010
internal_value=-7.42552e-05 0.013316 -0.0173222 -0.0118449 0.00397995 0.00100571 0.00656525 -0.00878752 0.0105156 -0.0142324 -0.000162534 -0.0173438 -0.00679089 -0.0224578 0.0226279 0.0108945 -0.019563 0.0177211 -0.0156446 -0.0205428 0.0133276 -0.027219 -0.015428 0.0328513 -0.0132061 -0.00830124 0.0149955 0.00247817 -0.0140854 4.31068e-05
internal_weight=42405.1 23872.6 18532.5 11934.1 11923 10283.2 6560.08 3723.11 5700.08 10951.7 1983.83 8967.85 2929.54 6038.32 11949.6 357.229 860.007 776.569 2152.97 1854.95 5214.5 6598.34 1629.88 295.167 3255.63 2577.73 4974 1317.22 2078 833.274
internal_count=217091 32723 184368 81312 26427 25084 11896 13188 6651 77681 20752 56929 11529 45400 6296 991 5245 1445 10084 9452 5493 103056 23033 2026 12494 8297 4845 1877 6051 1749
is_linear=0
shrinkage=0.03


Tree=49
num_leaves=31
num_cat=0
split_feature=0 1 0 0 6 8 5 5 5 18 9 12 1 15 16 15 8 15 4 6 12 1 16 1 10 2 11 10 11 0
split_gain=10377.1 2573.46 995.879 818.374 812.83 740.273 576.794 807.83 675.596 614.873 562.866 533.28 654.664 452.842 485.63 493.037 421.725 373.465 369.318 401.629 391.416 747.267 401.705 352.533 349.234 344.838 332.402 292.935 289.073 281.396
threshold=0.66033148693280064 0.36250000000000004 0.012282625214948406 0.95287792712394592 0.001054092553870516 -1.4999999999999998 1.1595000000000002 1.3375000000000001 1.3195000000000003 1.5000000000000002 -1.0999999999999999 1.0000000180025095e-35 0.20250000000000004 0.95517121453263643 0.77345568691932931 -0.98144480685298208 165.50000000000003 0.70109732134918656 -0.23100000000000001 1.0000000180025095e-35 1.0000000180025095e-35 0.52150000000000019 0.13372678447058942 0.25950000000000006 8.8166666666666682 0.076500000000000026 1.0000000180025095e-35 16.950000000000003 0.47222222222222227 0.059958172226850633
decision_type=2 2 2 2 2 2 2 2 2 2 2 2 2 2 2 2 2 2 2 2 2 2 2 2 2 2 2 2 2 2
left_child=1 4 -3 11 23 6 -4 8 9 -8 17 12 -2 14 15 -14 18 -6 -7 -20 25 22 -22 -1 -17 27 -12 -21 -28 -29
right_child=3 2 5 -5 10 16 7 -9 -10 -11 26 -13 13 -15 -16 24 -18 -19 19 20 21 -23 -24 -25 -26 -27 28 29 -30 -31
leaf_value=-0.031118252652415166 0.019775124808724492 -0.029377580105277818 -0.025293099032530502 0.029438679535137794 0.0020757573811423175 0.006130068303595442 0.063049163203264452 -0.027383527991380299 0.10383775033327 -0.020005534289109818 0.023999999113472354 0.026473089966848076 0.018451921885124026 0.022402211706178156 0.011060319253914522 -0.024592346125620369 0.035625604697650637 -0.033545621736223004 0.030887439928843463 -0.020635494135306735 0.040338441129423072 -0.02097269858503303 -0.0071396906198135483 0.032036926481217698 0.0092964422808506867 0.0037914356681635116 -0.011339737739439408 -0.018349888472389667 0.01305276681253713 0.025365256974850175
leaf_weight=679.35596904158592 4053.4805093556643 4567.0265250690281 5189.9999851882458 4705.4705828279257 917.8372783921659 1255.828891236335 124.97369359433651 435.1207077242434 86.623539075255394 212.38011896982789 1840.1985047608614 2594.0597381293774 416.41215620934963 895.3912301659584 1618.2681626304984 1370.709510281682 192.41512185335159 369.17931023240089 194.09690873324871 4872.3766725175083 451.56376712024212 650.96845203265548 246.59345043450594 87.588660210371017 340.07094188779593 716.56122811511159 582.00981695204973 269.31401557847857 1732.0415455251932 255.21326350793242
leaf_count=5155 2386 81245 43767 1587 1951 3616 335 6535 268 3152 1161 1118 445 567 1556 3008 115 1484 180 39458 521 4357 606 60 349 5537 1152 2696 1906 818
internal_value=-7.45438e-05 -0.0117965 -0.0170986 0.0189277 0.0050465 -0.013393 -0.0215261 0.00123983 0.0306015 0.0110469 0.00912454 0.0145396 0.0109713 0.00327385 -0.00131326 -0.0107288 -0.00798422 -0.00819645 -0.0089374 -0.0114102 -0.0125223 0.00209958 0.0236101 -0.0238089 -0.0178514 -0.0157485 0.0144928 -0.0183435 0.00691104 0.00294338
internal_weight=41923.1 25929.3 19721.1 15993.9 6208.21 15154 6049.1 859.098 423.977 337.354 5441.27 11288.4 8694.33 4640.85 3745.46 2127.19 9104.93 1287.02 8912.52 7656.69 7462.59 1349.13 698.157 766.945 1710.78 6113.47 4154.25 5396.9 2314.05 524.527
internal_count=217091 206075 193206 11016 12869 111961 54057 10290 3755 3487 7654 9429 8311 5925 5358 3802 57904 3435 57789 54173 53993 5484 1127 5215 3357 48509 4219 42972 3058 3514
is_linear=0
shrinkage=0.03


Tree=50
num_leaves=31
num_cat=0
split_feature=5 0 0 10 12 16 1 6 16 1 2 8 8 11 5 5 4 4 5 8 2 1 1 16 5 5 13 8 0 1
split_gain=9913.81 2118.93 1075.09 806.194 668.616 574.389 561.021 682.966 530.339 517.731 499.624 476.487 458.714 382.273 379.046 1070.43 377.204 546.23 427.604 406.553 353.027 363.86 349.202 335.812 912.242 786.103 481.176 320.631 315.267 328.73
threshold=0.41750000000000004 0.7975050663989226 0.018599656088281249 23.550000000000004 1.0000000180025095e-35 0.90109942435734947 0.32250000000000006 0.001054092553870516 0.94183387447688605 1.2155000000000002 0.023000000000000079 -1.4999999999999998 6.5000000000000009 0.31666666666666671 1.3035000000000003 1.3375000000000001 -0.074999999999999886 -0.080999999999999892 0.74450000000000005 85.500000000000014 0.092999999999999999 0.51550000000000018 0.71050000000000002 0.58783829559481704 0.68550000000000011 0.60350000000000004 0.25000000000000006 -7.4999999999999991 0.07873429128754876 0.42750000000000005
decision_type=2 2 2 2 2 2 2 2 2 2 2 2 2 2 2 2 2 2 2 2 2 2 2 2 2 2 2 2 2 2
left_child=1 4 23 5 6 11 7 13 27 20 -9 14 -3 -1 -4 -16 17 22 -19 -18 21 -7 -13 -2 25 -25 -27 -8 29 -29
right_child=2 12 3 -5 -6 9 8 10 -10 -11 -12 16 -14 -15 15 -17 19 18 -20 -21 -22 -23 -24 24 -26 26 -28 28 -30 -31
leaf_value=-0.026336883064770451 -0.0307582082375309 0.015612325452504914 -0.028677445699762872 0.02202146007877194 0.0217191185421803 0.00654287624047095 -0.031446174162318576 0.012736511369253927 0.020228333126875702 0.024739708579566075 -0.019090604507950134 0.0025693063815671563 0.027548017971858414 0.038221550371474629 0.09539168745643542 -0.034595709553884357 -0.021581754872160585 0.001916527783566783 0.1160411825359673 0.017196950760616385 0.045438515753904292 -0.020859175463205589 -0.024536372962037662 -0.033137726563921596 -0.025685908067073816 0.0082843365904877644 0.10556192553261583 -0.0019623964720028304 -0.013126686650055583 0.052830695432148071
leaf_weight=735.30692512914538 4744.8819805346429 5554.588551402092 3095.5443852618337 612.516651596874 1615.7696825116873 683.36429436132312 662.09970075264573 5161.4131609201431 500.49633804708719 556.99763870984316 483.00459561496973 1460.3559915795922 6096.6186634078622 90.274242877960205 83.462115384638309 164.56120817363262 2747.4776685014367 57.357518184930086 58.167658485472202 264.72192768007517 102.76707128062844 1196.7923637256026 601.68058035895228 104.34763162583113 1284.7598214559257 74.996859297156334 116.64384116977453 338.78237812966108 2041.2045459188521 135.84942887350917
leaf_count=5168 80023 4005 28133 2067 1343 1594 4201 5493 807 2596 1158 4920 2291 77 282 2848 23723 271 236 1083 472 8224 4863 1104 21007 676 246 1050 5971 1159
internal_value=-7.39883e-05 0.0127967 -0.0168056 -0.0114082 0.00381385 -0.0132628 0.000957509 0.00627512 -0.00839314 -0.000737658 0.0100043 -0.0169894 0.0218633 -0.0191648 -0.0258197 0.00976351 -0.0112887 -0.00177166 0.0608617 -0.01816 -0.00792074 -0.010905 -0.005364 -0.0267664 -0.0147489 0.0325054 0.0682077 -0.0129156 -0.0080072 0.0139538
internal_weight=41426.8 23415.4 18011.4 11685.8 11764.2 11073.3 10148.4 6470 3678.43 2539.92 5644.42 8533.33 11651.2 825.581 3343.57 248.023 5189.76 2177.56 115.525 3012.2 1982.92 1880.16 2062.04 6325.63 1580.75 295.988 191.641 3177.94 2515.84 474.632
internal_count=217091 32723 184368 81312 26427 79245 25084 11896 13188 12886 6651 66359 6296 5245 31263 3130 35096 10290 507 24806 10290 9818 9783 103056 23033 2026 922 12381 8180 2209
is_linear=0
shrinkage=0.03


Tree=51
num_leaves=31
num_cat=0
split_feature=5 0 0 4 0 15 15 10 16 8 4 8 5 1 13 3 4 4 2 18 2 0 1 8 16 3 8 3 10 13
split_gain=9443.71 1958.27 1050.47 662.426 655.725 570.305 530.79 493.511 551.194 489.769 474.585 462.284 396.483 374.666 361.683 351.358 464.251 345.17 342.014 334.58 421.247 329.563 307.25 305.729 304.22 300.684 298.644 294.501 288.876 286.745
threshold=0.41150000000000003 0.7975050663989226 0.36202023519012677 -0.15099999999999991 0.0088162231969116465 0.29721438724027832 -0.26961153468489046 16.950000000000003 0.75856762711588999 -10.499999999999998 -0.028499999999999966 6.5000000000000009 1.0365000000000002 0.37850000000000006 0.35000000000000003 0.044499999999999991 -0.31449999999999989 0.26500000000000012 0.0019999999999999987 25.500000000000004 -1.0000000180025095e-35 0.4800003930722852 0.088500000000000009 80.500000000000014 0.9561118672310579 -1.1824999999999997 19.500000000000004 0.047499999999999994 12.450000000000001 1.0000000180025095e-35
decision_type=2 2 2 2 2 2 2 2 2 2 2 2 2 2 2 2 2 2 2 2 2 2 2 2 2 2 2 2 2 2
left_child=1 3 4 9 -2 -5 26 8 25 -1 13 22 15 -7 -8 16 -10 -12 -11 20 23 -19 -3 -9 -24 -6 -4 -17 -29 -27
right_child=2 11 6 5 7 10 14 19 12 18 17 -13 -14 -15 -16 27 -18 21 -20 -21 -22 -23 24 -25 -26 29 -28 28 -30 -31
leaf_value=-0.016456179885374459 -0.031587324234757935 0.025508832190073289 -0.030143196455557107 0.006363901715442143 0.044550762559042625 0.0083347260921554176 0.016488016676917051 -0.031857607279249779 0.032626568814428741 0.017881385053890423 -0.025438347074513673 0.027233491840461022 0.0081438579487958518 -0.040482041794605961 -0.019808175054943773 0.078729219110583643 -0.025198388604693915 -0.028172489969705335 -0.013843453954640265 -0.023997727431748838 0.028335850578905405 0.044255649624508106 0.0060042702565999912 0.03418983598185156 0.027512834271084908 -0.025973193816147221 0.0077967978615655579 -0.011107533334424598 0.057250311571041393 -0.012139943613592082
leaf_weight=476.41655558720231 3134.4090785868466 1751.5387074649334 588.33600545302033 3409.3332852944732 57.262864172458649 1181.0652172975242 1487.125991564244 241.31510027498007 132.92077205330133 4056.262616045773 1685.6142046153545 5973.0439350306988 990.59532475098968 157.71156812831759 293.55955530703068 46.004906479269266 1607.6754691973329 95.003206614404917 328.59164114668965 314.95560842379928 533.61897397041321 131.25554772466421 2992.2310277670622 82.304103821516037 735.65115810930729 6096.6282084807754 271.36572848260403 320.87327864021063 64.179883603006601 1742.0159732699394
leaf_count=1564 61933 736 2610 6947 36 1694 2050 2413 219 3365 9224 2275 8424 804 669 162 12085 963 847 3189 2360 100 2964 180 283 72622 471 3839 261 11802
internal_value=-7.42697e-05 0.0126746 -0.0163406 0.00394032 -0.019344 -0.00220566 0.00113844 -0.0161993 -0.0181608 0.0123565 -0.0111911 0.021458 -0.0075676 0.00250632 0.0104811 -0.0147357 -0.020734 -0.0207716 0.0154962 0.0023048 0.0120185 0.0138733 0.0151508 -0.0149004 0.0102674 -0.0223989 -0.0181819 0.0094613 0.000640727 -0.0229048
internal_weight=40978.9 22973.7 18005.1 11521.3 15364.8 6659.98 2640.39 12230.4 11058.2 4861.27 3250.65 11452.5 3162.25 1338.78 1780.69 2171.65 1740.6 1911.87 4384.85 1172.19 857.238 226.259 5479.42 323.619 3727.88 7895.91 859.702 431.058 385.053 7838.64
internal_count=217091 31766 185325 25508 179525 19732 5800 117592 109450 5776 12785 6258 24990 2498 2719 16566 12304 10287 4212 8142 4953 1063 3983 2593 3247 84460 3081 4262 4100 84424
is_linear=0
shrinkage=0.03


Tree=52
num_leaves=31
num_cat=0
split_feature=0 1 0 1 12 6 8 11 5 5 5 16 15 10 11 8 2 15 1 6 1 8 6 1 12 17 3 6 16 10
split_gain=9010.7 2276.26 954.668 794.454 911.852 717.328 690.581 601.753 544.905 743.292 539.663 545.126 534.263 521.172 408.006 385.079 345.919 340.007 332.125 323.447 369.33 317.074 311.707 361.252 711.937 481.315 540.877 458.208 453.002 443.875
threshold=0.66033148693280064 0.36250000000000004 0.012282625214948406 0.12550000000000003 1.0000000180025095e-35 0.001054092553870516 -1.4999999999999998 0.31666666666666671 1.1595000000000002 1.3375000000000001 1.3195000000000003 0.90400454738757963 0.78226021281905578 -5.0499999999999989 1.0000000180025095e-35 165.50000000000003 -0.63349999999999984 0.95517121453263643 0.25950000000000006 0.1116664178319693 0.43450000000000005 18.500000000000004 1.0000000180025095e-35 0.52150000000000019 1.0000000180025095e-35 1.5000000000000002 -0.0044999999999999476 0.029325377706717743 0.13372678447058942 12.211111111111112
decision_type=2 2 2 2 2 2 2 2 2 2 2 2 2 2 2 2 2 2 2 2 2 2 2 2 2 2 2 2 2 2
left_child=1 5 -3 -2 7 18 8 12 -4 10 11 -10 -5 -7 -15 16 -8 19 -1 20 -9 -16 -18 24 25 -24 -27 -28 -26 -25
right_child=3 2 6 4 -6 13 15 17 9 -11 -12 -13 -14 14 21 -17 22 -19 -20 -21 -22 -23 23 29 28 26 27 -29 -30 -31
leaf_value=-0.030740286315178698 0.027464547402427746 -0.02883408178907796 -0.024558775161955069 -0.0017274766093006832 0.026742615259367677 -0.028444636140646455 0.04017422844637502 0.0059016414795627428 -0.027703303009673184 -0.026877824089042008 0.091293499041521772 0.048277859499131957 -0.050345280714804222 0.022188606715539114 0.00022757792343890804 0.034806365483807486 0.028238032498263527 0.027032616735924279 0.031128398505204616 0.02011476077269074 -0.032030054544493043 0.025360354717294187 -0.032584490319969329 -0.018948901620425875 0.038377970142574172 -0.017929737278643065 -0.02171956883207567 0.035014796066390894 -0.0096892128685384989 0.0014368487736859121
leaf_weight=637.09511524438858 5198.0052663236856 4261.4270747937262 4948.1407398581505 1361.3824554979801 3075.7881541699171 320.03961616009474 127.28704836219549 2881.7373441308737 164.70293405279517 418.26620078459382 94.419115889817476 169.54017489403486 236.21267487853765 1826.2671134024858 2689.1432837806642 187.15014276653528 193.8580953925848 1072.0943607389927 86.489606700837612 1421.3371989652514 248.15358068048954 540.01158187538385 621.97840515524149 4314.1430042944849 537.69365753233433 762.55620278418064 174.46149971336126 462.34810755029321 260.42187509685755 1236.1186270341277
leaf_count=5155 2002 81245 43767 2023 1277 1139 117 2901 2806 6535 268 681 595 1233 4941 115 198 521 60 951 746 341 2998 40251 572 2914 1023 1512 652 7552
internal_value=-7.40681e-05 -0.0112025 -0.0163361 0.017904 0.013071 0.00473493 -0.0127013 0.00723885 -0.020755 0.00147655 0.0291378 0.0109237 -0.00899676 0.00851243 0.0108675 -0.00743901 -0.00836042 0.0118538 -0.0232472 0.00826274 0.00286643 0.00445017 -0.00909565 -0.00997017 -0.00122332 -0.0106954 -0.000917407 0.0194428 0.0227163 -0.0144104
internal_weight=40528.3 25033.6 18934.5 15494.7 10296.7 6099.05 14673.1 7220.92 5795.07 846.928 428.662 334.243 1597.6 5375.46 5055.42 8878.02 8690.87 5623.32 723.585 4551.23 3129.89 3229.15 8563.58 8369.72 2819.46 2021.34 1399.37 636.81 798.116 5550.26
internal_count=217091 206075 193206 11016 9014 12869 111961 7737 54057 10290 3755 3487 2618 7654 6515 57904 57789 5119 5215 4598 3647 5282 57672 57474 9671 8447 5449 2535 1224 47803
is_linear=0
shrinkage=0.03


Tree=53
num_leaves=31
num_cat=0
split_feature=5 0 0 8 6 8 8 15 13 11 16 0 12 0 16 9 16 4 16 18 4 11 8 12 1 6 1 16 11 1
split_gain=8584.03 1661.85 1178.21 807.04 535.654 585.212 516.122 598.927 528.609 488.666 552.071 482.778 563.561 476.112 459.498 441.76 514.327 482.386 675.278 438.704 427.912 362.872 460.412 353.112 350.527 499.465 369.534 400.054 323.766 310.096
threshold=0.38550000000000006 0.7975050663989226 0.041025903760697667 -5.4999999999999991 0.001054092553870516 -1.4999999999999998 65.500000000000014 -0.19291528022672078 0.35000000000000003 0.64583333333333337 0.79642145854390012 0.45452055726779056 1.0000000180025095e-35 0.4800003930722852 -0.26867656546859203 5.1000000000000005 0.85645296873783205 -0.23100000000000001 0.30984702140914105 4.5000000000000009 -0.23100000000000001 1.0000000180025095e-35 1.0000000180025095e-35 1.0000000180025095e-35 0.53150000000000019 0.053014044260823352 0.50050000000000006 -0.53948565030919626 0.31666666666666671 0.32250000000000006
decision_type=2 2 2 2 2 2 2 2 2 2 2 2 2 2 2 2 2 2 2 2 2 2 2 2 2 2 2 2 2 2
left_child=1 4 19 -4 28 13 7 24 9 10 11 12 -9 -6 -10 16 17 -3 -19 20 -2 -7 -23 29 25 -5 27 -27 -1 -24
right_child=2 15 3 6 5 21 -8 8 14 -11 -12 -13 -14 -15 -16 -17 -18 18 -20 -21 -22 22 23 -25 -26 26 -28 -29 -30 -31
leaf_value=-0.026243750275278539 0.027119197613945722 0.019345176810150671 -0.022972173986114418 -0.0230212666229711 -0.01895472590110114 0.020944047939880025 0.020271013035262207 -0.028506112376600452 0.043143004839453235 0.032133001234610443 0.021776115350788973 0.016502540512381467 0.060820692449052388 0.0054429473633835915 -0.02421885531351475 0.02701129259562083 0.027054781873066387 0.0062905740248451643 -0.039969959984247017 -0.025629322360101174 -0.015008325126654648 -0.021668014331363936 0.011702975768991727 0.025262953840867363 -0.026686529051911254 0.030379489586132593 0.053217974404866898 -0.027402636837838206 0.032112024924238168 -0.0083480202300145832
leaf_weight=702.47053018584847 250.51732223108411 1636.5416775792837 2272.7688523903489 635.8961125947535 1238.2063330076635 2278.2537401244044 796.06170468777418 849.29482972994447 99.394415583461523 630.77883602678776 804.37477210909128 431.3530258461833 65.897933941334486 1711.5460554510355 842.02236608043313 5584.0020025074482 1970.3421479091048 1347.6025371551514 356.63080486655235 7542.3983939066529 1510.1995365321636 473.11273537576199 1917.7754673659801 969.8705803565681 1380.7998735010624 205.07045320048928 162.88746069744229 220.86130794137716 94.797868724912405 1084.3846528232098
leaf_count=5213 792 948 17949 3053 6086 2084 2098 7302 177 839 2222 613 132 2647 3824 2191 796 1306 704 117386 19330 1104 1674 504 11788 242 313 753 101 2920
internal_value=-7.35917e-05 0.0129168 -0.0149148 -0.00741901 0.00437993 0.00632965 -0.00244999 -0.00531626 0.00240507 0.00898102 0.00215617 -0.00958638 -0.0218965 -0.00480722 -0.0169924 0.0211173 0.0149088 0.00772745 -0.00344321 -0.0224819 -0.00897843 0.0112157 0.00621887 0.00955436 -0.0163396 -0.00463733 0.0152325 0.00043523 -0.0192107 0.00445942
internal_weight=40066.1 21365.5 18700.6 9397.46 10470.4 9673.15 7124.69 6328.63 3723.12 2781.7 2150.92 1346.55 915.193 2949.75 941.417 10895.1 5311.12 3340.78 1704.23 9303.12 1760.72 6723.4 4445.14 3972.03 2605.52 1224.72 588.819 425.932 797.268 3002.16
internal_count=217091 28278 188813 51305 22333 17019 33356 31258 15109 11108 10269 8047 7434 8733 4001 5945 3754 2958 2010 137508 20122 8286 6202 5098 16149 4361 1308 995 5314 4594
is_linear=0
shrinkage=0.03


Tree=54
num_leaves=31
num_cat=0
split_feature=5 0 0 10 12 16 1 6 18 3 0 1 8 5 5 8 4 4 8 4 16 5 5 8 2 1 12 1 1 13
split_gain=8192.68 1803.79 1008.35 703.943 575.697 521.881 479.376 561.044 490.476 458.087 453.817 448.795 447.45 372.447 932.666 369.471 356.835 516.654 365.817 352.402 343.334 890.58 718.531 401.236 326.931 339.939 326.473 330.67 324.739 298.278
threshold=0.41750000000000004 0.7975050663989226 0.018599656088281249 23.550000000000004 1.0000000180025095e-35 0.90109942435734947 0.32250000000000006 0.001054092553870516 27.500000000000004 0.0064999999999999511 0.95287792712394592 1.2155000000000002 -1.4999999999999998 1.3035000000000003 1.3375000000000001 -15.499999999999998 -0.074999999999999886 -0.080999999999999892 85.500000000000014 -0.0029999999999999745 0.58783829559481704 0.68550000000000011 0.60350000000000004 9.5000000000000018 0.092999999999999999 0.51550000000000018 1.0000000180025095e-35 0.17750000000000002 0.71050000000000002 0.55000000000000016
decision_type=2 2 2 2 2 2 2 2 2 2 2 2 2 2 2 2 2 2 2 2 2 2 2 2 2 2 2 2 2 2
left_child=1 4 20 5 6 12 7 19 -8 15 26 24 13 29 -15 -9 17 28 -18 -1 -2 22 -22 -24 25 -7 27 -3 -14 -4
right_child=2 10 3 -5 -6 11 8 9 -10 -11 -12 -13 16 14 -16 -17 18 -19 -20 -21 21 -23 23 -25 -26 -27 -28 -29 -30 -31
leaf_value=0.018355105397985703 -0.030167207500595761 0.019768902794148949 -0.029622931281891234 0.020986729815894656 0.020312412011301975 0.0068053504760084626 -0.012170159554427608 -0.023295117861182064 0.02077159388899897 -0.010866408033467658 0.028056489405429149 0.023428402200664708 0.0029668696231558898 0.086459002715921218 -0.034122245030562048 0.014767015434666094 -0.020681867917414148 0.059367335890195314 0.016438046153874997 -0.029341001243792807 -0.032726311564114374 -0.024841298178081624 0.033396435432994795 0.12388673546382067 0.044433517955862971 -0.020023679056537277 0.027440191989916974 0.0046310844350628336 -0.023709944496764147 0.024697526056326767
leaf_weight=179.93768315762281 4341.4741319790483 2503.8528505563736 2794.1999614536762 601.46560693532228 1570.02154751122 673.66209229826927 3152.2173687107861 239.40184920281172 464.22289494797587 870.28619143366814 4283.7863886654377 555.46885876357555 1431.4630489274859 88.898894786834717 152.44740659743547 4442.6003757119179 2606.3096403889358 117.14353069290519 260.81685340031981 590.7777682878077 96.480722654610872 1199.9648472443223 125.94487566128373 67.774052113294601 101.76449209451675 1143.1114679016173 1595.7879345417023 2699.7791486606002 572.61143387854099 91.879547789692879
leaf_count=137 80023 1379 27695 2067 1343 1594 12494 728 694 1865 1549 2596 4920 282 2848 4058 23723 507 1083 5108 1104 21007 814 108 472 8224 606 2762 4863 438
internal_value=-7.28617e-05 0.0117688 -0.0157883 -0.0105129 0.00344888 -0.0123074 0.000779814 0.00576158 -0.00792789 0.00909259 0.0204053 -0.000244391 -0.0159833 -0.0248774 0.0108095 0.0128071 -0.0103956 -0.00106357 -0.0172915 -0.0181775 -0.0259014 -0.0134376 0.0334879 0.0664617 -0.00712418 -0.0100806 0.0155747 0.0119222 -0.00467937 -0.0278698
internal_weight=39615.6 22592.7 17022.9 11191.2 11509.5 10589.8 9939.44 6323 3616.44 5552.29 11083.2 2474.01 8115.77 3127.43 241.346 4682 4988.34 2121.22 2867.13 770.715 5831.64 1490.16 290.2 193.719 1918.54 1816.77 6799.42 5203.63 2004.07 2886.08
internal_count=217091 32723 184368 81312 26427 79245 25084 11896 13188 6651 6296 12886 66359 31263 3130 4786 35096 10290 24806 5245 103056 23033 2026 922 10290 9818 4747 4141 9783 28133
is_linear=0
shrinkage=0.03


Tree=55
num_leaves=31
num_cat=0
split_feature=0 1 0 8 8 6 5 5 1 10 18 8 5 16 11 1 18 13 0 2 0 10 12 3 18 6 1 18 10 13
split_gain=7814.42 2006.79 923.607 772.448 675.868 630.684 517.464 883.461 512.045 479.401 419.19 396.849 371.645 457.197 368.829 344.241 454.035 490.966 325.348 321.856 321.487 313.792 703.332 463.547 376.716 628.39 462.374 483.11 420.631 375.941
threshold=0.66033148693280064 0.36250000000000004 0.0088162231969116465 5.5000000000000009 -1.4999999999999998 0.001054092553870516 1.1595000000000002 1.3375000000000001 0.088500000000000009 -5.0499999999999989 27.500000000000004 174.50000000000003 1.3195000000000003 0.90400454738757963 1.0000000180025095e-35 0.24250000000000002 10.500000000000002 1.0000000180025095e-35 0.82502392358155574 -0.63349999999999984 0.0095129006305205242 -1.6833333333333331 1.0000000180025095e-35 -1.0000000180025095e-35 5.5000000000000009 0.032342610353011267 0.50550000000000017 18.500000000000004 12.211111111111112 0.35000000000000003
decision_type=2 2 2 2 2 2 2 2 2 2 2 2 2 2 2 2 2 2 2 2 2 2 2 2 2 2 2 2 2 2
left_child=1 5 -3 8 6 -1 -4 12 -2 -7 -10 19 13 20 -11 -5 -17 18 -18 -6 -8 -21 23 -23 -25 -26 27 -27 -28 -24
right_child=3 2 4 15 11 9 7 -9 10 14 -12 -13 -14 -15 -16 16 17 -19 -20 21 -22 22 29 24 25 26 28 -29 -30 -31
leaf_value=-0.02267566594746254 0.023905382331662419 -0.031155887058253132 -0.024264516039070559 0.028647230239759368 0.038399908219958152 -0.027829547503963582 0.10938799432436158 -0.027789354513991057 0.0014016215886849444 0.021132205228803842 0.022339953374111241 0.037451239673393054 0.077408297700518547 0.048392156228141296 0.0041115145244529075 0.023048172634153357 -0.0071561946919895996 0.016967763234318353 -0.064931855380509981 -0.019006851365600992 -0.027968992464856245 -0.016247063081158281 0.041243029657208392 0.019333238156140676 -0.033274698995788783 -0.010721013252031581 -0.022397733266172642 0.061815259475929335 0.030836830717332269 0.0017086223577858551
leaf_weight=680.76448784768581 1783.6027464568615 2883.8714113011956 5098.3879654109478 4685.024543017149 127.61647640913725 314.27609870582819 13.746577519923447 520.56751365959644 4474.3447439819574 1783.322077639401 1062.5918786674738 170.45199763029814 105.19555785134435 180.76588979363441 3200.9551580324769 2138.636756375432 241.1055231243372 495.48946604132652 135.67437905818224 2157.3091659881175 185.64213237911463 3621.1525401286781 385.00385401770473 698.56515949591994 537.66978660970926 131.13916821032763 486.07001266255975 216.89506325125694 180.90746507048607 490.29957720637321
leaf_count=5215 826 62428 49711 1624 118 1139 202 9499 5745 1233 588 66 379 802 5282 1074 427 335 397 19519 3531 23314 634 3856 7846 649 7343 407 1085 1817
internal_value=-7.2667e-05 -0.0106316 -0.0155869 0.0169218 -0.0126482 0.00444436 -0.0203868 -0.000719382 0.00993922 0.00793963 0.00542981 -0.00751034 0.0283072 0.0142203 0.0102104 0.0235574 0.0156169 -0.00261977 -0.0283092 -0.00837095 -0.017018 -0.00905392 -0.00586484 -0.00960566 0.0010845 -0.00714722 0.00675024 0.0346256 -0.00788524 0.0191794
internal_weight=39187 24170.6 18191.3 15016.5 15307.4 5979.32 6104.31 1005.92 7320.54 5298.55 5536.94 9203.08 485.35 380.155 4984.28 7695.93 3010.91 872.269 376.78 9032.63 199.389 8905.01 6747.7 5872.4 2251.25 1552.68 1015.01 348.034 666.977 875.303
internal_count=217091 206075 193206 11016 130778 12869 64124 14413 7159 7654 6333 66654 4914 4535 6515 3857 2233 1159 824 66588 3733 66470 46951 44500 21186 17330 9484 1056 8428 2451
is_linear=0
shrinkage=0.03


Tree=56
num_leaves=31
num_cat=0
split_feature=1 0 0 12 8 1 18 7 5 1 18 17 16 9 4 6 2 11 16 10 5 15 16 5 5 13 15 17 12 18
split_gain=7453.49 1577.11 1051.53 767.039 714.987 538.61 465.828 461.835 424.408 657.712 514.566 903.946 724.165 406.994 463.318 546.873 376.477 369.571 572.183 362.251 358.921 353.748 343.996 828.419 679.059 361.688 309.239 341.244 308.537 414.046
threshold=0.43450000000000005 0.87287037405845769 0.018599656088281249 1.0000000180025095e-35 68.500000000000014 0.32250000000000006 26.500000000000004 1.0000000180025095e-35 0.93950000000000011 0.52150000000000019 20.500000000000004 2.5000000000000004 1.0000000180025095e-35 -10.499999999999998 -0.14749999999999999 0.001054092553870516 0.0030000000000000586 0.78888888888888908 0.62557835444061249 2.2250000000000005 0.39850000000000008 -0.98144480685298208 0.58783829559481704 0.68550000000000011 0.60350000000000004 0.25000000000000006 -0.48337545391520315 2.5000000000000004 1.0000000180025095e-35 27.500000000000004
decision_type=2 2 2 2 2 2 2 2 2 2 2 2 2 2 2 2 2 2 2 2 2 2 2 2 2 2 2 2 2 2
left_child=1 3 22 5 8 13 7 20 9 28 11 12 -10 -1 -15 19 -3 -11 -19 -16 -7 -17 -2 24 -24 -26 27 -23 29 -4
right_child=2 16 4 -5 -6 6 -8 -9 10 17 -12 -13 -14 14 15 21 -18 18 -20 -21 -22 26 23 -25 25 -27 -28 -29 -30 -31
leaf_value=-0.029217271185332648 -0.029907259901510979 0.02363519967013852 -0.01380614719332115 0.021696869790342053 0.014596984499283311 0.0016642955503825283 0.015013450631711344 -0.018083019910985054 -0.029301061832409967 -0.023782293762720032 -0.02405692638787606 0.090222987832844617 0.017875037832005218 0.015451600990469839 -0.032764528088320144 0.028643147536528465 -0.0019666071515298364 0.031606927016908121 -0.030587198826489932 0.047399570067777806 0.068222564303836983 -0.060274286234650698 -0.03274895832162681 -0.024389050817221657 0.0090332138124944207 0.092990475513217263 0.0058376186171847063 -0.004414850791365027 0.014175945675823488 0.0238929664895999
leaf_weight=273.39474546164274 4180.6583865433931 7681.3413296639919 1996.0732444524765 2144.8559069298208 993.35564485937357 382.79258354008198 666.09479111805558 2408.9946841821074 427.27596836164594 4883.0497571155429 557.8277173191309 112.68617246299982 913.94605443626642 3687.0775890462101 552.375442776829 498.19250641018152 553.7496343255043 282.34328721836209 246.59050313010812 53.200284823775291 87.123764667659998 136.10900836437941 97.262932524085045 1157.8780621439219 72.796612337231636 126.72234400361776 2274.2602252103388 338.40626241266727 673.93448695167899 298.99817546457052
leaf_count=850 80780 3658 10517 1481 3672 1191 929 8221 7014 44176 8117 447 5682 3015 5087 295 605 550 1485 34 206 413 1220 21007 676 246 2946 501 1416 654
internal_value=-7.19249e-05 0.0115687 -0.0149375 0.00525612 -0.00968754 0.00214653 -0.00754795 -0.0127782 -0.0120122 -0.0149815 0.000361667 0.00976071 0.00281419 0.00654642 0.00785435 0.000577042 0.0219136 -0.0212036 0.00260286 -0.0255231 0.0143589 0.00546392 -0.0255343 -0.0129307 0.03157 0.0629454 0.00123623 -0.0207155 -0.00362976 -0.00886999
internal_weight=38759.4 21738 17021.4 13502.9 11386.1 11358 3545.01 2878.91 10392.7 8380.99 2011.74 1453.91 1341.22 7813.02 7539.62 3852.54 8235.09 5411.98 528.934 605.576 469.916 3246.97 5635.32 1454.66 296.782 199.519 2748.78 474.515 2969.01 2295.07
internal_count=217091 29432 187659 25169 83730 23688 10547 9618 80058 58798 21260 13143 12696 13141 12291 9276 4263 46211 2035 5121 1397 4155 103929 23149 2142 922 3860 914 12587 11171
is_linear=0
shrinkage=0.03


Tree=57
num_leaves=31
num_cat=0
split_feature=5 0 0 8 4 6 10 8 18 4 10 16 8 16 10 12 16 3 10 1 8 3 16 10 1 16 13 6 18 1
split_gain=7106.51 1421.76 1070.98 728.747 463.625 489.931 444.243 441.344 409.963 382.503 374.205 340.926 310.57 276.896 340.02 579.31 414.355 337.025 270.683 267.512 368.1 266.775 263.929 364.775 257.511 272.322 256.195 255.956 371.763 295.8
threshold=0.38550000000000006 0.7975050663989226 0.041025903760697667 -5.4999999999999991 -0.15099999999999991 0.001054092553870516 22.150000000000002 6.5000000000000009 4.5000000000000009 -0.23100000000000001 -4.0499999999999989 0.94183387447688605 3.5000000000000004 0.98187568832501804 -1.6833333333333331 1.0000000180025095e-35 0.13372678447058942 0.044499999999999991 5.0500000000000007 0.22350000000000003 16.500000000000004 -0.41249999999999998 0.9194218891801601 4.6125000000000007 0.088500000000000009 0.9561118672310579 0.35000000000000003 0.086238429175603024 6.5000000000000009 0.47150000000000003
decision_type=2 2 2 2 2 2 2 2 2 2 2 2 2 2 2 2 2 2 2 2 2 2 2 2 2 2 2 2 2 2
left_child=1 4 8 22 10 18 13 24 9 -2 12 19 -1 14 -5 17 -17 21 -6 -7 27 -16 -4 -24 -3 -26 -15 -21 -29 -30
right_child=2 7 3 6 5 11 -8 -9 -10 -11 -12 -13 -14 26 15 16 -18 -19 -20 20 -22 -23 23 -25 25 -27 -28 28 29 -31
leaf_value=-0.036748228300874361 0.025681574919770026 0.023334899483606508 -0.027752469152019725 -0.018852087923409269 -0.032557048012889021 0.012654465938388941 0.025533885720282153 0.025801375397196343 -0.024730873837307554 -0.014216161876677805 0.014059577216349256 0.020961507437815934 0.021075045234597363 0.023824185132152256 0.025884619803138855 0.036932154656189604 -0.013339304928816558 0.013405599972305079 0.05909585577832048 -0.013032198096616153 0.018748294827915072 -0.01321940157808634 -0.022019041851715816 0.031417036063720823 0.0047862199279048011 0.026481796084771001 -0.021094431245101162 -0.039624308155904252 0.030842425660790148 -0.034157344459192697
leaf_weight=245.87993137910962 251.22427029535174 1603.3723934590816 1654.3206371255219 1439.4365421794355 544.84974781051278 938.79581762105227 486.33594149723649 5296.4319985583425 6982.567834302783 1451.1005461066961 3993.8266599848866 689.46738385036588 123.49344858899713 524.35115322470665 163.49051432311535 511.53982793912292 205.07904719188809 607.05609811097383 27.928261861205101 2599.2019466236234 494.172059584409 2832.1898183710873 315.00361552834511 177.10126803815365 2828.0673739612103 635.78400778770447 143.37422509118915 111.37695253640413 396.83844574913383 72.224391169846058
leaf_count=1034 792 736 15118 10353 5128 932 1014 2168 117386 19330 3977 736 116 980 226 694 681 3730 29 7269 776 15017 2189 642 2789 252 661 696 780 860
internal_value=-7.2144e-05 0.0119128 -0.0139869 -0.00676709 0.00398174 -0.00152035 -0.0020224 0.0197444 -0.0215129 -0.00829335 0.011386 0.0013331 -0.017402 -0.0041187 -0.00624065 -0.00202768 0.02255 -0.00693112 -0.0278035 -0.00161256 -0.00526566 -0.0110615 -0.0220239 -0.00271435 0.0134019 0.00878788 0.014128 -0.00901201 0.00896479 0.0206806
internal_weight=38345.9 20601.7 17744.2 9059.28 10238.1 5874.86 6912.85 10363.7 8684.89 1702.32 4363.2 5302.08 369.373 6426.52 5758.79 4319.36 716.619 3602.74 572.778 4612.61 3673.81 2995.68 2146.43 492.105 5067.22 3463.85 667.725 3179.64 580.44 469.063
internal_count=217091 28278 188813 51305 22333 17206 33356 5945 137508 20122 5127 12049 1150 32342 30701 20348 1375 18973 5157 11313 10381 15243 17949 2831 3777 3041 1641 9605 2336 1640
is_linear=0
shrinkage=0.03


Tree=58
num_leaves=31
num_cat=0
split_feature=0 1 0 0 8 6 5 5 8 10 8 11 1 6 5 16 0 1 2 4 4 10 12 3 13 18 6 1 18 13
split_gain=6775.94 1780.67 900.044 746.767 632.529 548.637 501.801 823.848 457.424 435.922 364.312 348.249 314.77 322.828 306.224 404.628 336.042 301.792 295.192 292.289 385.198 289.934 615.301 434.587 342.596 341.618 601.251 416.082 439.607 388.058
threshold=0.66033148693280064 0.36250000000000004 0.0088162231969116465 0.95287792712394592 -1.4999999999999998 0.001054092553870516 1.1595000000000002 1.3375000000000001 6.5000000000000009 -5.0499999999999989 174.50000000000003 1.0000000180025095e-35 0.12550000000000003 0.01704976375801746 1.3195000000000003 0.90400454738757963 0.0093618422549826379 0.25950000000000006 -0.63349999999999984 -0.29849999999999999 -0.33449999999999991 -1.6833333333333331 1.0000000180025095e-35 -1.0000000180025095e-35 0.35000000000000003 5.5000000000000009 0.032342610353011267 0.52150000000000019 18.500000000000004 0.10555555555555557
decision_type=2 2 2 2 2 2 2 2 2 2 2 2 2 2 2 2 2 2 2 2 2 2 2 2 2 2 2 2 2 2
left_child=1 5 -3 8 6 17 19 14 12 -7 18 -11 -2 -14 15 16 -8 -1 -6 20 -4 -20 23 -23 -24 -25 -27 28 -28 -29
right_child=3 2 4 -5 10 9 7 -9 -10 11 -12 -13 13 -15 -16 -17 -18 -19 21 -21 -22 22 24 25 -26 26 27 29 -30 -31
leaf_value=-0.029998654066636446 0.018367489916825887 -0.030826006612524801 -0.02078077325047057 0.026883828098854871 0.037026059956374986 -0.027076311706052059 0.11639195594207304 -0.027166269980081512 0.019145089032001811 0.020332357501843132 0.036755598994522493 0.0036693258373891899 -0.026568569618406167 0.0047098960315694587 0.070941137306556143 0.045938038892044619 -0.027451706090999801 0.029886204692144848 -0.018215533827009047 -0.025662648996957187 0.043267232379871186 -0.015506911075999235 0.039121137814110502 0.018768945269709719 0.0013195039386990203 -0.032895688734562445 -0.01176573321257314 -0.02130874361916079 0.054461783892918988 0.035686698501632953
leaf_weight=555.38112825900316 1498.3764930814505 2690.7367106378078 230.65065058320761 4077.2011293619871 127.40366483107209 307.41922141239047 12.946234628558157 495.66484454646707 4379.7049555405974 1747.530810624361 165.44553369283676 3183.2583537995815 316.06179396808147 4291.6060161590576 110.29560306668282 183.33494811877608 177.77126342058182 85.160202886909246 2082.51362080127 4506.2068200446665 129.41081703081727 3514.0115251466632 384.31893408671021 698.71496282145381 487.68377911671996 511.82306566461921 138.24428566172719 473.62921226024628 251.71409433707595 135.93793907016516
leaf_count=5155 895 62428 1196 1587 118 1139 167 9499 2722 1233 66 5282 665 5147 379 802 3566 60 19519 48239 276 23314 634 3856 1817 7846 745 7711 507 521
internal_value=-7.1395e-05 -0.0100741 -0.0148701 0.0159911 -0.0119671 0.00421013 -0.0196436 -5.71192e-05 0.0117492 0.00741791 -0.00695977 0.00958368 0.00643745 0.00254847 0.0276819 0.0144632 -0.0160361 -0.0219347 -0.00779333 -0.0235856 0.00240623 -0.00846385 -0.00537817 -0.00895584 0.0180569 0.00146729 -0.00655282 0.00699454 0.0310729 -0.00848582
internal_weight=37950.2 23387.2 17508.5 14563 14817.7 5878.75 5846.28 980.013 10485.7 5238.21 8971.44 4930.79 6106.04 4607.67 484.348 374.052 190.717 640.541 8806 4866.27 360.061 8678.59 6596.08 5724.08 872.003 2210.06 1511.35 999.526 389.958 609.567
internal_count=217091 206075 193206 11016 130778 12869 64124 14413 9429 7654 66654 6515 6707 5812 4914 4535 3733 5215 66588 49711 1472 66470 46951 44500 2451 21186 17330 9484 1252 8232
is_linear=0
shrinkage=0.03


Tree=59
num_leaves=31
num_cat=0
split_feature=1 0 8 0 1 1 16 8 5 5 3 18 8 2 16 1 2 13 11 16 2 4 15 10 8 16 6 10 1 18
split_gain=6475.07 1809.99 1238.68 784.49 665.397 674.464 543.618 534.919 528.308 781.831 476.386 475.295 461.075 409.298 378.244 484.734 349.123 364.724 341.012 333.334 349.42 531.747 329.258 379.124 336.353 326.344 306.265 315.349 325.121 355.464
threshold=0.33350000000000007 0.45452055726779056 4.5000000000000009 0.0088162231969116465 0.087500000000000008 0.088500000000000009 0.93894200314753651 -1.4999999999999998 1.1595000000000002 1.3375000000000001 0.02449999999999997 22.500000000000004 -7.4999999999999991 0.059999999999999894 -0.4505077370172198 0.31150000000000005 -0.094000000000000042 0.55000000000000016 0.38750000000000007 -0.99770481905597441 -0.2215 0.070499999999999965 0.62166266928763747 0.22500000000000003 36.500000000000007 -0.039240420811347591 1.0000000180025095e-35 12.211111111111112 0.52150000000000019 12.500000000000002
decision_type=2 2 2 2 2 2 2 2 2 2 2 2 2 2 2 2 2 2 2 2 2 2 2 2 2 2 2 2 2 2
left_child=2 3 4 -2 -1 -6 11 8 -5 -10 14 12 -3 -13 15 19 17 22 25 -7 -21 -22 23 -9 -25 -14 -18 28 29 -28
right_child=1 6 -4 7 5 10 -8 16 9 -11 -12 13 18 -15 -16 -17 26 -19 -20 20 21 -23 -24 24 -26 -27 27 -29 -30 -31
leaf_value=0.022111638304426758 -0.03078179051144686 -0.034881854118421401 0.023392994557517699 -0.024345965909508868 -0.029982873393601381 0.025060636518345735 0.019994005581734094 0.042144506425373381 0.026729358274908001 -0.026862605307617769 -0.014683286662132419 -0.035893574864986746 0.0029641349982091462 0.021398664217860307 0.012261626500029051 0.028217847034198988 0.026625904473620496 -0.020617513122936748 0.014396249491425385 0.0175089990772247 -0.049555932701472093 0.024838285873985771 -0.020355561656861167 -0.025685121464616496 0.030885637001658511 -0.044502123039970226 -0.019538041804938951 0.0030103110551099408 -0.019753682396723433 0.0071763270356066831
leaf_weight=1979.2128099091351 2627.0077776573598 246.36764535307884 7246.2327285781503 4575.0540972277522 530.81191392987967 132.09090831875801 1508.3840998485684 439.72968463599682 487.95233829692006 486.02844605222344 936.92890628799796 538.04816666990519 430.80995880812407 139.43456110358238 4499.2956437207758 261.33090822771192 189.00942185521126 343.31893566995859 1838.5185849666595 131.30434711277485 480.03079395741224 103.38281612098217 188.91451501101255 196.88692617043853 176.57272448763251 183.71449184417725 782.87460350245237 1078.7206165492535 3748.8309401273727 1040.9512970820069
leaf_count=1158 62453 986 3551 49125 5079 96 1056 1157 4910 9497 2008 1863 948 191 4264 289 211 1475 2211 114 1326 73 1089 1315 622 618 3856 7587 43855 4108
internal_value=-7.09093e-05 -0.0109822 0.0141509 -0.0157661 0.0067492 0.00244416 0.00503973 -0.012888 -0.0200775 -1.40609e-05 0.00508684 -0.00165183 0.00399245 -0.0240597 0.00839625 -0.00728876 -0.00800879 0.00595063 0.00793457 -0.0183073 -0.0263936 -0.0363134 0.0150872 0.0233656 0.00109467 -0.0113733 -0.0107559 -0.0118296 -0.0147023 -0.00430403
internal_weight=37547.8 21247.1 16300.6 16361.9 9054.39 7075.18 4885.28 13734.8 5549.03 973.981 6544.36 3376.89 2699.41 677.483 5607.44 1108.14 8185.81 1345.42 2453.04 846.809 714.718 583.414 1002.1 813.189 373.46 614.524 6840.39 6651.38 5572.66 1823.83
internal_count=217091 199133 17958 191260 14407 13249 7873 128807 63532 14407 8170 6817 4763 2054 6162 1898 65275 5658 3777 1609 1513 1399 4183 3094 1937 1566 59617 59406 51819 7964
is_linear=0
shrinkage=0.03


Tree=60
num_leaves=31
num_cat=0
split_feature=5 0 0 12 10 1 18 9 0 16 4 15 7 9 8 4 4 13 5 5 11 16 5 5 8 18 5 16 4 11
split_gain=6164.28 1439.49 906.592 820.909 593.511 583.812 512.037 472.204 485.029 440.423 429.152 573.34 428.675 410.441 405.008 426.288 531.563 404.124 357.159 688.616 350.567 350.196 821.62 597.221 336.884 331.993 316.458 316.451 312.341 425.91
threshold=0.41750000000000004 0.91483471542622563 0.018599656088281249 1.0000000180025095e-35 23.550000000000004 0.32250000000000006 26.500000000000004 5.1000000000000005 0.26773947046077601 0.90109942435734947 -0.20299999999999987 -0.98144480685298208 1.0000000180025095e-35 3.9000000000000004 -5.4999999999999991 -0.074999999999999886 -0.080999999999999892 0.35000000000000003 1.3195000000000003 1.3375000000000001 1.0000000180025095e-35 0.58783829559481704 0.68550000000000011 0.60350000000000004 85.500000000000014 26.500000000000004 0.74450000000000005 0.17211590638724653 0.012499999999999957 0.68333333333333346
decision_type=2 2 2 2 2 2 2 2 2 2 2 2 2 2 2 2 2 2 2 2 2 2 2 2 2 2 2 2 2 2
left_child=1 3 21 5 9 7 12 8 20 14 -10 -12 27 -8 18 16 -16 -11 -4 -20 -1 -2 23 -23 -17 28 -18 -7 29 -13
right_child=2 -3 4 -5 -6 6 13 -9 10 17 11 25 -14 -15 15 24 26 -19 19 -21 -22 22 -24 -25 -26 -27 -28 -29 -30 -31
leaf_value=0.026243602727802552 -0.029318159704771182 0.022826579758269266 -0.029212469272888994 0.021395702546409042 0.019977824386317174 0.02103496411288374 0.024769412397390288 0.017596944298543422 0.0090945496777821988 0.0068075677443823861 0.02465813539109863 -0.032018744196857053 -0.017439972461740942 -0.028160190042427466 -0.0038633425757602152 -0.020314621489306139 0.011778684169591531 -0.022970915413955635 0.077157953897509068 -0.03343825896146882 -0.013449962448896258 -0.032166861070603299 -0.023555517472616447 0.061288568618969169 0.015584043028153126 0.015754724359449152 0.10453170210064019 -0.029636478116372128 -0.0013107814277249427 0.0095150071069373936
leaf_weight=1048.9992653615773 3800.8359631970525 6020.9810010939837 2003.5125152282417 2462.7274197712541 586.0280439928174 499.79989856481552 661.28414457291365 2596.22381927073 1939.6673366427422 1856.0867067687213 393.2699241489172 1345.1947844177485 2649.2901420556009 161.84797119349241 2145.6057756245136 2837.2393886595964 68.131261225789785 523.26511050015688 83.323777228593826 119.88958034664392 245.345328848809 85.857095953077078 1082.1951774358749 201.23845238983631 254.35078195109963 295.57304330170155 63.022565826773643 139.50786834210157 710.83517962694168 264.63824648410082
leaf_count=634 80023 2947 22839 1742 2067 1990 882 1801 1942 9719 240 6971 9910 469 11061 28179 317 3167 110 2507 801 1104 21007 922 1083 217 263 773 1125 279
internal_value=-7.10324e-05 0.010391 -0.0143445 0.00553003 -0.00929284 0.00250891 -0.00682697 0.00685225 0.00237801 -0.0110215 -0.00190092 -0.00898964 -0.0121227 0.0142977 -0.0145569 -0.0100998 -0.000246305 0.000238028 -0.0253714 0.0123724 0.0187059 -0.024632 -0.0115887 0.0332967 -0.0173489 -0.01407 0.0576896 0.00989081 -0.0178841 -0.0251861
internal_weight=37145.8 21435.2 15710.6 15414.2 10540.5 12951.5 4111.73 8839.75 6243.52 9954.43 4949.18 3009.51 3288.6 823.132 7575.08 5368.35 2276.76 2379.35 2206.73 203.213 1294.34 5170.13 1369.29 287.096 3091.59 2616.24 131.154 639.308 2320.67 1609.83
internal_count=217091 32723 184368 29776 81312 28034 14024 14010 12209 79245 10774 8832 12673 1351 66359 40903 11641 12886 25456 2617 1435 103056 23033 2026 29262 8592 580 2763 8375 7250
is_linear=0
shrinkage=0.03


Tree=61
num_leaves=31
num_cat=0
split_feature=0 1 18 0 10 12 9 9 18 8 12 1 10 6 15 16 15 13 0 1 16 0 16 2 6 18 10 11 16 6
split_gain=5882.2 1593.4 811.558 715.011 619.207 622.92 658.103 583.904 505.716 492.778 442.935 489.489 414.572 394.413 390.922 406.835 459.762 358.064 441.978 368.055 347.086 330.071 300.26 289.183 325.014 355.681 276.967 268.885 267.693 342.69
threshold=0.66033148693280064 0.52150000000000019 4.5000000000000009 0.95287792712394592 -5.0499999999999989 1.0000000180025095e-35 -0.89999999999999991 -1.2249999999999999 26.500000000000004 165.50000000000003 1.0000000180025095e-35 0.20250000000000004 -2.4722222222222219 0.12218285476674139 0.95517121453263643 0.77345568691932931 -0.98144480685298208 0.35000000000000003 0.016353580043187887 0.69150000000000011 -0.99770481905597441 0.011392820196433119 0.13372678447058942 -0.14499999999999996 0.075972290256046501 22.500000000000004 8.8166666666666682 0.29285714285714287 0.41735383339710297 0.053014044260823352
decision_type=2 2 2 2 2 2 2 2 2 2 2 2 2 2 2 2 2 2 2 2 2 2 2 2 2 2 2 2 2 2
left_child=1 4 12 10 -1 6 7 8 20 23 11 -2 -3 27 15 16 -13 21 19 -19 -6 -14 -7 24 25 -4 28 -8 29 -18
right_child=3 2 9 -5 5 22 13 -9 -10 -11 -12 14 17 -15 -16 -17 26 18 -20 -21 -22 -23 -24 -25 -26 -27 -28 -29 -30 -31
leaf_value=-0.025094234555055623 0.015818386629987094 -0.020025876296616195 -0.01443170961041235 0.026060053378311514 0.045681414124349465 0.029837959045116783 -0.031980710882246174 0.017166356975844472 0.025847579895964052 0.034162544165954947 0.022761080774054053 0.016662415158828388 -0.02323319138432919 0.010785678966875793 0.019465323258371983 0.0083298893455646776 -0.035026832540891048 0.068779184349699263 -0.033330192922367108 -0.031555399758415592 -0.017366041016650326 0.016341127216723948 -0.001280766095877449 -0.023069722850954127 -0.014799851951071629 0.08381968543912427 0.00592715182687011 -0.010367266507715899 -0.046792300355943714 0.0007838040174888471
leaf_weight=853.02880493924022 3621.2368655353785 924.85505321994424 57.673889324069023 3886.4702498167753 80.552250351756811 931.96812739595771 646.83702103048563 2221.3346545994282 360.30104061216116 140.77723797038198 2231.758941963315 399.66619412600994 216.73444943130016 654.19235290586948 828.06813359260559 1527.7976373285055 466.71141877770424 80.359808996319771 393.86784429475665 52.05942514911294 1360.5815163142979 1396.2795559205115 397.44516762718558 8881.5281189419329 315.20080358162522 72.660107038915157 319.38150954246521 2585.3458697386086 368.4919872507453 492.59179911017418
leaf_count=4758 2386 11684 623 1587 177 905 5912 3251 649 85 1118 445 5090 1029 567 1556 1234 177 2940 616 6956 7828 855 140966 2284 300 349 8990 1009 765
internal_value=-7.08328e-05 -0.00955782 -0.016701 0.0151045 -0.000684905 0.00157631 -0.00161993 0.00688339 -0.00580391 -0.021043 0.0109465 0.00765312 -0.00327734 -0.0104202 0.000930965 -0.00337526 -0.0121116 0.00398123 -0.0174417 0.0295083 -0.0137544 0.0109904 0.0205527 -0.021887 0.00168739 0.0409961 -0.0191108 -0.0147183 -0.0251331 -0.0166933
internal_weight=36765.8 22623.6 12532 14142.2 10091.6 9238.56 7909.14 4022.77 1801.43 9467.84 10255.7 8023.95 3064.16 3886.38 4402.71 3574.64 2046.84 2139.3 526.287 132.419 1441.13 1613.01 1329.41 9327.06 445.535 130.334 1647.18 3232.18 1327.8 959.303
internal_count=217091 206075 172593 11016 33482 28724 26964 11033 7782 144258 9429 8311 28335 15931 5925 5358 3802 16651 3733 793 7133 12918 1760 144173 3207 923 3357 14902 3008 1999
is_linear=0
shrinkage=0.03


Tree=62
num_leaves=31
num_cat=0
split_feature=1 0 8 0 1 1 8 5 5 16 18 3 8 2 16 1 6 6 11 16 2 16 9 18 15 15 8 5 16 1
split_gain=5633.98 1612.98 1158.1 768.026 608.928 593.659 504.611 514.189 729.532 481.422 453.008 439.06 428.079 382.925 342.593 461.511 332.595 357.866 316.53 308.395 356.809 307.258 297.658 395.057 279.726 301.802 268.632 338.747 267.14 249.649
threshold=0.33350000000000007 0.45452055726779056 4.5000000000000009 0.0088162231969116465 0.087500000000000008 0.088500000000000009 -1.4999999999999998 1.1595000000000002 1.3375000000000001 0.93894200314753651 22.500000000000004 0.02449999999999997 -7.4999999999999991 0.059999999999999894 -0.4505077370172198 0.31150000000000005 0.037205286362733042 1.0000000180025095e-35 0.38750000000000007 -0.91135136321202292 -0.20549999999999999 -0.039240420811347591 -6.5499999999999989 23.500000000000004 -0.64370555027003795 0.6554825355768833 94.500000000000014 0.71950000000000014 -0.64850100712229064 1.4065000000000001
decision_type=2 2 2 2 2 2 2 2 2 2 2 2 2 2 2 2 2 2 2 2 2 2 2 2 2 2 2 2 2 2
left_child=2 3 4 -2 -1 -6 7 -5 24 10 12 14 -3 -12 15 19 17 -8 21 -7 -21 28 23 -16 -9 -26 27 -18 -14 -28
right_child=1 9 -4 6 5 11 16 8 -10 -11 13 -13 18 -15 22 -17 26 -19 -20 20 -22 -23 -24 -25 25 -27 29 -29 -30 -31
leaf_value=0.021155202683610444 -0.030477814250479948 -0.034183090686499072 0.022529417805719727 -0.023718646899136012 -0.029640142485329653 0.0021625804231444499 0.025053066102422614 -0.032273690650393795 -0.026285197703297826 0.01905368784330852 -0.035263963828601509 -0.014572410505722732 -0.024247207204652736 0.020340996931404808 -0.046725508376716761 0.027467716061419546 0.0011766480327454602 -0.017378894819260006 0.014036082043627727 0.013915004681808466 -0.048559272151199706 -0.043467724211832301 0.013617491020397504 0.018585911355693853 0.043954302416795418 -0.032713684853036676 0.038099440931208782 -0.016741631454603414 0.023395079146368878 -0.017421594392786576
leaf_weight=1912.0513327904046 2453.771370049566 237.41598648950458 6971.5828088074923 4369.1294442117214 491.35045562684536 373.40855607390404 187.51047411561012 62.070408578962088 463.22928062081337 1473.3356622457504 526.50048442929983 929.3644635528326 182.47149834781885 139.04716344922781 173.37481974437833 259.10904216021299 3032.4870203882456 3031.1185293644667 1819.6524052396417 105.04219874739647 358.47937738895416 179.97918281704187 4091.6367131024599 155.68174790591002 376.53099583089352 50.410710968077183 256.20611414313316 1379.2256018482149 244.03711386024952 99.356479089707136
leaf_count=1158 62453 986 3551 49125 5079 492 226 1387 9497 1056 1863 2008 603 191 593 289 15277 31346 2211 100 1017 618 3549 122 2510 1013 521 17055 345 850
internal_value=-7.01853e-05 -0.0104243 0.013387 -0.0150616 0.00617954 0.00204469 -0.0122127 -0.0193678 0.000606933 0.00479458 -0.00152743 0.00447252 0.00401017 -0.0236077 0.00768706 -0.00731204 -0.00743949 -0.0148859 0.00778526 -0.0181393 -0.0344031 -0.0109459 0.0114083 -0.0159369 0.0260861 0.0347367 -0.00240586 -0.00443268 0.00298547 0.022569
internal_weight=36384.6 20563.5 15821.1 15761 8849.5 6937.45 13307.3 5321.37 952.241 4802.44 3329.1 6446.1 2663.56 665.548 5516.73 1096.04 7985.9 3218.63 2426.14 836.93 463.522 606.488 4420.69 329.057 489.012 426.942 4767.28 4411.71 426.509 355.563
internal_count=217091 199133 17958 191260 14407 13249 128807 63532 14407 7873 6817 8170 4763 2054 6162 1898 65275 31572 3777 1609 1117 1566 4264 715 4910 3523 33703 32332 948 1371
is_linear=0
shrinkage=0.03


Tree=63
num_leaves=31
num_cat=0
split_feature=1 0 8 0 1 1 8 5 5 16 18 3 8 2 6 6 16 1 16 2 11 16 9 18 15 15 4 10 12 3
split_gain=5359.94 1540.61 1115.67 760.064 582.072 570.143 489.902 497.462 689.617 457.188 429.692 415.262 408.987 364.737 318.905 340.922 310.988 463.276 328.207 357.44 298.822 293.707 265.198 365.212 261.02 279.072 259.254 371.603 381.98 535.349
threshold=0.33350000000000007 0.45452055726779056 4.5000000000000009 0.0088162231969116465 0.087500000000000008 0.088500000000000009 -1.4999999999999998 1.1595000000000002 1.3375000000000001 0.93894200314753651 22.500000000000004 0.0064999999999999511 -7.4999999999999991 0.059999999999999894 0.037205286362733042 1.0000000180025095e-35 -0.4505077370172198 0.31150000000000005 -0.99562088216775535 -0.2215 0.38750000000000007 -0.039240420811347591 -6.5499999999999989 23.500000000000004 -0.64370555027003795 0.6554825355768833 -0.59749999999999992 -4.0499999999999989 1.0000000180025095e-35 0.0010000000000000566
decision_type=2 2 2 2 2 2 2 2 2 2 2 2 2 2 2 2 2 2 2 2 2 2 2 2 2 2 2 2 2 2
left_child=2 3 4 -2 -1 -6 7 -5 24 10 12 16 -3 -12 15 -8 17 18 -7 -20 21 -14 23 -18 -9 -26 -16 -28 29 -29
right_child=1 9 -4 6 5 11 14 8 -10 -11 13 -13 20 -15 26 -17 22 -19 19 -21 -22 -23 -24 -25 25 -27 27 28 -30 -31
leaf_value=0.020776109556327672 -0.030359204667252445 -0.033804920434078845 0.022168276299822116 -0.023433087129797307 -0.029443433786744917 0.022043686281315381 0.024563411761196155 -0.032128955582598116 -0.025992436312599187 0.018634824201975701 -0.034585385209732283 -0.011659196921935363 0.002904517892832558 0.019719984878850325 0.027235541778524233 -0.017063880135629757 -0.045189660565410329 0.028039797762859368 0.016573709810446372 -0.039295283725348566 0.013640677355328099 -0.04274542538396145 0.013742672294139944 0.018473265401956616 0.041845764097086 -0.032537656861798256 -0.026041213092813421 -0.013472329931619979 0.020980346892356165 0.011951048669005591
leaf_weight=1888.9394623041153 2390.4262472447008 232.97075443342328 6874.1371130868793 4290.9276362583041 479.98642779886723 144.0759500041604 185.59987938404083 60.516522809863091 454.55897643789649 1461.5076323822141 520.87049397826195 1185.4665452428162 424.93376354128122 139.21501459181309 249.59538782387972 2995.070300552994 165.32688704878092 254.48624383658171 128.00056716799736 497.00542383641005 1816.3645060658455 177.61635999381542 3893.9814013615251 154.08178599923849 383.677011359483 49.197502627968788 594.11001830175519 2155.277298219502 616.60772781819105 1135.9876270107925
leaf_count=1158 62453 986 3551 49125 5079 113 226 1387 9497 1056 1863 2392 948 191 441 31346 568 271 113 1260 2211 618 3333 120 2510 1013 7128 13795 1664 10675
internal_value=-7.04334e-05 -0.0102299 0.0131167 -0.0148026 0.00603401 0.00199236 -0.0119729 -0.0190907 0.000576916 0.00467706 -0.00149352 0.00435439 0.0039033 -0.0230947 -0.00726648 -0.014614 0.00798392 -0.00683319 -0.0184366 -0.0278289 0.00757243 -0.010697 0.0115858 -0.0145927 0.0250643 0.0332261 -0.002342 -0.00399886 -0.000630382 -0.0046945
internal_weight=36000.5 20335 15665.5 15561.6 8791.35 6902.41 13171.1 5238.88 947.95 4773.48 3311.97 6422.42 2651.89 660.086 7932.25 3180.67 5236.96 1023.57 769.082 625.006 2418.91 602.55 4213.39 319.409 493.391 432.875 4751.58 4501.98 3907.87 3291.26
internal_count=217091 199133 17958 191260 14407 13249 128807 63532 14407 7873 6817 8170 4763 2054 65275 31572 5778 1757 1486 1373 3777 1566 4021 688 4910 3523 33703 33262 26134 24470
is_linear=0
shrinkage=0.03


Tree=64
num_leaves=31
num_cat=0
split_feature=5 0 0 12 10 18 1 18 16 7 9 0 2 8 9 15 3 5 16 5 5 11 1 12 6 16 1 11 16 8
split_gain=5101.2 1276.42 847.147 715.228 542.87 533.046 481.028 459.631 413.504 409.042 407.825 439.811 407.621 426.495 375.521 366.053 504.463 359.006 353.475 785.054 541.695 339.442 321.692 381.195 475.076 434.549 332.993 319.572 293.193 284.796
threshold=0.41750000000000004 0.91483471542622563 0.018599656088281249 1.0000000180025095e-35 12.211111111111112 25.500000000000004 0.32250000000000006 26.500000000000004 0.90109942435734947 1.0000000180025095e-35 5.1000000000000005 0.26773947046077601 -1.0000000180025095e-35 36.500000000000007 3.9000000000000004 -0.92643760798524466 -0.04499999999999995 1.6775000000000002 0.58783829559481704 0.68550000000000011 0.60350000000000004 0.29285714285714287 0.55150000000000021 1.0000000180025095e-35 0.12218285476674139 -0.98072573025794729 0.5465000000000001 1.0000000180025095e-35 0.17211590638724653 1.0000000180025095e-35
decision_type=2 2 2 2 2 2 2 2 2 2 2 2 2 2 2 2 2 2 2 2 2 2 2 2 2 2 2 2 2 2
left_child=1 3 18 6 8 12 10 9 22 28 11 27 13 -6 -9 -13 -17 21 -2 20 -20 -10 23 24 26 -25 -4 -1 -8 -18
right_child=2 -3 4 -5 5 -7 7 14 17 -11 -12 15 -14 -15 -16 16 29 -19 19 -21 -22 -23 -24 25 -26 -27 -28 -29 -30 -31
leaf_value=0.025156577653299858 -0.028790686199020598 0.021659696643872937 -0.022578252948074091 0.020113932889097515 -0.024409343122563942 -0.024301338404668263 0.02080390708568405 0.023788426288972722 -0.022679138883871533 -0.01674482516952339 0.016318426665745258 0.01649053770952074 0.028577050994878398 0.026303669959324805 -0.027197803365808924 0.0047884905156905019 -0.023843366910103716 0.038448585117666766 -0.031873530790604648 -0.022803880125044838 0.058948717179815105 0.004778178803537099 -0.02079715582074949 0.070662460184765866 0.025953710527392621 0.0017558509893198125 0.028087887910928384 -0.013088955438659806 -0.028592387868925817 0.00064917981710375884
leaf_weight=1011.4758731015027 3492.2473657485098 5697.0075034499168 1499.117486063391 2363.7637333981693 362.73630285635591 398.65888130664825 496.25446474924684 653.67608324065804 596.9067047983408 2593.4137511439621 2511.3363574966788 788.5985756367445 820.84705866873264 249.19537321478128 159.43760554492474 2016.7964956313372 1405.1978954970837 194.20293696969748 80.355659808963537 1012.7294094711542 204.93525557219982 1246.2957461029291 3947.0992759764194 103.80788442492485 244.82602507248521 360.67630062252283 124.06191200017929 241.89837583899498 135.25329066812992 613.16821217536926
leaf_count=634 80023 2947 10688 1742 2578 3537 1990 882 4547 9910 1801 641 2918 715 469 2276 7167 414 1104 21007 922 6417 47250 56 537 1137 518 801 773 690
internal_value=-7.06321e-05 0.00957553 -0.013428 0.00497957 -0.0085155 0.00626271 0.00214221 -0.00639433 -0.0117708 -0.0114758 0.00615666 0.0019514 0.0147999 -0.00373004 0.0137277 -0.00216512 -0.00582057 -2.63845e-05 -0.0238235 -0.010424 0.033302 -0.00413606 -0.0155794 -0.00673453 -0.0127815 0.0175105 -0.0186611 0.0177616 0.0101393 -0.0164127
internal_weight=35626 20687.3 14938.7 14990.3 10148.4 1831.44 12626.5 4038.04 8316.99 3224.92 8588.47 6077.14 1432.78 611.932 813.114 4823.76 4035.16 2037.41 4790.27 1298.02 285.291 1843.2 6279.59 2332.49 1868.01 464.484 1623.18 1253.37 631.508 2018.37
internal_count=217091 32723 184368 29776 81312 9748 28034 14024 71564 12673 14010 12209 6211 3293 1351 10774 10133 11378 103056 23033 2026 10964 60186 12936 11743 1193 11206 1435 2763 7857
is_linear=0
shrinkage=0.03


Tree=65
num_leaves=31
num_cat=0
split_feature=0 1 18 0 10 12 9 9 18 8 8 10 9 5 5 1 16 11 16 13 13 0 16 1 0 2 6 18 16 15
split_gain=4875.07 1353.7 747.827 676.23 561.872 534.84 604.693 494.438 455.468 447.548 409.515 376.204 360.054 359.748 438.647 349.387 371.643 462.998 467.761 334.943 331.305 428.024 326.166 324.338 285.825 282.536 305.461 307.381 281.607 250.475
threshold=0.66033148693280064 0.52150000000000019 4.5000000000000009 0.95287792712394592 -5.0499999999999989 1.0000000180025095e-35 -0.89999999999999991 -1.2249999999999999 26.500000000000004 165.50000000000003 -7.4999999999999991 -2.4722222222222219 1.0000000180025095e-35 0.36550000000000005 0.50050000000000006 0.17750000000000002 0.93115963423977244 0.43650793650793657 0.41735383339710297 0.55000000000000016 0.35000000000000003 0.016353580043187887 -0.99562088216775535 0.69150000000000011 0.011392820196433119 -0.14499999999999996 0.075972290256046501 22.500000000000004 0.13372678447058942 0.6279078637561023
decision_type=2 2 2 2 2 2 2 2 2 2 2 2 2 2 2 2 2 2 2 2 2 2 2 2 2 2 2 2 2 2
left_child=1 4 11 10 -1 6 7 8 22 25 -2 -3 -8 -14 -15 -12 17 29 -19 -20 24 23 -6 -22 -13 26 27 -4 -7 -17
right_child=3 2 9 -5 5 28 12 -9 -10 -11 15 20 13 14 -16 16 -18 18 19 -21 21 -23 -24 -25 -26 -27 -28 -29 -30 -31
leaf_value=-0.024367442729982629 -0.0081340177751019673 -0.019106287669181266 -0.013305298472422846 0.025039545574981861 0.039658312639404218 0.028323121414545068 -0.030351616066614677 0.016294225431004668 0.024978640597881845 0.033473804028185936 0.020388505111590311 -0.022253016770822798 0.002499763201890767 -0.026268482644326043 0.02070881022945268 -0.0028308997772609271 0.020460870166278792 0.018539672009777582 0.0021116698307689081 -0.041225146513443216 0.064590886765594394 -0.032970285039708495 -0.016821501322908293 -0.031200525006633475 0.015891013476258781 -0.022156112716824293 -0.013841730507408414 0.078723644380350066 -0.0020487403881330334 -0.030725273602478766
leaf_weight=821.88127612322569 1010.5367227569222 879.58214140497148 54.693205308169127 3656.1774582415819 96.19689304381609 914.25252350047231 649.62193613685668 2170.2571410723031 357.25122692063451 135.6825531385839 2974.8785299509764 200.05824474804103 1869.6684371903539 1041.5274383518845 213.51410862244666 1052.6565610468388 1541.4041081666946 1980.2226282432675 782.93681748956442 198.81653182208538 82.890224669128656 376.45264160260558 1299.6600116994232 48.228165484964848 1379.4914458915591 8313.331181332469 302.9475476667285 75.397638462483883 391.69657017849386 397.11141852289438
leaf_count=4758 1643 11684 623 1587 232 905 5942 3251 649 85 1597 5090 3228 5871 890 1744 851 1399 969 401 177 2940 6901 616 7828 140966 2284 300 855 825
internal_value=-7.02711e-05 -0.00890328 -0.0157293 0.0140112 -0.00066941 0.00150122 -0.00151284 0.00673178 -0.00511365 -0.0200839 0.00994776 -0.00268499 -0.0100815 -0.00584235 -0.0182461 0.0119964 0.00779462 0.0033583 0.0101546 -0.0067634 0.00425298 -0.0167681 -0.0128524 0.029447 0.0110268 -0.0209259 0.0026816 0.0406048 0.0192298 -0.0105192
internal_weight=35269 21674.3 11848.8 13594.7 9825.53 9003.65 7697.7 3923.37 1753.11 8882.05 9938.56 2966.7 3774.33 3124.71 1255.04 8928.03 5953.15 4411.74 2961.98 981.753 2087.12 507.571 1395.86 131.118 1579.55 8746.37 433.038 130.091 1305.95 1449.77
internal_count=217091 206075 172593 11016 33482 28724 26964 11033 7782 144258 9429 28335 15931 9989 6761 7786 6189 5338 2769 1370 16651 3733 7133 793 12918 144173 3207 923 1760 2569
is_linear=0
shrinkage=0.03


Tree=66
num_leaves=31
num_cat=0
split_feature=1 0 8 0 1 1 8 5 5 3 16 18 8 2 10 2 13 15 10 15 15 11 16 1 0 16 4 8 3 10
split_gain=4645.81 1367.83 1045.08 743.292 595.924 529.797 465.906 490.29 659.485 408.984 402.391 407.84 381.507 342.916 308.723 298.453 332.119 300.317 334.028 292.919 630.847 458.254 345.297 456.694 312.236 287.484 313.475 283.818 275.792 355.578
threshold=0.33350000000000007 0.45452055726779056 6.5000000000000009 0.0088162231969116465 0.087500000000000008 0.088500000000000009 -1.4999999999999998 1.1595000000000002 1.3375000000000001 0.0064999999999999511 0.93894200314753651 22.500000000000004 -7.4999999999999991 0.059999999999999894 -5.4722222222222214 -0.094000000000000042 0.55000000000000016 0.62166266928763747 -0.27499999999999997 -0.9217397168539988 -0.48337545391520315 0.78888888888888908 -0.06002743439290481 0.31150000000000005 0.84852458610538495 -0.64850100712229064 -0.05849999999999999 36.500000000000007 -1.0000000180025095e-35 11.050000000000002
decision_type=2 2 2 2 2 2 2 2 2 2 2 2 2 2 2 2 2 2 2 2 2 2 2 2 2 2 2 2 2 2
left_child=2 3 4 -2 -1 -6 7 -5 -9 14 11 12 -3 -13 -7 16 17 18 -8 -16 21 -21 23 24 -22 26 -14 -20 -17 -30
right_child=1 10 -4 6 5 9 15 8 -10 -11 -12 13 25 -15 19 28 -18 -19 27 20 22 -23 -24 -25 -26 -27 -28 -29 29 -31
leaf_value=0.0207413336518073 -0.030068949724881257 -0.033176964957480008 0.022541026212648904 -0.022850031714306756 -0.029135959484281972 -0.024739378839015159 0.041091670107233282 0.025149353462098446 -0.0254664143425373 -0.011007100375099057 0.017711731669680531 -0.033953670493922089 0.0073691411433888156 0.018865795299897462 0.024354456870949073 -0.014663593623824156 -0.019706701991967019 -0.019521911590391388 -0.021994513924078852 -0.051471644969241705 -0.029764950562732123 0.0064207004605742251 0.015032055878670667 0.030218772358732313 0.010123746478128106 0.012416540580239012 -0.043071185337460939 0.030181357350714959 -0.0077222063801086083 0.018723669940410904
leaf_weight=2021.2078762501478 2234.1133639197797 225.06023140996695 5694.7943635284901 4110.3256633989513 447.76733532547951 248.41436246782541 425.46199597790837 489.2206594273448 434.67884098924696 1267.460125695914 1426.7504145652056 509.79451517760754 258.60309956967831 138.94086057692766 954.70554856210947 3703.624366922304 326.10332409292459 180.97055558860302 199.50812440365553 274.21993819624186 517.78897676616907 220.20793169736862 3060.487425789237 248.05512820184231 265.38299626111984 1947.4624214097857 190.1852867603302 171.8592622615397 2142.3915784116834 578.65364088304341
leaf_count=1227 62453 986 2887 49125 5079 630 1126 4910 9497 2508 1056 1863 442 191 646 28280 1475 1089 1341 687 1232 212 2376 253 221 2635 700 627 27379 3958
internal_value=-6.95661e-05 -0.00968954 0.0123771 -0.0141135 0.00629559 0.00239814 -0.0113141 -0.0184142 0.00133016 0.00441059 0.00443607 -0.00136714 0.00390911 -0.0226065 0.00778998 -0.0066838 0.00639117 0.0151287 0.023042 0.00926098 0.00610508 -0.0258044 0.00997698 -0.00502563 -0.0162613 0.00742943 -0.0141503 0.0021995 -0.00933914 -0.00208384
internal_weight=34914.2 19693.7 15220.5 14996.9 9525.7 7504.49 12762.8 5034.23 923.9 7056.72 4696.8 3270.05 2621.31 648.735 5789.26 7728.57 1303.9 977.8 796.829 5540.85 4586.14 494.428 4091.71 1031.23 783.172 2396.25 448.788 371.367 6424.67 2721.05
internal_count=217091 199133 17958 191260 15071 13844 128807 63532 14407 8765 7873 6817 4763 2054 6257 65275 5658 4183 3094 5627 4981 899 4082 1706 1453 3777 1142 1968 59617 31337
is_linear=0
shrinkage=0.03


Tree=67
num_leaves=31
num_cat=0
split_feature=5 0 0 12 8 10 10 11 1 18 11 15 16 7 18 16 0 10 15 10 8 4 16 16 0 4 1 0 4 10
split_gain=4427.06 1146.18 815.469 647.811 578.778 418.956 467.629 708.458 493.617 405.282 416.776 421.07 390 389.007 363.398 399.607 357.398 309.711 475.084 289.067 282.436 273.945 268.825 322.395 309.914 266.361 345.028 288.729 252.951 248.93
threshold=0.41750000000000004 0.91483471542622563 0.0088162231969116465 1.0000000180025095e-35 68.500000000000014 -1.0499999999999998 -0.94999999999999984 0.2678571428571429 0.17750000000000002 3.5000000000000004 0.47222222222222227 -0.38164584319377765 -0.6131339418092504 1.0000000180025095e-35 26.500000000000004 -0.94503433850257312 0.059958172226850633 0.22500000000000003 0.38108667066471941 -1.0499999999999998 9.5000000000000018 -1.0004999999999997 -0.98506573393448116 -0.64850100712229064 0.71528819453040626 -0.22399999999999989 0.57550000000000001 0.4800003930722852 0.016499999999999963 8.4500000000000011
decision_type=2 2 2 2 2 2 2 2 2 2 2 2 2 2 2 2 2 2 2 2 2 2 2 2 2 2 2 2 2 2
left_child=1 3 -2 5 9 14 12 -8 -9 13 21 -12 -7 19 15 28 17 18 -13 -4 -18 -11 -10 -24 -25 26 -15 -27 -1 -6
right_child=2 -3 4 -5 29 6 7 8 22 10 11 16 -14 25 -16 -17 20 -19 -20 -21 -22 -23 23 24 -26 27 -28 -29 -30 -31
leaf_value=-0.013119271258636976 -0.029818175146973065 0.020738530278511656 -0.023230071525968565 0.01925874553613878 -0.0066415144225200331 -0.01977540420345086 -0.03350320541546746 0.017252143260018026 0.024387133041792259 0.036148612091304488 -0.018619611062719432 0.082580533956241889 0.020261651813204162 -0.032032656069922248 0.018681051638557291 -0.017799680496929354 -0.00062941470333777139 -0.016554671090862432 -0.031128635617878139 0.035884000856341823 0.03136614256534432 -0.021050959844645157 -0.025223903078332485 -0.0079259491788359719 0.0087373105493478414 -0.019694010664399252 0.026162525041192659 0.011407650324419929 0.036103922716939685 0.023725226912471722
leaf_weight=159.40632664039731 2146.1492835786194 5460.1631656438112 91.236413646489382 2299.3094647340477 396.83319582603872 240.86504153162241 493.91306281834841 1758.3297868147492 339.17502722889185 73.870251320302486 1548.2776686698198 71.869824370369315 2190.3679910227656 117.62665754556656 386.34041246399283 2045.8248711172491 508.30330775678158 892.47299326211214 57.013957714661956 362.92491658590734 482.22219881042838 5105.9923824835569 525.16918368637562 2192.0809395629913 1849.1169934123755 1206.9446884915233 381.56917729601264 343.14011241495609 221.62420167028904 619.18916377797723
leaf_count=407 61912 2947 1481 1742 3147 624 5361 1262 486 125 15936 386 2023 424 432 7397 2883 10928 973 1386 1108 67349 1758 6039 1750 12639 923 399 495 2369
internal_value=-6.94144e-05 0.00900512 -0.0127691 0.00464398 -0.0097779 0.00193047 0.00491699 0.00105367 0.00362889 -0.0117377 -0.0147851 -0.00687482 0.0162757 -0.00109357 -0.00824374 -0.0125478 0.00217785 -0.0102597 0.0327155 0.0239341 0.0149948 -0.0202148 -0.00126176 -0.00318164 -0.000300573 -0.00666708 0.0123404 -0.0128003 0.0155695 0.0118801
internal_weight=34567.3 20161.7 14405.6 14701.5 12259.5 12402.2 9589.02 7157.78 6663.87 11243.5 8740.02 3560.16 2431.23 2503.44 2813.2 2426.86 2011.88 1021.36 128.884 454.161 990.526 5179.86 4905.54 4566.37 4041.2 2049.28 499.196 1550.08 381.031 1016.02
internal_count=217091 32723 184368 29776 122456 28034 19303 16656 11295 116940 99688 32214 2647 17252 8731 8299 16278 12287 1359 2867 3991 67474 10033 9547 7789 14385 1347 13038 902 5516
is_linear=0
shrinkage=0.03


Tree=68
num_leaves=31
num_cat=0
split_feature=1 0 8 0 1 1 8 5 5 3 16 18 8 5 10 6 6 15 15 11 16 1 0 16 4 2 1 3 16 7
split_gain=4228.18 1254.64 999.581 722.695 559.561 485.532 439.958 476.81 622.283 382.142 372.592 385.965 360.126 327.18 298.876 290.179 290.686 276.788 597.776 424.348 324.116 430.949 288.737 266.688 299.836 268.911 248.936 478.034 314.744 282.514
threshold=0.33350000000000007 0.45452055726779056 6.5000000000000009 0.0088162231969116465 0.087500000000000008 0.088500000000000009 -1.4999999999999998 1.1595000000000002 1.3375000000000001 0.0064999999999999511 0.93894200314753651 22.500000000000004 -7.4999999999999991 0.33050000000000007 -5.7888888888888879 0.037205286362733042 1.0000000180025095e-35 -0.9217397168539988 -0.48337545391520315 0.78888888888888908 -0.06002743439290481 0.31150000000000005 0.84852458610538495 -0.64850100712229064 -0.05849999999999999 -0.034499999999999968 1.2985000000000002 -0.092999999999999902 -0.74562521285781158 1.0000000180025095e-35
decision_type=2 2 2 2 2 2 2 2 2 2 2 2 2 2 2 2 2 2 2 2 2 2 2 2 2 2 2 2 2 2
left_child=2 3 4 -2 -1 -6 7 -5 26 14 11 12 -3 -13 -7 16 -8 -16 19 -19 21 22 -20 24 -14 -25 27 -9 -28 -30
right_child=1 10 -4 6 5 9 15 8 -10 -11 -12 13 23 -15 17 -17 -18 18 20 -21 -22 -23 -24 25 -26 -27 28 -29 29 -31
leaf_value=0.020117808455859674 -0.029842865931451634 -0.032738732460895557 0.022002039639326766 -0.022392323605358505 -0.028851458218267741 -0.02671891093421163 0.023242471627605631 0.047541224847203002 -0.025028445774111351 -0.010861412977419471 0.017112765961479381 0.019782318938961162 0.0072080957202599041 -0.033029571075900134 0.023499425469216146 -0.0016604152468002152 -0.015975499800894941 -0.049774168546886793 -0.028954381286062279 0.0059423295609320245 0.014383831328204645 0.029116422320733252 0.0095359608336800569 -0.0054548794538797291 -0.042475275004835146 0.019137026529126671 0.083771755999337963 -0.035017474896611861 0.050521300922102171 -0.035192738021225349
leaf_weight=1975.0982582569122 2120.8260673619807 219.39736437052488 5549.6317550763488 3988.1958422455937 425.25218775868416 219.88912485912442 178.35796949267387 114.54041369818151 421.01279199123383 1263.1291967183352 1406.0977552235126 130.85102652013302 258.11626221984625 508.82518067210913 942.85904587060213 4608.8240835350007 2833.4139990825206 277.33633421361446 518.39760854840279 218.20791001617908 3036.5032805614173 248.38048204034567 262.50659494102001 562.75778145343065 185.72696495056152 1372.833479128778 106.66181913763285 133.35748975165188 80.299312066286802 56.474992806091905
leaf_count=1227 62453 986 2887 49125 5079 582 226 559 9497 2508 1056 145 442 1909 651 33703 31346 693 1242 212 2400 256 221 965 700 1670 367 2694 364 926
internal_value=-6.89049e-05 -0.00934815 0.0119117 -0.013657 0.00594152 0.00215755 -0.0109089 -0.0179196 0.00164157 0.00405638 0.00423534 -0.00136645 0.00377739 -0.0221846 0.00735224 -0.00639534 -0.0136322 0.00872718 0.00566021 -0.0253518 0.00945592 -0.00508153 -0.0160286 0.00718137 -0.0137276 0.0119897 0.0245077 0.00324084 0.0458612 0.0151337
internal_weight=34223.8 19286.6 14937.2 14642 9387.56 7412.46 12521.1 4900.54 912.347 6987.21 4644.61 3238.51 2598.83 639.676 5724.08 7620.6 3011.77 5504.19 4561.33 495.544 4065.79 1029.28 780.904 2379.43 443.843 1935.59 491.334 247.898 243.436 136.774
internal_count=217091 199133 17958 191260 15071 13844 128807 63532 14407 8765 7873 6817 4763 2054 6257 65275 31572 5675 5024 905 4119 1719 1463 3777 1142 2635 4910 3253 1657 1290
is_linear=0
shrinkage=0.03


Tree=69
num_leaves=31
num_cat=0
split_feature=5 0 0 12 8 1 18 18 11 15 8 8 13 7 6 1 0 10 15 3 10 16 6 15 5 10 4 8 16 17
split_gain=4019.58 1086.25 788.414 714.016 548.132 484.514 411.912 377.208 405.453 399.978 373.913 367.532 365.375 360.137 346.909 658.838 334.414 293.205 429.117 273.224 267.38 355.781 317.209 305.188 274.19 266.148 260.498 260.231 250.951 321.907
threshold=0.41750000000000004 0.95287792712394592 0.0088162231969116465 1.0000000180025095e-35 68.500000000000014 0.20250000000000004 27.500000000000004 3.5000000000000004 0.47222222222222227 -0.38164584319377765 -7.4999999999999991 -17.499999999999996 0.65000000000000002 1.0000000180025095e-35 0.0076223356001360052 0.087500000000000008 0.059958172226850633 0.22500000000000003 0.38108667066471941 -0.17699999999999994 -1.1833333333333331 -0.81485572635897163 0.10734854964481007 0.18845832648677752 0.17150000000000001 -1.0499999999999998 -1.0004999999999997 9.5000000000000018 -0.47464824871039363 2.5000000000000004
decision_type=2 2 2 2 2 2 2 2 2 2 2 2 2 2 2 2 2 2 2 2 2 2 2 2 2 2 2 2 2 2
left_child=1 3 -2 5 7 11 10 13 26 28 -7 -1 20 25 15 -13 17 18 -11 -14 21 23 -23 -12 -22 -4 -9 -18 29 -10
right_child=2 -3 4 -5 -6 6 -8 8 9 16 12 14 19 -15 -16 -17 27 -19 -20 -21 24 22 -24 -25 -26 -27 -28 -29 -30 -31
leaf_value=-0.032190646598963459 -0.029587234863961229 0.024098995564449215 -0.022767472323827451 0.019526131628671548 0.011697950207165951 -0.019885304557471544 0.017243383018172988 0.035079238292718133 -0.014596675771642939 0.077366922771384697 -0.010362022892183506 0.029472699641904656 -0.070181059435037926 -0.0064311272137882467 0.015323283467898588 -0.026065856980757422 -0.00035832970409633197 -0.016081372197906917 -0.030956503552058364 -0.0096202238566119574 -0.029450733365346468 -0.030692029238928682 0.003711272353477115 0.044905927900132099 0.0051128061884839811 0.034587400626489927 -0.020611886307335899 0.030418007445471146 -0.024556990841115196 0.048990500540261307
leaf_weight=175.47834472730756 2036.4396267998964 3385.1948166191578 88.80634031817317 2703.8515305630863 1011.7512190081179 1117.2381522599608 930.3176845908165 74.147976882755756 230.66426038555801 74.672882316634059 195.32124296948314 298.18662833794951 112.27499376237392 2016.4535852689296 3999.6291174292564 528.68102703243494 503.82415164634585 873.77925297804177 54.882441256195307 162.97463975474238 212.98228972032666 737.19320006296039 356.91991019248962 162.23761871084571 4752.1219279244542 360.68531906045973 4971.3632954005152 482.45253789052367 1180.4485487006605 100.38041432388127
leaf_count=508 61912 1549 1481 1949 5516 5784 1020 125 2239 386 588 130 335 14385 2905 5241 2883 10928 973 328 678 2679 883 370 7776 1386 67349 1108 13232 465
internal_value=-6.85246e-05 0.00863066 -0.0123367 0.00544277 -0.00940844 0.00266801 -0.00159398 -0.0113502 -0.0143317 -0.00647967 -0.00384384 0.0101112 -0.00115799 -0.00101202 0.0116682 -0.00600329 0.00235999 -0.00982013 0.0318167 -0.0348135 0.000301264 -0.0110108 -0.0194896 0.0148801 0.00361329 0.0231799 -0.0197731 0.014743 -0.0180971 0.00495124
internal_weight=33891.4 19830.6 14060.8 16445.4 12024.3 13741.6 8739.58 11012.6 8546.62 3501.1 7809.26 5001.98 6692.03 2465.95 4826.5 826.868 1989.61 1003.33 129.555 275.25 6416.78 1451.67 1094.11 357.559 4965.1 449.492 5045.51 986.277 1511.49 331.045
internal_count=217091 32723 184368 31174 122456 29225 20441 116940 99688 32214 19421 8784 13637 17252 8276 5371 16278 12287 1359 663 12974 4520 3562 958 8454 2867 67474 3991 15936 2704
is_linear=0
shrinkage=0.03


Tree=70
num_leaves=31
num_cat=0
split_feature=1 0 8 16 8 10 12 18 1 1 0 1 9 13 16 5 4 3 16 5 17 16 3 3 10 11 1 12 10 2
split_gain=3847.42 1093.39 932.618 784.863 838.23 620.449 513.405 459.6 449.592 438.716 372.699 363.786 358.178 339.475 308.954 469.962 370.746 423.839 405.768 305.115 299.306 686.659 282.731 270.089 430.835 228.718 227.18 234.488 224.524 222.387
threshold=0.32250000000000006 0.0088162231969116465 4.5000000000000009 0.90109942435734947 -7.4999999999999991 15.112500000000002 1.0000000180025095e-35 22.500000000000004 0.087500000000000008 0.088500000000000009 0.33659961835703267 0.52150000000000019 -7.633333333333332 1.0000000180025095e-35 -0.4392102378618693 0.31050000000000005 0.073999999999999996 -0.22700000000000001 -0.99562088216775535 1.5795000000000001 2.5000000000000004 -0.50609380739745924 0.034499999999999982 0.075999999999999984 -1.0499999999999998 0.58571428571428574 0.12550000000000003 1.0000000180025095e-35 -2.4722222222222219 -1.0000000180025095e-35
decision_type=2 2 2 2 2 2 2 2 2 2 2 2 2 2 2 2 2 2 2 2 2 2 2 2 2 2 2 2 2 2
left_child=2 -2 8 4 20 6 23 11 -1 -10 13 -8 -11 -5 15 16 17 -14 -19 29 -3 -22 -16 -6 -25 -13 -4 -28 -20 -7
right_child=1 3 26 10 5 19 7 -9 9 12 -12 25 14 -15 22 -17 -18 18 28 -21 21 -23 -24 24 -26 -27 27 -29 -30 -31
leaf_value=0.018625420388515924 -0.029631203258494481 -0.030054597627587505 0.028534268982449602 0.0039620886416783779 -0.01423549081866151 0.0034828817421558174 0.02205457773744526 -0.036767612425706156 -0.028601641508619397 -0.023854634083426751 0.014295234614113255 -0.0286859714027459 0.014552584686043578 -0.022048857494744365 0.011787320701951841 0.033569454208373303 0.020119869126648055 0.0099722483958554139 -0.014109409570824977 -0.037844226062953762 0.05381872168420495 -0.020451214381824893 -0.012922322888309171 -0.023279474214709963 0.013564849209425306 0.02731928125541937 0.011159888342961459 0.026801558017582511 -0.063034522182431774 0.03089026870163487
leaf_weight=1745.6030726023018 2013.8951152339578 2099.5391902979463 2167.6983413249254 1556.7413421012461 6313.8158805184066 469.79703421145678 1031.5824029743671 184.91498207487166 406.33550552278757 398.24547262117267 2014.42214063555 245.13543585315347 173.67820899188519 632.71923884190619 3895.919381082058 196.58213533461094 190.58130899071693 121.88091248646379 113.50474942848086 89.189351411536336 129.88781997561455 712.72828650102019 464.15142304077744 431.22440510801971 831.73405807651579 86.567685224115849 2595.6419783756137 1295.5324887037277 351.57597243413329 615.16493297554553
leaf_count=1158 62458 31401 800 12027 53233 2384 1278 1323 5079 1163 2161 2615 148 6012 3493 126 210 132 268 1435 501 9334 874 5389 6168 376 2007 517 1128 1893
internal_value=-6.80709e-05 -0.00871724 0.0118534 -0.00629822 -0.00988313 -0.00584523 -0.00848725 0.00724407 0.00516399 0.00143437 0.00499241 0.0132814 0.0035143 -0.00357455 0.00550511 -0.00832738 -0.0170642 -0.0264233 -0.0385601 0.0146567 -0.0239976 -0.00885231 0.00914978 -0.0117033 0.000959373 -0.0139559 0.0207432 0.0163843 -0.0512611 0.019065
internal_weight=33576 19459.1 14116.9 17445.2 13241.3 10299.1 9124.97 1548.2 8058.06 6312.46 4203.88 1363.29 5906.12 2189.46 5507.87 1147.8 951.221 760.64 586.962 1174.15 2942.16 842.616 4360.07 7576.77 1262.96 331.703 6058.87 3891.17 465.081 1084.96
internal_count=217091 199988 17103 137530 117330 76094 70382 5592 13779 12621 20200 4269 7542 18039 6379 2012 1886 1676 1528 5712 41236 9835 4367 64790 11557 2991 3324 2524 1396 4277
is_linear=0
shrinkage=0.03


Tree=71
num_leaves=31
num_cat=0
split_feature=1 12 1 18 18 1 9 10 8 15 15 0 15 11 4 10 13 0 1 8 8 9 6 0 10 13 5 5 6 16
split_gain=3661.1 1185.53 1225.53 874.389 527.769 772.337 561.404 401.202 396.131 380.507 559.655 467.495 386.811 388.121 373.553 320.523 312.461 373.254 309.817 307.653 294.395 292.175 267.527 257.943 268.615 398.411 262.836 1006.96 362.548 277.655
threshold=0.52150000000000019 1.0000000180025095e-35 0.087500000000000008 4.5000000000000009 27.500000000000004 0.32250000000000006 5.1000000000000005 -5.4722222222222214 165.50000000000003 -0.9217397168539988 -0.48337545391520315 0.29410906822609312 0.68757518948981744 0.47222222222222227 0.28100000000000014 3.1333333333333337 0.35000000000000003 0.016353580043187887 0.69150000000000011 -5.4999999999999991 5.5000000000000009 32.900000000000006 0.066585033353348075 0.0088162231969116465 11.422222222222224 0.10555555555555557 1.2875000000000003 1.3375000000000001 0.044497190922588671 0.9866384087931378
decision_type=2 2 2 2 2 2 2 2 2 2 2 2 2 2 2 2 2 2 2 2 2 2 2 2 2 2 2 2 2 2
left_child=1 2 -1 7 5 6 9 -2 23 -4 15 -12 22 -14 21 -11 19 18 -18 -9 -3 -7 -13 -5 26 -26 -25 28 -28 -29
right_child=3 20 4 8 -6 14 -8 16 -10 10 11 12 13 -15 -16 -17 17 -19 -20 -21 -22 -23 -24 24 25 -27 27 29 -30 -31
leaf_value=0.021888037559398398 -0.020717497153663778 0.0086953727512133899 0.015705618503424605 -0.030328934401242836 0.018131640782448156 -0.013720697379486073 0.014951292855415764 -0.0084235035498848292 0.032544282744537481 -0.053166693483239706 0.017299693168607154 -0.0076464425192559323 -0.026675805766244287 0.00097353095799090743 0.025119935940735163 0.0040586586258767364 0.063002335714802127 -0.028283466346455923 -0.030903681259014167 0.01903470749572328 0.025790989413321447 0.044333445001804556 0.018534518915685482 -0.022783542954520192 -0.015686994092489397 0.021606882813269494 0.074992754258590172 -0.030992063143918617 -0.032158054036678346 0.042409616220816279
leaf_weight=2760.9711202792823 667.84655126929283 1274.87530066818 952.19175375625491 1683.1828367672861 1329.2044851891696 4729.7676437366754 2773.6535558104515 505.02587152644992 129.31010581925511 314.60306011885405 908.74307030439377 724.86196291446686 1152.1440633386374 755.58993308991194 243.44327276386321 121.33964429795742 84.115110348910093 414.02087955549359 47.341308256611228 1329.1225526966155 3170.7906876690686 76.480130478739738 676.32273676991463 4483.6620380729437 847.85200993716717 366.97018059529364 154.72491784952581 490.00936754234135 32.873906122520566 48.591450940817595
leaf_count=1559 9898 2047 853 54710 1625 21924 2019 7055 85 869 1039 1110 6692 924 631 149 197 3309 681 7344 1783 67 563 63179 10486 1563 903 12933 669 225
internal_value=-6.78113e-05 0.00706732 0.00355477 -0.0139542 0.000121262 -0.00166504 0.0039198 -0.000223942 -0.0190319 -0.00154347 -0.00508072 -0.00172429 -0.00695987 -0.0157405 -0.0109293 -0.0373198 0.00554646 -0.0143344 0.0292491 0.0114728 0.0208977 -0.0127698 0.00500316 -0.0198662 -0.0171123 -0.00439589 -0.0200732 -0.00331434 0.0560055 -0.0241717
internal_weight=33249.6 21965 17519.3 11284.6 14758.3 13429.1 8379.45 3047.47 8237.18 5605.8 4653.6 4217.66 3308.92 1907.73 5049.69 435.943 2379.63 545.477 131.456 1834.15 4445.67 4806.25 1401.18 8107.87 6424.68 1214.82 5209.86 726.2 187.599 538.601
internal_count=217091 43854 40024 173237 38465 36840 14218 28484 144753 12199 11346 10328 9289 7616 22622 1018 18586 4187 878 14399 3830 21991 1673 144668 89958 12049 77909 14730 1572 13158
is_linear=0
shrinkage=0.03


Tree=72
num_leaves=31
num_cat=0
split_feature=0 0 4 0 2 8 8 1 5 0 11 15 10 2 1 11 15 8 15 6 1 3 11 3 8 18 0 15 15 16
split_gain=3493.46 1106.52 658.399 600.731 417.723 352.992 345.839 356.536 690.191 494.674 338.265 352.296 335.538 322.97 304.372 298.803 539.352 285.056 278.814 274.692 267.455 258.144 306.132 260.061 248.525 240.385 285.126 411.31 240.373 296.162
threshold=0.66033148693280064 0.0088162231969116465 -0.19199999999999987 0.95287792712394592 -0.094000000000000042 -7.4999999999999991 -2.4999999999999996 1.2615000000000001 1.3375000000000001 0.36202023519012677 0.47222222222222227 -0.18547951050127989 -3.1833333333333331 0.016499999999999963 0.12550000000000003 0.31666666666666671 0.72174373541677772 3.5000000000000004 0.27258791154497325 0.0063953107821652757 0.48250000000000004 -0.020000000000000007 0.15476190476190479 0.025499999999999971 102.50000000000001 12.500000000000002 0.020235319575841102 0.24698544666729541 0.95517121453263643 0.93115963423977244
decision_type=2 2 2 2 2 2 2 2 2 2 2 2 2 2 2 2 2 2 2 2 2 2 2 2 2 2 2 2 2 2
left_child=1 -1 12 5 18 -2 7 9 -9 -6 13 -12 17 -8 -7 16 -16 -3 -4 -11 -15 22 -14 -23 -22 -13 27 -27 29 -17
right_child=3 2 4 -5 6 14 10 8 -10 19 11 25 21 20 15 28 -18 -19 -20 -21 24 23 -24 -25 -26 26 -28 -29 -30 -31
leaf_value=-0.029487814445043541 -0.0086262481881389311 -0.035995826312319089 0.018923284921153721 0.023289714165199978 -0.026769563885479825 0.022118012904918081 -0.015397139367886154 0.036227496961201942 -0.026896406312241456 0.04366069814551183 -0.010038555870054765 0.0050243362350604025 0.018441565372362981 0.017953224310997707 0.003436691907880702 0.0036047391038879681 -0.045659362515661453 0.010807688166046501 -0.010317840444648743 -0.0073510319633696341 -0.018159983682878019 0.030761239500305078 -0.0024364868660961404 -0.016131423711522444 0.02280025362180731 0.0103887410146195 0.021077889343599769 0.17841236988089185 0.024168726519491729 0.022719872268320507
leaf_weight=1917.0708568263799 980.47425957024097 308.42208442650735 774.05203490331769 3284.6127882599831 2846.589566539973 1605.3056908994913 4075.5919274538755 301.73828136362135 316.21286240778863 104.65456856042147 1339.835811926052 1326.4924251958728 897.731654221192 535.71558121033013 1446.6632219031453 3211.9313117340207 230.89016328752041 185.89714381843805 469.13889695890248 805.71898389980197 622.04225491732359 651.12866352498531 2117.320135300979 125.16926180757582 166.71979097649455 25.852125084027648 266.65060552582145 24.457160016521811 1024.6471211463213 941.4607662782073
leaf_count=62463 1643 2345 3486 1587 43171 799 35884 2595 8060 164 11078 6214 1308 1400 1848 3583 567 587 2644 2848 10686 1224 7160 573 588 484 958 155 521 468
internal_value=-6.7135e-05 -0.00782167 -0.00554591 0.0122432 -0.0086948 0.00839394 -0.0103124 -0.017148 0.00395237 -0.0206191 -0.00674027 0.00136684 0.00474056 -0.0112173 0.0103687 0.00760895 -0.00339009 -0.0184356 0.00789038 -0.00136269 0.00165018 0.00777446 0.00379211 0.0231673 -0.00944868 0.0106665 0.0340108 0.0975146 0.0111723 0.00795089
internal_weight=32930.2 20204.2 18287.1 12726 14001.5 9441.37 12758.3 4374.91 617.951 3756.96 8383.36 2983.29 4285.67 5400.07 8460.9 6855.59 1677.55 494.319 1243.19 910.374 1324.48 3791.35 3015.05 776.298 788.762 1643.45 316.96 50.3093 5178.04 4153.39
internal_count=217091 206075 143612 11016 130415 9429 124285 56838 10655 46183 67447 18889 13197 48558 7786 6987 2415 2932 6130 3012 12674 10265 8468 1797 11274 7811 1597 639 4572 4051
is_linear=0
shrinkage=0.03


Tree=73
num_leaves=31
num_cat=0
split_feature=1 0 8 0 16 15 4 9 1 8 5 5 4 4 9 16 18 8 12 9 15 10 3 2 5 5 15 11 0 4
split_gain=3344.4 1007.82 836.588 588.405 490.691 484.196 437.957 443.787 366.114 348.928 500.18 544.735 358.433 383.222 323.35 328.822 425.946 306.086 288.239 283.249 302.54 279.846 269.68 246.094 239.618 315.114 235.207 271.888 425.846 224.898
threshold=0.36250000000000004 0.36202023519012677 3.5000000000000004 0.0088162231969116465 0.75856762711588999 -0.92643760798524466 -0.20299999999999987 -4.3666666666666663 0.12550000000000003 -1.4999999999999998 1.1595000000000002 1.3375000000000001 -0.29849999999999999 -0.33449999999999991 34.45000000000001 0.93532560930767239 22.500000000000004 -7.4999999999999991 1.0000000180025095e-35 3.9000000000000004 0.91281992198303508 -0.58571428571428552 0.10300000000000004 -0.012499999999999954 0.085500000000000007 0.15350000000000003 0.80855714471192519 0.58571428571428574 0.059958172226850633 -0.59749999999999992
decision_type=2 2 2 2 2 2 2 2 2 2 2 2 2 2 2 2 2 2 2 2 2 2 2 2 2 2 2 2 2 2
left_child=2 3 4 -2 5 -1 7 -7 -4 10 12 -12 13 -5 15 16 17 -3 19 -10 -21 -19 -18 -23 -8 -26 29 -28 -29 -11
right_child=1 14 8 9 -6 6 24 -9 18 26 11 -13 -14 -15 -16 -17 22 21 -20 20 -22 23 -24 -25 25 -27 27 28 -30 -31
leaf_value=0.016116993639466393 -0.02919590966498127 -0.030903227753930309 0.027730330697080544 -0.021303479266010554 0.015020427175578064 -0.029937139313226186 0.011291698667839162 0.010828336399212138 -0.0052940167462180695 0.028845333678875859 0.023379696686152331 -0.023986227607883836 -0.025965376137863601 0.050081283322999819 0.03502280086706467 0.013506264217635565 -0.036910251658051715 -0.01102401232252951 0.023588605787304782 0.0069488291037484943 0.031167494246833752 -0.0041214878999306006 0.017044892107670316 0.021765729642882321 -0.033944492455403784 -0.009606685407598712 -0.033901196007589139 -0.035842553930083829 0.027509382718049997 -0.0053145379063951718
leaf_weight=1207.4567995294929 1859.940033480525 239.03467652201653 2201.9991679936647 151.74177145957947 2436.9698860347271 274.29791496321559 329.40239096432924 1803.4380205906928 1008.637684777379 176.27425399050117 490.72925304062665 389.06115953437984 3033.1333556640893 117.48992370814085 263.06279239803553 1291.8795316368341 479.37339960038662 683.34139813110232 1562.0039092451334 1655.9132598415017 643.47034978121519 519.85717249661684 98.941268637776375 900.3711712770164 641.52833630517125 1878.3084563091397 550.82238067500293 170.30793239362538 209.68788421526551 5387.9783617705107
leaf_count=1171 62428 1302 865 1053 2030 804 382 1673 1322 278 4904 9492 45937 238 121 1280 2232 2053 742 1520 256 1039 162 1240 5767 4076 7884 1816 599 52425
internal_value=-6.61116e-05 -0.00927132 0.00994489 -0.0136332 0.00364102 -0.000884702 -0.00505859 0.00541117 0.0175805 -0.0109148 -0.0176714 0.00242319 -0.0230221 0.0100567 0.00294762 0.000921233 -0.00465309 0.00104949 0.0129769 0.00794943 0.0137581 0.00471921 -0.027639 0.0123013 -0.0126911 -0.0158359 -0.00655817 -0.0204923 -0.000942273 -0.0042174
internal_weight=32656.5 17013 15643.4 12537.2 8571.4 6134.43 4926.98 2077.74 7072.02 10677.2 4182.16 879.79 3302.37 269.232 4475.86 4212.8 2920.92 2342.6 4870.03 3308.02 2299.38 2103.57 578.315 1420.23 2849.24 2519.84 6495.07 930.818 379.996 5564.25
internal_count=217091 196483 20608 187054 15903 13873 12702 2477 4705 124626 61624 14396 47228 1291 9429 9308 8028 5634 3840 3098 1776 4332 2394 2279 10225 9843 63002 10299 2415 52703
is_linear=0
shrinkage=0.03


Tree=74
num_leaves=31
num_cat=0
split_feature=1 0 8 16 8 10 1 12 18 1 13 9 1 17 16 0 5 16 16 5 3 3 5 2 16 2 2 6 3 10
split_gain=3195.31 996.736 835.947 676.281 776.694 547.287 465.977 448.965 427.067 404.425 360.906 346.774 311.518 295.926 589.615 284.586 282.696 275.857 478.105 314.969 283.233 277.768 272.941 266.757 296.455 282.517 415.047 259.775 252.658 396.921
threshold=0.32250000000000006 0.0088162231969116465 7.5000000000000009 0.90109942435734947 -7.4999999999999991 15.112500000000002 0.087500000000000008 1.0000000180025095e-35 22.500000000000004 0.088500000000000009 0.55000000000000016 -7.633333333333332 0.52150000000000019 2.5000000000000004 -0.50609380739745924 0.33659961835703267 1.5795000000000001 -0.4392102378618693 -0.94133401963002961 0.31050000000000005 0.039000000000000097 -0.22700000000000001 1.8165000000000002 -0.094000000000000042 0.92636759197280616 0.078999999999999987 0.099000000000000005 0.066585033353348075 0.075999999999999984 -1.0499999999999998
decision_type=2 2 2 2 2 2 2 2 2 2 2 2 2 2 2 2 2 2 2 2 2 2 2 2 2 2 2 2 2 2
left_child=2 -2 6 4 13 7 -1 28 12 -8 15 -11 -9 -3 -15 22 -7 18 27 21 -19 -20 23 -5 -25 -26 -27 -13 -6 -30
right_child=1 3 -4 10 5 16 9 8 -10 11 -12 17 -14 14 -16 -17 -18 20 19 -21 -22 -23 -24 24 25 26 -28 -29 29 -31
leaf_value=0.018756724308606955 -0.029193365153694351 -0.029588516794350438 0.021367082372306521 0.02250332718193826 -0.013435372404929639 0.018184109678774617 -0.028204254577073914 0.020897854341997424 -0.036443718221590052 -0.023090718136055306 -0.026547812102704751 -0.0063258940951552139 -0.013024327208327618 0.048759332780327007 -0.019447312241535755 0.015776018757220206 -0.037519789941732253 0.011075315371208641 0.0093978780200510616 0.021331091576595951 -0.012951869670648417 -0.039633216559727714 0.037193330960110176 0.017105016538672392 -0.021014733671664464 0.072823311454304457 -0.025319105597733038 0.035674049815308459 -0.022464488394175273 0.013431514833428035
leaf_weight=1921.3466625474393 1818.1649694181979 1958.9104542098939 4615.4589445739985 286.22865909524262 6127.6268451064825 1076.9629382248968 372.20410268008709 1017.6661774329841 176.75091692060232 402.61661083996296 303.79517114721239 256.17378716915846 317.78172168508172 134.23716126568615 674.03406321629882 1833.183980230242 85.953435203060508 4516.4188168607652 128.24955847859383 126.43282205611467 486.84744190052152 524.66610707715154 154.89131182990968 311.08741293847561 1066.7911455109715 72.499522054567933 77.407898634672165 269.9191969409585 413.80420520529151 824.99895632080734
leaf_count=1256 62458 31401 2487 1211 53233 4277 5079 1278 1323 1178 1696 393 2991 501 9334 1887 1435 4010 127 100 906 1418 524 2517 11056 316 993 149 5389 6168
internal_value=-6.56602e-05 -0.00810434 0.0109897 -0.00583269 -0.00922846 -0.00534695 0.00566544 -0.00788237 0.00699643 0.00210811 0.00475978 0.00380105 0.0128147 -0.0232927 -0.00798118 0.00728029 0.013981 0.00552742 -0.00674242 -0.0216255 0.00873097 -0.0300033 -0.000641778 -0.00392844 -0.00891479 -0.0155933 0.0226429 0.0153028 -0.0109383 0.00141567
internal_weight=32353.1 18732.8 13620.3 16914.6 12808.7 10041.5 9004.88 8878.63 1512.2 7083.53 4105.89 6711.32 1335.45 2767.18 808.271 3802.09 1162.92 6308.71 1305.44 779.348 5003.27 652.916 1968.91 1814.01 1527.79 1216.7 149.907 526.093 7366.43 1238.8
internal_count=217091 199988 17103 137530 117330 76094 14616 70382 5592 13360 20200 8281 4269 41236 9835 18504 5712 7103 2187 1645 4916 1545 16617 16093 14882 12365 1309 542 64790 11557
is_linear=0
shrinkage=0.03


Tree=75
num_leaves=31
num_cat=0
split_feature=1 12 1 18 18 1 9 8 10 4 0 15 18 4 6 1 13 8 8 5 15 9 13 15 3 13 5 5 0 0
split_gain=3058.32 1060.17 1060.15 817.165 476.027 644.493 480.942 372.695 368.991 346.829 341.587 401.543 385.112 343.159 324.285 294.208 287.718 278.013 271.003 265.245 263.984 263.148 245.91 333.054 235.573 221.813 263.533 381.145 250.172 206.412
threshold=0.52150000000000019 1.0000000180025095e-35 0.087500000000000008 4.5000000000000009 27.500000000000004 0.32250000000000006 5.1000000000000005 59.500000000000007 -5.4722222222222214 0.28100000000000014 0.32134789047943302 -0.9217397168539988 7.5000000000000009 -0.23100000000000001 0.017865858179876234 0.60750000000000004 1.0000000180025095e-35 5.5000000000000009 -17.499999999999996 0.31050000000000005 -0.61425823828986059 32.900000000000006 0.55000000000000016 -0.77999556313872964 -0.082500000000000004 0.65000000000000002 0.71950000000000014 0.9105000000000002 0.14146900113372882 0.71528819453040626
decision_type=2 2 2 2 2 2 2 2 2 2 2 2 2 2 2 2 2 2 2 2 2 2 2 2 2 2 2 2 2 2
left_child=1 2 -1 8 5 6 10 -5 -2 21 12 -12 -4 -13 -15 -10 -9 29 -17 -14 -16 -7 -8 -24 -22 26 28 -28 -20 -3
right_child=3 17 4 7 -6 9 22 16 15 -11 11 13 19 14 20 18 -18 -19 25 -21 24 -23 23 -25 -26 -27 27 -29 -30 -31
leaf_value=0.020735555704151858 -0.019910201933310091 -0.0051088097943921716 0.026039161599691957 -0.020288719663388074 0.017251730535824732 -0.013013147988615147 0.018684928075348019 -0.0093123902745854067 -0.020373357681992357 0.024586700729140674 0.014214530516753693 0.002877820031394124 -0.025854760447703178 -0.037733271625158188 -0.046898017996219121 -0.014882864609313819 0.03330218659225425 0.024807472087969677 0.047331655562882338 0.023820014178494001 -0.031856790032911024 0.042479407849388716 0.025786788235924007 -0.020295219188249312 -0.0018503694381431172 -0.033729465853723148 -0.031418783118020557 0.016740979081414219 0.0011180934535851526 0.019303044519192656
leaf_weight=2613.1677266955376 635.4389313198626 581.20720998197794 729.4137017428875 7077.0226876400411 1303.2500539999455 4624.2702637501061 2085.9941946417093 506.61027240939438 328.08923826739192 241.25784210115671 762.59229548275471 1260.5405707359314 291.74969625100493 505.84233348071575 161.2041550129652 323.30460627004504 195.01157935708761 3017.1163406297565 383.21740043349564 141.25602861493826 281.23884397745132 75.355356216430664 222.13158497214317 375.51321644335985 1375.0149373859167 77.352540582418442 174.23451430350542 894.21309974230826 145.2098485622555 666.82106249034405
leaf_count=1559 9898 1661 550 136729 1625 21924 1357 7421 2344 631 611 1437 921 5531 404 5373 603 1783 1788 113 572 67 97 565 2060 650 1836 6211 384 386
internal_value=-6.54447e-05 0.00651206 0.00316413 -0.0131179 -2.01094e-05 -0.00173758 0.00342334 -0.0182219 0.000294971 -0.0102918 -0.00165102 -0.005515 0.0127739 -0.00972155 -0.0165524 0.00583425 0.00262343 0.0198837 0.0101629 -0.00959736 -0.0106048 -0.0120968 0.01383 -0.00312429 -0.00699397 0.0150173 0.0174375 0.00882146 0.0347103 0.00794945
internal_weight=32054.6 21314.9 17049.8 10739.7 14436.6 13133.4 8192.49 7778.64 2961.06 4940.88 5508.85 4346.43 1162.42 3583.84 2323.3 2325.62 701.622 4265.14 1997.53 433.006 1817.46 4699.63 2683.64 597.645 1656.25 1674.23 1596.87 1068.45 528.427 1248.03
internal_count=217091 43854 40024 173237 38465 36840 14218 144753 28484 22622 12199 10615 1584 10004 8567 18586 8024 3830 16242 1034 3036 21991 2019 662 2632 10869 10219 8047 2172 2047
is_linear=0
shrinkage=0.03


Tree=76
num_leaves=31
num_cat=0
split_feature=1 12 1 18 18 5 9 16 1 4 8 10 5 7 15 5 0 13 0 5 10 0 18 15 11 4 1 8 16 8
split_gain=2910.12 1014.01 1013.65 785.993 450.049 612.196 428.823 370.745 411.772 439.264 359.97 351.13 293.988 347.199 462.739 312.978 284.668 280.071 354.179 274.163 329.207 273.56 420.031 390.096 272.327 373.077 271.123 269.997 262.856 254.049
threshold=0.52150000000000019 1.0000000180025095e-35 0.087500000000000008 4.5000000000000009 27.500000000000004 0.36550000000000005 5.1000000000000005 0.6338095614318654 0.24250000000000002 -0.36149999999999988 59.500000000000007 -5.4722222222222214 0.50050000000000006 1.0000000180025095e-35 0.9582128677556857 0.41750000000000004 0.5226435716425234 0.35000000000000003 0.016353580043187887 1.3705000000000003 7.0500000000000007 0.32134789047943302 6.5000000000000009 0.68757518948981744 0.47222222222222227 0.26500000000000012 0.69150000000000011 6.5000000000000009 -0.29217169841433971 -5.4999999999999991
decision_type=2 2 2 2 2 2 2 2 2 2 2 2 2 2 2 2 2 2 2 2 2 2 2 2 2 2 2 2 2 2
left_child=1 2 -1 11 5 6 21 -8 -9 -10 -5 -2 13 15 -15 28 -16 29 26 20 -12 22 -4 -23 25 -25 -19 -3 -7 -13
right_child=3 27 4 10 -6 12 7 8 9 -11 19 17 -14 14 16 -17 -18 18 -20 -21 -22 23 -24 24 -26 -27 -28 -29 -30 -31
leaf_value=0.020406892556351044 -0.019596985211926581 0.0085551311285136222 0.02319998735823672 -0.020004617488969662 0.01681226344685785 0.066748073452071094 0.017329210224480376 0.011089257574886754 0.014650910514934395 -0.051821729200317648 -0.022132304677343284 -0.0073470536930641166 0.010660170392335071 -0.028155577305581492 -0.026216929565629262 -0.026706253363836079 0.030878147110083871 0.059250344646484356 -0.0276653323225565 -0.026807145027386719 0.030465811782171313 0.00077507490073075154 -0.0064820948564995482 -0.028722777764228546 -0.0025207407711337203 0.040140103936570568 -0.030564890028413966 0.024798599536788077 -0.00090952332286737246 0.018086476743413567
leaf_weight=2576.2088593840599 626.41297126188874 1367.7025449872017 830.96696402318776 6963.9697344843298 1297.3659545164555 102.37229248136282 2279.8085186295211 586.9080066382885 136.04762347042561 252.32405959814787 151.66706835664809 480.79412380605936 375.23988551273942 1805.2082897797227 120.66902064904571 121.28749973140657 213.34131914377213 85.897059815004468 394.7594154831022 200.79373249597847 347.58441040664911 3169.5364751592278 881.69192562066019 1189.1169560924172 827.130649484694 72.711412936449051 43.557728048413992 2844.5943585261703 101.26949497312307 1317.2609063554555
leaf_count=1559 9898 2156 1117 136729 1625 385 1955 442 102 704 2053 7055 1951 10993 961 1454 113 197 3309 4226 1745 4497 3361 7132 1167 69 681 1674 437 7344
internal_value=-6.4394e-05 0.00636751 0.00309043 -0.0128816 -1.91401e-05 -0.00169391 0.00172884 0.0107139 -0.00475582 -0.0286024 -0.017944 0.000281132 -0.01401 -0.0177751 -0.0221607 0.0110369 0.0102015 0.00566146 -0.0135808 0.00255257 0.0144503 -0.00246941 0.00793477 -0.00586058 -0.0159154 -0.0246688 0.0290224 0.0195343 0.0335777 0.0112847
internal_weight=31764.2 21151.5 16939.2 10612.7 14363 13065.6 10226.2 3255.09 975.28 388.372 7664.01 2948.68 2839.39 2464.15 2139.22 324.929 334.01 2322.27 524.214 700.045 499.251 6971.15 1712.66 5258.5 2088.96 1261.83 129.455 4212.3 203.642 1798.06
internal_count=217091 43854 40024 173237 38465 36840 20546 3203 1248 806 144753 28484 16294 14343 12067 2276 1074 18586 4187 8024 3798 17343 4478 12865 8368 7201 878 3830 822 14399
is_linear=0
shrinkage=0.03


Tree=77
num_leaves=31
num_cat=0
split_feature=1 0 8 16 8 10 1 12 18 1 13 9 17 16 2 5 1 0 2 5 16 16 5 3 3 6 6 3 10 10
split_gain=2769.59 955.615 772.527 588.679 735.005 498.175 403.421 374.031 400.943 356.124 339.353 321.358 302.015 560.195 268.757 264.747 263.052 259.931 270.533 332.593 248.558 442.599 295.166 259.374 255.223 247.211 245.665 287.627 247.732 261.615
threshold=0.32250000000000006 0.0088162231969116465 7.5000000000000009 0.90109942435734947 -7.4999999999999991 15.112500000000002 0.087500000000000008 1.0000000180025095e-35 22.500000000000004 0.088500000000000009 0.55000000000000016 -7.633333333333332 2.5000000000000004 -0.50609380739745924 -0.094000000000000042 1.5795000000000001 0.52150000000000019 0.5226435716425234 0.078999999999999987 1.8465000000000003 -0.4392102378618693 -0.94133401963002961 0.31050000000000005 0.039000000000000097 -0.22700000000000001 0.066585033353348075 0.023186202793898072 -0.022499999999999961 -0.58571428571428552 0.41428571428571431
decision_type=2 2 2 2 2 2 2 2 2 2 2 2 2 2 2 2 2 2 2 2 2 2 2 2 2 2 2 2 2 2
left_child=2 -2 6 4 12 7 -1 26 16 -8 14 -11 -3 -14 -5 -7 -9 18 19 -16 21 25 24 -22 -23 -13 -6 -28 -29 -30
right_child=1 3 -4 10 5 15 9 8 -10 11 -12 20 13 -15 17 -17 -18 -19 -20 -21 23 22 -24 -25 -26 -27 27 28 29 -31
leaf_value=0.017675990211184097 -0.028947245832265617 -0.029244413854419882 0.02057048159872809 0.023717842857103277 -0.020818343299810169 0.017661712056112496 -0.027689467799601825 0.019456682601226131 -0.036506784075665981 -0.022503651009103301 -0.02629155033521266 -0.0063175733636769002 0.04782761173236471 -0.018649095640739036 -0.012034386767415792 -0.037190775841478736 -0.012192268235449558 0.014335679739072429 0.025391543352902488 0.038511786766561418 0.01048824347757525 0.0089862545490482053 0.02091609143160968 -0.012524616116619983 -0.038212309177226338 0.034789489870846395 -0.01387028285419133 -0.0089717593373006659 0.038509094738477856 0.0029826489216163814
leaf_weight=1848.7473126165569 1715.5704086963087 1863.5601482857019 4436.5094811916351 698.4063023366034 1530.7746136691421 1069.2477021012455 344.33448280766606 1003.1615661121905 170.42381624877453 399.7436348721385 294.96247785910964 255.51200791448355 135.40881131589413 647.37284737080336 1516.9666115585715 82.722728991881013 306.66423808038235 1149.7390892282128 246.26950631290674 124.03637043572962 4453.9367346428335 127.00360910594463 125.23128339648247 486.63482271507382 522.92986903339624 266.94217745959759 2898.8608972858638 1435.9424099568278 221.59312408976257 1105.1379048097879
leaf_count=1256 62458 31401 2487 1528 18091 4277 5079 1278 1323 1178 1696 393 501 9334 13909 1435 2991 959 1738 370 4010 127 100 906 1418 149 19156 18031 1045 8467
internal_value=-6.36748e-05 -0.00765665 0.0103611 -0.00543829 -0.00865907 -0.00487574 0.00522696 -0.00733856 0.00638457 0.00192456 0.00452651 0.00347257 -0.0226832 -0.00701098 0.00697916 0.0136364 0.0120359 0.00311024 -0.00374027 -0.00815051 0.00514714 -0.00652664 -0.0208782 0.00821531 -0.0289903 0.0147643 -0.0101644 -0.00727428 -0.000345587 0.00898984
internal_weight=31484.3 18216.8 13267.5 16501.3 12470.9 9824.53 8831.02 8672.56 1480.25 6982.27 4030.38 6637.93 2646.34 782.782 3735.42 1151.97 1309.83 3037.01 1887.27 1641 6238.19 1297.62 775.165 4940.57 649.933 522.454 7192.31 5661.53 2762.67 1326.73
internal_count=217091 199988 17103 137530 117330 76094 14616 70382 5592 13360 20200 8281 41236 9835 18504 5712 4269 16976 16017 14279 7103 2187 1645 4916 1545 542 64790 46699 27543 9512
is_linear=0
shrinkage=0.03


Tree=78
num_leaves=31
num_cat=0
split_feature=1 0 18 12 1 18 8 13 4 8 10 9 4 1 11 15 1 5 10 5 0 5 10 16 8 6 1 0 16 3
split_gain=2647.51 956.95 745.566 649.334 464.353 471.264 350.775 347.549 395.847 343.523 330.88 308.238 296.391 316.241 289.752 271.905 271.15 262.005 273.964 261.159 345.895 251.921 296.379 239.588 237.871 237.766 514.886 234.846 301.828 227
threshold=0.52150000000000019 0.95287792712394592 4.5000000000000009 1.0000000180025095e-35 0.20250000000000004 27.500000000000004 -17.499999999999996 0.65000000000000002 -0.31449999999999989 59.500000000000007 -5.4722222222222214 -4.7333333333333325 0.24950000000000003 0.45250000000000007 0.38750000000000007 0.82010226861503244 0.60750000000000004 1.5125000000000002 7.0500000000000007 0.50050000000000006 0.36202023519012677 0.17150000000000001 -5.4722222222222214 0.79060647542682017 -17.499999999999996 0.0076223356001360052 0.087500000000000008 0.77006793540748053 -0.9006076795782042 -1.0000000180025095e-35
decision_type=2 2 2 2 2 2 2 2 2 2 2 2 2 2 2 2 2 2 2 2 2 2 2 2 2 2 2 2 2 2
left_child=1 3 10 4 6 7 -1 8 11 -4 -2 -6 13 21 27 -9 -12 18 -11 -15 -21 -10 -23 -20 -18 26 -8 28 -5 -24
right_child=2 -3 9 14 5 -7 25 15 12 17 16 -13 -14 19 -16 -17 24 -19 23 20 -22 22 29 -25 -26 -27 -28 -29 -30 -31
leaf_value=-0.032962686161655187 -0.019140418323468331 0.021811977734656453 -0.019543069162917721 0.032050851875812907 -0.026478896915000699 0.015708513868332632 0.027269181842258832 -0.047710951016589502 -0.035525339719319975 -0.019807635936807115 -0.019860999075371245 0.015979209310543668 0.020527365802143451 -0.033419788791391521 0.021497213263802988 0.012939290025483748 -0.014084253793981635 -0.035689654153910712 0.037401130630443397 -0.032136893080959489 0.035279064741371678 -0.039096863910073353 -0.0077684247893435804 -0.019242595687600384 0.014298490454637158 0.013315769116157913 -0.025232845923950718 0.018678066349502871 -0.023963280629653725 0.0047642864836721227
leaf_weight=172.44941788166761 611.32265411131084 2985.094334885478 6758.866198040545 107.36030338332057 173.07747910916805 1098.3176073972136 265.93471962213516 281.02019894495606 237.23152262531221 172.73766783811152 319.98513611964881 1230.2612314000726 339.7434305883944 705.51881366595626 2265.9516865834594 85.437670864164829 313.59404952079058 127.60895242542028 308.27044339850545 135.02790796384215 132.97355884313583 207.28822805546224 3274.0603970140219 83.675738655030727 1665.7034479826689 3746.3622095026076 445.67008107155561 395.51987174153328 401.73887714371085 2154.1526059452444
leaf_count=508 9898 1575 136729 113 760 1519 130 1002 770 2501 2344 1380 944 6775 1758 129 5373 3253 1594 1456 278 1376 7895 676 10869 2905 5241 235 1365 5740
internal_value=-6.34326e-05 0.00609834 -0.0124545 0.00346804 0.000808479 -0.00281196 0.00866634 -0.00508777 -0.00386085 -0.0174823 0.000421385 0.0106974 -0.00670718 -0.00806709 0.0157734 -0.0335804 0.00564055 0.00263438 0.0114378 -0.023878 0.00133295 -0.00543527 -0.00415038 0.0252541 0.0097871 0.0102978 -0.00558014 0.00141232 -0.0120323 -0.00279501
internal_weight=31202 20840.2 10361.8 17855.1 14684.5 10054.1 4630.42 8955.79 8589.34 7451.16 2910.61 1403.34 7186 6846.25 3170.57 366.458 2299.28 692.293 564.684 973.52 268.001 5872.73 5635.5 391.946 1979.3 4457.97 711.605 904.619 509.099 5428.21
internal_count=217091 43854 173237 42279 38808 30024 8784 28505 27374 144753 28484 2140 25234 24290 3471 1131 18586 8024 4771 8509 1734 15781 15011 2270 16242 8276 5371 1713 1478 13635
is_linear=0
shrinkage=0.03


Tree=79
num_leaves=31
num_cat=0
split_feature=1 0 18 12 1 18 8 8 13 4 10 9 4 1 11 15 13 0 5 5 0 1 5 10 6 1 0 0 16 0
split_gain=2517.84 921.324 717.599 618.168 440.386 445.101 331.732 330.255 329.18 373.998 314.749 292.044 279.15 307.803 276.732 258.15 257.013 337.076 254.519 254.231 328.073 249.27 238.605 287.002 225.035 491.864 224.517 222.905 285.03 219.392
threshold=0.52150000000000019 0.95287792712394592 4.5000000000000009 1.0000000180025095e-35 0.20250000000000004 27.500000000000004 -17.499999999999996 59.500000000000007 0.65000000000000002 -0.31449999999999989 -5.4722222222222214 -4.7333333333333325 0.24950000000000003 0.45250000000000007 0.38750000000000007 0.82010226861503244 0.35000000000000003 0.016353580043187887 0.94750000000000012 0.50050000000000006 0.36202023519012677 0.69150000000000011 0.17150000000000001 -5.4722222222222214 0.0076223356001360052 0.087500000000000008 0.011392820196433119 0.77006793540748053 -0.9006076795782042 0.028451824712981359
decision_type=2 2 2 2 2 2 2 2 2 2 2 2 2 2 2 2 2 2 2 2 2 2 2 2 2 2 2 2 2 2
left_child=1 3 10 4 6 8 -1 -4 9 11 -2 -6 13 22 27 -10 26 21 29 -15 -21 -18 -11 -24 25 -8 -12 28 -5 -9
right_child=2 -3 7 14 5 -7 24 18 15 12 16 -13 -14 19 -16 -17 17 -19 -20 20 -22 -23 23 -25 -26 -27 -28 -29 -30 -31
leaf_value=-0.032019968221747387 -0.018830932926333137 0.021518562587543082 -0.019259753673072907 0.031226516364037459 -0.025938790432676537 0.015287587216538466 0.026930179695857891 -0.031815192791371079 -0.04659702988876719 -0.034631087966700454 -0.020915454043950163 0.01556611343579143 0.019858812694472254 -0.033204979620792663 0.021086102302731346 0.01258907158897127 0.056348391656969407 -0.027248076148146259 -0.016008279184566529 -0.032034810345696628 0.033880543208316696 -0.030419306144092089 -0.038827257789819575 -0.0027109357889651803 0.01301358522120972 -0.024779136828959981 0.014397104629094267 0.018335772255515602 -0.023292142061650044 0.030857937909728912
leaf_weight=172.29150030016899 602.90645269490778 2935.815054833889 6654.1828954908997 106.97371136769652 171.4680160023272 1094.8379449527711 261.31196568533778 57.988528739660978 279.20535187423229 236.15056806616485 177.5323848798871 1225.1805247031152 340.73118144646287 689.04920472949743 2241.2628780789673 85.266140978783369 87.755007037892938 384.22564414329827 336.65351491235197 131.45791616663337 134.40989230573177 42.055462747812271 202.55813569948077 5428.7865496240556 3718.8465906865895 440.35197277367115 1606.743006316945 390.94237077236176 401.01273000054061 293.44545981660485
leaf_count=508 9898 1575 136729 113 760 1519 130 842 1002 770 5526 1380 944 6775 1758 129 197 3309 6407 1456 278 681 1376 13635 2905 5241 8873 235 1365 775
internal_value=-6.32792e-05 0.00595943 -0.012225 0.00338308 0.000786674 -0.00273961 0.00847596 -0.0172146 -0.0049556 -0.0037606 0.000407038 0.0104258 -0.00652983 -0.00785591 0.0154524 -0.032761 0.00547162 -0.013167 0.00256128 -0.0236255 0.00129502 0.0281856 -0.00527869 -0.00403001 0.010075 -0.00548901 0.0108544 0.00138261 -0.0116955 0.0203348
internal_weight=30931.4 20687.9 10243.5 17752.1 14611.9 10019.1 4592.8 7342.27 8924.26 8559.79 2901.22 1396.65 7163.14 6822.41 3140.19 364.471 2298.31 514.036 688.088 954.917 265.868 129.81 5867.5 5631.34 4420.51 701.664 1784.28 898.929 507.986 351.434
internal_count=217091 43854 173237 42279 38808 30024 8784 144753 28505 27374 28484 2140 25234 24290 3471 1131 18586 4187 8024 8509 1734 878 15781 15011 8276 5371 14399 1713 1478 1617
is_linear=0
shrinkage=0.03


Tree=80
num_leaves=31
num_cat=0
split_feature=1 0 8 8 16 1 1 0 4 9 1 5 10 6 3 1 1 16 18 12 1 6 4 18 11 3 2 16 16 16
split_gain=2402.64 912.401 720.603 527.605 529.3 361.647 320.12 316.319 296.611 288.902 283.9 359.245 261.169 334.933 326.25 367.951 497.832 259.125 412.187 258.861 252.757 249.723 247.68 361.392 237.995 286.522 226.619 303.256 225.033 419.806
threshold=0.32250000000000006 0.0088162231969116465 7.5000000000000009 -7.4999999999999991 0.86285968518823652 0.087500000000000008 0.088500000000000009 0.45452055726779056 0.28100000000000014 -7.633333333333332 1.3225000000000002 1.3375000000000001 -1.3666666666666665 0.037205286362733042 -0.020000000000000007 1.4065000000000001 1.3735000000000002 0.93115963423977244 22.500000000000004 1.0000000180025095e-35 0.35350000000000004 1.0000000180025095e-35 0.078499999999999973 3.5000000000000004 0.29285714285714287 -0.095000000000000001 -0.11099999999999995 0.90889579892987082 -0.4392102378618693 -0.94503433850257312
decision_type=2 2 2 2 2 2 2 2 2 2 2 2 2 2 2 2 2 2 2 2 2 2 2 2 2 2 2 2 2 2
left_child=2 -2 5 4 10 -1 -7 12 17 -8 -3 -12 26 21 19 16 22 18 20 24 -9 -14 -16 -24 25 -15 27 -5 29 -11
right_child=1 3 -4 7 -6 6 9 8 -10 28 11 -13 13 14 15 -17 -18 -19 -20 -21 -22 -23 23 -25 -26 -27 -28 -29 -30 -31
leaf_value=0.016811927641538774 -0.028695961627760419 -0.027403283451665341 0.019839660647379746 -0.034211829454324001 0.0019517766884634637 -0.027382624229255866 -0.021703953660123173 -0.022743881306569569 0.030884480026110356 0.014777037088245487 0.045461447191514751 -0.021079368621207673 0.022518257046514105 0.019629041448825976 0.028338500970051549 -0.025395284940090107 0.13227527820266399 0.013707818917417233 -0.028002897794150626 0.016182768194263647 0.0068013217469420602 -0.014619647294570116 0.046071746001807246 -0.011868312833916692 -0.014363897326388495 -0.034959026408947644 -0.016731464144539403 0.049147913261320952 0.0076462394883805651 -0.020209540406226186
leaf_weight=1784.0516811497509 1617.3387065920979 2061.8137419242412 4275.2496165335178 58.622095553204417 1077.8413168117404 322.38465598598123 394.02437020465732 301.42486487329006 349.59994931519032 506.39653361216187 112.55618243291974 195.4479976836592 174.40305891633034 432.62197672016919 705.86584287695587 182.85296375304461 31.534374618902802 1186.7151774838567 486.38039552047849 476.95336078107357 1808.2525735199451 2043.3843444157392 122.65350031293929 420.23204707913101 1515.7065379358828 105.11143941618502 2152.6836812980473 106.54913187772036 4873.1001516394317 780.95799759030342
leaf_count=1256 62458 32829 2487 535 9315 5079 1178 618 225 525 800 6093 212 1676 3600 2781 206 942 1765 1001 3161 24114 623 5696 10175 1207 29732 224 4916 1662
internal_value=-6.31088e-05 -0.00723645 0.00976598 -0.00507701 -0.0154762 0.00478821 0.00166295 -0.00224239 0.00456774 0.00310344 -0.0233952 0.00344109 -0.00554234 -0.00233273 0.00285905 0.0141204 0.0198103 0.00211303 -0.00319691 -0.00366157 0.00255368 -0.0116727 0.01666 0.00140327 -0.00828771 0.00882389 -0.0141292 0.0194796 0.00469992 -0.00644479
internal_weight=30662.7 17726.5 12936.2 16109.2 3447.66 8660.92 6876.86 12661.5 4132.37 6554.48 2369.82 308.004 8529.17 6211.32 3993.53 1463.14 1280.29 3782.77 2596.06 2530.39 2109.68 2217.79 1248.75 542.886 2053.44 537.733 2317.85 165.171 6160.45 1287.35
internal_count=217091 199988 17103 137530 49037 14616 13360 88493 6711 8281 39722 6893 81782 51291 26965 12906 10125 6486 5544 14059 3779 24326 9919 6319 13058 2883 30491 759 7103 2187
is_linear=0
shrinkage=0.03


Tree=81
num_leaves=31
num_cat=0
split_feature=1 0 18 12 1 18 8 8 13 4 10 9 11 4 1 5 0 5 10 15 5 10 0 4 4 1 2 16 16 3
split_gain=2285.65 866.737 673.586 575.957 404.001 414.535 370.832 318.997 312.559 347.094 294.505 270.151 260.859 256.365 293.437 249.602 310.551 245.113 254.445 244.377 227.096 274.292 220.8 220.837 255.139 256.317 288.362 334.821 220.673 213.42
threshold=0.52150000000000019 0.95287792712394592 4.5000000000000009 1.0000000180025095e-35 0.20250000000000004 27.500000000000004 -19.499999999999996 59.500000000000007 0.65000000000000002 -0.31449999999999989 23.550000000000004 -4.7333333333333325 0.38750000000000007 0.24950000000000003 0.45250000000000007 0.50050000000000006 0.36202023519012677 1.5125000000000002 7.0500000000000007 0.82010226861503244 0.17150000000000001 -5.4722222222222214 0.012460558389614821 0.088999999999999996 0.062999999999999987 0.82650000000000012 0.090999999999999998 -0.62096007978174617 0.79060647542682017 -1.0000000180025095e-35
decision_type=2 2 2 2 2 2 2 2 2 2 2 2 2 2 2 2 2 2 2 2 2 2 2 2 2 2 2 2 2 2
left_child=1 3 10 4 6 8 -1 22 9 11 -2 -6 -5 14 20 -16 -17 18 -9 -10 -11 -22 -4 24 -24 -26 27 -27 -20 -23
right_child=2 -3 7 12 5 -7 -8 17 19 13 -12 -13 -14 -15 15 16 -18 -19 28 -21 21 29 23 -25 25 26 -28 -29 -30 -31
leaf_value=-0.042014558649675758 -0.0032055669493838554 0.021027562654292752 -0.027669390977256948 0.0012310106325019742 -0.025214424786690229 0.014759098848833778 0.0095893787638680183 -0.019351697934888477 -0.045639715953849518 -0.033884505659345074 0.02551608577034847 0.015016270587453208 0.020487171047555815 0.018967650658295171 -0.032990803378700917 -0.031893815778292811 0.03281155916738869 -0.035373541060249258 0.036022054139452135 0.012168715305323879 -0.038517039945391636 -0.0074763329303841435 -0.014618370347469468 -0.029329727251099762 -0.0098333843563109778 0.067051641454700536 0.15277664011864611 -0.030845715697353115 -0.0187261398499575 0.0047009207163264807
leaf_weight=126.08658581972122 2502.1171011570841 2852.4928430095315 1814.8907768502831 888.94355282187462 168.62880509346724 1087.493766900152 4392.7419803030789 168.68357298523188 276.04792198166251 234.28310217149556 365.5784696880728 1213.5502112656832 2200.8350573237985 339.76836144551635 666.18399355188012 126.17157452553511 135.16432429850101 121.13087186217308 308.40601793676615 84.703515898436308 195.87770738452673 3257.7437240853906 3488.9446298573166 828.60064802132547 188.50421236641705 71.290734224021435 15.947384366765617 52.136534651741385 82.130411181598902 2146.4152794536203
leaf_count=433 27070 1575 66766 1713 760 1519 8351 2501 1002 770 1414 1380 1758 944 6775 1456 278 3253 1594 129 1376 7895 47157 17952 2693 657 151 1353 676 5740
internal_value=-6.27806e-05 0.0056997 -0.0118026 0.00320388 0.000689044 -0.00269446 0.00812258 -0.016733 -0.00484477 -0.00367581 0.000478755 0.0100641 0.0149537 -0.00635311 -0.00763327 -0.0232809 0.00156472 0.00279506 0.0112073 -0.032078 -0.00513499 -0.00391473 -0.0187899 -0.0153052 -0.0122399 0.012972 0.0433736 0.0259484 0.0244534 -0.00263987
internal_weight=30401.5 20393.1 10008.4 17540.6 14450.9 9932.03 4518.83 7140.67 8844.54 8483.79 2867.7 1382.18 3089.78 7101.61 6761.84 927.52 261.336 680.351 559.22 360.751 5834.32 5600.04 6460.31 4645.42 3816.82 327.879 139.375 123.427 390.536 5404.16
internal_count=217091 43854 173237 42279 38808 30024 8784 144753 28505 27374 28484 2140 3471 25234 24290 8509 1734 8024 4771 1131 15781 15011 136729 69963 52011 4854 2161 2010 2270 13635
is_linear=0
shrinkage=0.03


Tree=82
num_leaves=31
num_cat=0
split_feature=1 0 8 8 16 1 1 8 1 12 15 3 3 3 10 0 16 16 10 3 1 5 13 3 16 18 5 11 16 15
split_gain=2179.22 873.516 685.333 496.876 510.598 339.567 309.217 291.052 338.982 401.431 378.353 466.404 579.143 357.369 342.894 327.089 326.02 284.242 281.016 278.71 275.365 330.826 268.02 266.995 259.096 250.127 241.442 236.376 229.616 229.589
threshold=0.32250000000000006 0.0088162231969116465 7.5000000000000009 -7.4999999999999991 0.86285968518823652 0.087500000000000008 0.088500000000000009 96.500000000000014 0.52150000000000019 1.0000000180025095e-35 0.16207207701540691 -0.018499999999999957 -0.017000000000000005 -0.0044999999999999476 15.450000000000001 0.07873429128754876 -0.71900232901566519 -0.90578236674675849 -0.47222222222222215 0.02449999999999997 1.3225000000000002 1.3375000000000001 0.10555555555555557 -1.0000000180025095e-35 0.76775260149169211 5.5000000000000009 1.5875000000000001 1.0000000180025095e-35 0.92636759197280616 -0.9217397168539988
decision_type=2 2 2 2 2 2 2 2 2 2 2 2 2 2 2 2 2 2 2 2 2 2 2 2 2 2 2 2 2 2
left_child=2 -2 5 4 20 -1 -7 8 9 13 -10 14 -13 22 -12 17 -17 -15 24 29 -3 -22 -5 -20 -14 -18 -9 -19 -26 -8
right_child=1 3 -4 7 -6 6 19 26 10 -11 11 12 18 15 -16 16 25 27 23 -21 21 -23 -24 -25 28 -27 -28 -29 -30 -31
leaf_value=0.016297114837400348 -0.028489919176698408 -0.027102997980020509 0.019331990924575992 -0.0058702395345112037 0.0019938287227529595 -0.02727407476207272 0.019085253852220554 0.024775811052260451 -0.016387074536672531 0.012942540943481202 -0.023133852254289846 0.10547613389340466 -0.022245547668196832 0.10266815856538297 0.013275040398667231 -0.02981092776194388 -0.021839184847487411 0.04270478759113789 -0.032966760011430098 -0.012508342042683918 0.043208582653538705 -0.020691421659387838 -0.029932958185019429 0.024203442539622071 0.049448786927040189 0.011913525013774745 -0.031322866138983406 -0.032536616712443366 -0.016935875768985767 0.0027037126811147688
leaf_weight=1747.2955580428243 1542.6023242510855 1993.454318664968 4171.2117248401046 1934.0025531500578 1074.1951202619821 317.69951376691461 918.73369803279638 548.37248945981264 2782.8049482833594 1932.3798210136592 932.98374927602708 53.083326371386647 399.65467876009643 47.537438046187162 307.67184511199594 251.76473215036094 229.90311593748629 129.18466859683394 79.080605311319232 906.28404459357262 114.28201476857066 189.83767046220601 528.78299808502197 731.89107837714255 103.66932140290737 1305.935798894614 76.325853703543544 49.976730303838849 81.572976810857654 4686.1066393554211
leaf_count=1256 62458 32829 2487 6619 9315 5079 703 1551 39749 2522 9300 205 8805 422 1337 1271 914 482 927 1934 800 6093 2047 5071 936 3301 939 1067 1028 5644
internal_value=-6.25956e-05 -0.00695929 0.00936209 -0.00486257 -0.015078 0.00450791 0.00148556 -0.00210555 -0.00315658 0.00152561 -0.00863833 -0.000611763 0.010938 -0.00340749 -0.0140945 0.00595978 0.00162674 0.0396598 0.00712436 0.00290076 -0.0230518 0.00350842 -0.0110669 0.0185276 -0.00870037 0.00682828 0.0178047 0.0215262 0.0204117 0.00539771
internal_weight=30168.3 17421 12747.3 15878.3 3371.77 8576.12 6828.82 12506.6 11881.9 6409.47 5472.41 2689.61 1448.95 4477.09 1240.66 2014.3 1787.6 226.699 1395.87 6511.12 2297.57 304.12 2462.79 810.972 584.897 1535.84 624.698 179.161 185.242 5604.84
internal_count=217091 199988 17103 137530 49037 14616 13360 88493 86003 18645 67358 27609 16972 16123 10637 7457 5486 1971 16767 8281 39722 6893 8666 5998 10769 4215 2490 1549 1964 6347
is_linear=0
shrinkage=0.03


Tree=83
num_leaves=31
num_cat=0
split_feature=1 0 18 12 1 18 10 13 17 16 2 6 9 13 6 1 10 0 18 0 11 1 18 10 15 16 8 15 6 1
split_gain=2068.66 817.423 628.23 526.12 367.135 386.865 309.902 420.962 345.519 637.684 461.868 506.835 306.618 291.767 331.773 338.987 284.482 280.957 331.786 254.612 251.11 244.796 238.67 232.092 231.347 226.955 328.481 216.994 216.941 398.788
threshold=0.52150000000000019 0.95287792712394592 4.5000000000000009 1.0000000180025095e-35 0.20250000000000004 27.500000000000004 11.422222222222224 0.10555555555555557 2.5000000000000004 -0.75564583220868908 -0.1349999999999999 0.075972290256046501 -10.499999999999998 0.65000000000000002 0.11398026144870481 0.36250000000000004 -5.4722222222222214 0.32134789047943302 6.5000000000000009 0.021250387291287885 0.38750000000000007 0.60750000000000004 7.5000000000000009 4.4500000000000011 0.82010226861503244 -0.4505077370172198 72.500000000000014 -0.97290712603757212 0.0076223356001360052 0.087500000000000008
decision_type=2 2 2 2 2 2 2 2 2 2 2 2 2 2 2 2 2 2 2 2 2 2 2 2 2 2 2 2 2 2
left_child=1 3 16 4 12 13 8 22 -4 -10 11 -11 -1 14 15 17 -2 18 -6 -9 -5 -18 -8 27 -15 -21 -27 -19 29 -14
right_child=2 -3 6 20 5 -7 7 19 9 10 -12 -13 28 24 -16 -17 21 23 -20 25 -22 -23 -24 -25 -26 26 -28 -29 -30 -31
leaf_value=-0.029876968882522146 -0.018157851926433901 0.020546367006986786 -0.025487345258090158 0.00087794359526456275 0.028134618486254086 0.014271365005271637 0.024764441315659858 -0.031640151224813444 0.062353977367592683 0.087545758441597663 -0.01727451027803336 -0.035196596469382238 0.025559138237137364 -0.044552014479057163 0.0082174105760565233 -0.015106561782098168 -0.019327598303882372 0.012594531487443741 -0.003590042686917397 0.055885356247467551 0.01983934612693055 0.0092460605185260645 -0.019781748687417802 0.0088082247172876563 0.011938988819980347 -0.032810040452143648 0.050517014380187963 -0.014622487666104411 0.012206291149387084 -0.023962556723557168
leaf_weight=184.01283141225576 582.17215181514621 2773.7977087795734 3347.0902823787183 886.40646610036492 547.07078792527318 1082.5859798155725 121.29349068924785 64.158625565469265 101.06401498056948 77.461081666871905 1980.2393295690417 46.424932794645429 221.80070319026709 271.71367178298533 1706.9261509589851 2581.6977214794606 310.20594376325607 302.69282664358616 642.811802059412 175.45516728796065 2160.5483116861433 1951.5843199454248 854.05040551908314 701.33769662678242 84.135881021618843 86.624695140868425 78.183749385178089 1939.2426112890244 3641.4528731331229 416.8224964812398
leaf_count=491 9898 1575 85752 1713 494 1519 1120 967 212 306 38147 487 122 1002 3351 16897 2344 291 1734 187 1758 16242 16743 709 129 803 29 3898 2940 5231
internal_value=-6.26172e-05 0.00543235 -0.0113841 0.00301586 0.000606816 -0.00262486 -0.0162534 -0.0035199 -0.0194142 -0.0101741 -0.0137415 0.0418047 0.00774186 -0.00471291 -0.00358272 -0.00658466 0.00048937 -0.00125451 0.01103 0.0221114 0.0143295 0.00530675 -0.014183 -0.00622698 -0.0312073 0.0324346 0.00691605 -0.0109359 0.00937899 -0.00672405
internal_weight=29921.1 20145.1 9776.01 17371.3 14324.3 9860.22 6932.05 1379.77 5552.28 2205.19 2104.13 123.886 4464.09 8777.63 8421.78 6714.85 2843.96 4133.16 1189.88 404.422 3046.95 2261.79 975.344 2943.27 355.85 340.264 164.808 2241.94 4280.08 638.623
internal_count=217091 43854 173237 42279 38808 30024 144753 19849 124904 39152 38940 793 8784 28505 27374 24023 28484 7126 2228 1986 3471 18586 17863 4898 1131 1019 832 4189 8293 5353
is_linear=0
shrinkage=0.03


Tree=84
num_leaves=31
num_cat=0
split_feature=1 0 8 8 16 1 1 8 1 15 3 3 11 12 18 4 1 5 3 5 2 2 0 4 10 15 0 11 15 16
split_gain=1969.47 840.717 654.183 469.908 491.833 316.042 286.71 272.923 306.419 435.356 442.185 502.775 324.872 318.513 307.718 266.323 262.042 296.699 259.628 258.42 388.825 334.429 793.529 258.08 252.916 248.856 231.382 435.05 332.555 320.753
threshold=0.32250000000000006 0.0088162231969116465 7.5000000000000009 -7.4999999999999991 0.86285968518823652 0.087500000000000008 0.088500000000000009 96.500000000000014 0.53150000000000019 0.16207207701540691 -0.018499999999999957 -0.017000000000000005 0.78888888888888908 1.0000000180025095e-35 27.500000000000004 -0.36149999999999988 1.3225000000000002 1.3375000000000001 0.0064999999999999511 0.70050000000000001 -0.017000000000000005 -0.022499999999999961 0.073793348985938423 0.28100000000000014 -5.4722222222222214 0.92731284570899697 0.096353153089277555 0.23611111111111113 0.59685133470522367 0.29313719749409312
decision_type=2 2 2 2 2 2 2 2 2 2 2 2 2 2 2 2 2 2 2 2 2 2 2 2 2 2 2 2 2 2
left_child=2 -2 5 4 16 -1 -7 8 13 19 12 -12 15 14 23 -11 -3 -18 24 -10 21 -21 -23 26 -8 -13 27 28 -5 -28
right_child=1 3 -4 7 -6 6 18 -9 9 10 11 25 -14 -15 -16 -17 17 -19 -20 20 -22 22 -24 -25 -26 -27 29 -29 -30 -31
leaf_value=0.01572904687289595 -0.028296200919959363 -0.026785734796900811 0.018841098607339579 0.039365586214700175 0.0020153416957884203 -0.027004019813242172 -0.025757970966301634 0.017436175466945342 -0.028410074914742726 0.016477068025944619 0.097328945272069922 0.012754357801315357 0.016854790816018272 0.011545945985790534 0.017347181981509245 -0.028085304132134527 0.040289966343527397 -0.020272561626073007 -0.010239668640488839 -0.000716476694513883 -0.023493914871644626 -0.01014391963369984 0.17866980019557863 0.025192598604626977 0.0068138043347951219 -0.025973306142553089 -0.0038655915558991794 -0.018074039117993119 -0.035679463463490865 -0.024041062407946977
leaf_weight=1709.4512692168355 1476.6243258509785 1924.6065319515765 4071.8048032000661 344.78467465005815 1070.1894446928054 304.44307527691126 221.068579018116 617.95983625948429 1059.0729411803186 140.29731788113713 56.110372483730316 1188.188399720937 252.73540936596692 1940.4260388612747 582.77826085500419 790.93213527090847 116.13057726249099 184.27131155505776 1153.1971831247211 671.80186226963997 818.89448671601713 51.280725101009011 29.563380438834429 223.16830421984196 5096.4571336396039 167.89737224765122 1877.5895871594548 333.46278757415712 60.309895172715187 1138.0703925043344
leaf_count=1256 62458 32829 2487 1264 9315 5079 612 2490 12315 466 204 12371 801 2694 841 9128 800 6093 2312 8133 17779 821 114 449 5357 4117 6190 2944 735 4637
internal_value=-6.18515e-05 -0.00668093 0.00896083 -0.00463519 -0.0146948 0.00421427 0.00130328 -0.00194719 -0.00297277 -0.0083786 0.000338911 0.0116643 -0.013165 0.00137564 -0.00295675 -0.0213403 -0.0227239 0.00330683 0.00264702 -0.0169725 -0.00922525 0.006331 0.0628246 -0.00594257 0.00544592 0.00791273 -0.00781203 0.00721541 0.0280128 -0.0114959
internal_weight=29673.6 17117.1 12556.4 15640.5 3295.2 8484.62 6775.17 12345.3 11727.4 5226.77 2596.16 1412.2 1183.96 6500.59 4560.16 931.229 2225.01 300.402 6470.72 2630.61 1571.54 752.646 80.8441 3977.39 5317.53 1356.09 3754.22 738.557 405.095 3015.66
internal_count=217091 199988 17103 137530 49037 14616 13360 88493 86003 66249 27087 16692 10395 19754 17060 9594 39722 6893 8281 39162 26847 9068 935 16219 5969 16488 15770 4943 1999 10827
is_linear=0
shrinkage=0.03


Tree=85
num_leaves=31
num_cat=0
split_feature=0 0 9 16 9 18 18 1 16 11 4 16 17 1 0 9 16 17 18 9 6 1 5 8 1 5 0 1 11 16
split_gain=1876.77 857.062 469.81 528.32 411.555 411.069 384.147 466.773 365.301 397.578 331.929 330.247 651.8 356.103 256.054 234.243 403.711 231.766 333.752 383.354 259.353 229.128 215.767 214.159 217.816 274.986 256.866 332.927 251.622 292.428
threshold=0.66033148693280064 0.0088162231969116465 5.1000000000000005 0.81241620937712355 -1.2249999999999999 23.500000000000004 23.500000000000004 0.24250000000000002 0.69534102799719377 0.29285714285714287 -0.19199999999999987 -0.25734881566210294 2.5000000000000004 0.44650000000000006 0.0090828451284802655 -11.774999999999999 0.77345568691932931 2.5000000000000004 7.5000000000000009 -1.0999999999999999 0.05660805792644371 0.20250000000000004 0.51050000000000006 -2.4999999999999996 0.088500000000000009 0.36550000000000005 0.30799133316633159 0.40950000000000003 0.47222222222222227 -0.63841048586070226
decision_type=2 2 2 2 2 2 2 2 2 2 2 2 2 2 2 2 2 2 2 2 2 2 2 2 2 2 2 2 2 2
left_child=1 -1 3 5 8 17 -4 -8 11 -10 -6 12 13 -3 -15 -11 -17 18 19 -2 21 -20 -14 -12 -25 26 -26 -28 -27 -30
right_child=2 4 6 -5 10 -7 7 -9 9 15 23 -13 22 14 -16 16 -18 -19 20 -21 -22 -23 -24 24 25 28 27 -29 29 -31
leaf_value=-0.028266390231241074 -0.014784477779522309 0.0015208646912493482 0.019150285368594436 0.015014681477979165 0.007398569428105726 -0.045314986892536262 0.017475749213057678 -0.038772218449923235 -0.022600194166694742 -0.0045908775192326518 -0.015359138014837789 -0.02772842507447559 -0.0039073906733967543 0.074590190353884311 -0.028771273299650176 0.079377393873369562 0.011660775534525682 0.016704582516602284 -0.0093478943607700152 0.013128235616837054 -0.0026649832053288807 -0.047486119769928642 0.060318996664274739 -0.026799955506308995 0.017372623079042932 -0.011206950904107095 -0.011595699838374406 0.035769674550549593 0.024944171284679701 -0.0029514269677838778
leaf_weight=1440.4038620572537 662.8938677534461 688.80834988690913 4500.6869225651026 2439.5445114299655 3089.7215630970895 191.02618922293186 293.23765794932842 237.82964698597789 504.57260937057436 606.21315886825323 1284.4362272173166 1462.853732176125 68.219774056226015 19.265007982030511 971.2566227260977 89.496548248454928 564.33157434314489 588.57355568557978 255.65855357050896 1319.4422741904855 611.39533812552691 320.37050671875477 146.42691577784717 303.31724083051085 1173.5390654020011 2600.8844154644758 788.48330441862345 157.69486322253942 423.73407290130854 1628.1431626509875
leaf_count=62463 1053 3097 2882 1786 8064 631 183 626 5718 7194 17287 21739 282 411 20966 301 3175 528 320 1016 908 1083 515 5090 1749 30558 1325 193 3011 12937
internal_value=-6.20367e-05 -0.00609397 0.00945018 0.0040472 -0.00416196 -0.00273374 0.0163039 -0.00779026 -0.0112283 -0.000175605 -0.00099913 -0.0170332 -0.00874165 -0.0150492 -0.0265418 0.00883648 0.0212501 -0.000535035 -0.00374892 0.00378598 -0.0163058 -0.0306954 0.0401338 -0.00410424 -0.00205555 -0.00093595 0.00801321 -0.00361344 -0.00501557 0.00283731
internal_weight=29432.5 18011.8 11420.7 6388.9 16571.4 3949.36 5031.75 531.067 5121.44 1764.61 11450 3356.83 1893.98 1679.33 990.522 1260.04 653.828 3758.33 3169.76 1982.34 1187.42 576.029 214.647 8360.23 7075.8 6772.48 2119.72 946.178 4652.76 2051.88
internal_count=217091 206075 11016 7325 143612 5539 3691 809 63398 16388 80214 47010 25271 24474 21377 10670 3476 4908 4380 2069 2311 1403 797 72150 54863 49773 3267 1518 46506 15948
is_linear=0
shrinkage=0.03


Tree=86
num_leaves=31
num_cat=0
split_feature=1 0 8 8 16 1 15 15 11 3 13 0 8 6 1 5 5 5 4 16 15 13 5 5 3 3 12 1 16 3
split_gain=1795.91 796.129 614.201 438.698 473.711 296.786 272.268 475.911 383.794 350.738 263.262 269.226 332.724 262.973 249.621 264.782 239.47 398.157 362.098 317.313 471.296 314.519 305.64 642.885 276.601 273.816 231.296 333.588 294.517 319.408
threshold=0.32250000000000006 0.0088162231969116465 7.5000000000000009 -7.4999999999999991 0.86285968518823652 0.087500000000000008 -0.9217397168539988 -0.48337545391520315 0.78888888888888908 -0.024499999999999963 0.75000000000000011 0.042010957676366985 65.500000000000014 0.0076223356001360052 1.3225000000000002 1.3375000000000001 0.68550000000000011 0.6755000000000001 -0.11199999999999995 -0.90578236674675849 0.20609579887863463 0.45000000000000007 0.93950000000000011 0.94750000000000012 0.016499999999999963 -0.018499999999999957 1.0000000180025095e-35 0.52150000000000019 -0.72581314075490544 -1.0000000180025095e-35
decision_type=2 2 2 2 2 2 2 2 2 2 2 2 2 2 2 2 2 2 2 2 2 2 2 2 2 2 2 2 2 2
left_child=2 -2 5 4 14 -1 -7 8 -8 -9 11 16 26 -11 -3 -16 17 18 25 20 -20 -19 -18 -24 -22 -5 28 -28 -13 -30
right_child=1 3 -4 10 -6 6 7 9 -10 13 -12 12 -14 -15 15 -17 22 21 19 -21 24 -23 23 -25 -26 -27 27 -29 29 -31
leaf_value=0.01528198041638809 -0.028056461348620262 -0.026464401435737278 0.018328518651816294 0.0011217925288606761 0.0020359616589059985 0.015392122513876156 -0.045494824927253673 0.0076135273428104382 0.004589819461942939 -0.031773827601553346 -0.044666138867706123 -0.019725608617796857 0.020337311236075888 -0.0032546892484657929 0.037554355846691562 -0.019781210874389339 -0.030783078914843158 -0.0047825648249402641 -0.031857635793370621 -0.033445682906392542 0.0090529700145855659 0.096747265781238004 0.11321777346409252 -0.01023863423231724 0.13948027563652882 0.051552171733908747 0.0134498353377296 -0.018259136708872754 -0.0074124861961711282 0.0072949580453741886
leaf_weight=1679.7655565850437 1402.2275345921516 1858.8883925806731 3973.4624736607075 380.17574668675661 1067.0277990140021 1026.3557179681957 367.67223907262087 3209.6820032149553 218.2760181427002 355.90992372110486 125.01150107383728 860.1261995434761 744.46211050078273 1542.4374528750777 117.73130888305604 178.47906873188913 740.13757757470012 46.257591053843498 69.382244385778904 423.96807202883065 26.813770061358809 63.614092973992229 36.364827040582895 1067.597529804334 30.434277886524796 127.10771851055324 1744.9731853865087 357.39616957865655 2973.0546858422458 2398.2796645332128
leaf_count=1256 62458 32829 2487 1580 9315 904 988 3310 221 5291 810 6802 2030 2646 800 6093 12039 523 1156 7175 304 79 257 22410 282 381 2076 3276 14578 12735
internal_value=-6.15723e-05 -0.00643725 0.00861472 -0.00446842 -0.0143099 0.00401493 0.00119314 -0.00137302 -0.0269091 0.00157033 -0.00186956 -0.00141608 0.00116309 -0.00864327 -0.0223946 0.00315534 -0.00918361 0.0014465 -0.00425652 -0.0210493 0.0202684 0.0550107 -0.0159064 -0.00587613 0.0818836 0.0139867 -0.000556445 0.00804107 -0.00345955 -0.000845264
internal_weight=29213.1 16839.5 12373.6 15437.3 3222.13 8400.1 6720.33 5693.98 585.948 5108.03 12215.2 12090.1 9078.29 1898.35 2155.1 296.21 3011.85 1167.75 1057.88 550.598 126.63 109.872 1844.1 1103.96 57.248 507.283 8333.83 2102.37 6231.46 5371.33
internal_count=217091 199988 17103 137530 49037 14616 13360 12456 1209 11247 88493 87683 41497 7937 39722 6893 46186 11480 10878 8917 1742 602 34706 22667 586 1961 39467 5352 34115 27313
is_linear=0
shrinkage=0.03


Tree=87
num_leaves=31
num_cat=0
split_feature=1 0 8 8 16 16 15 18 13 0 8 1 6 6 0 5 1 9 5 5 4 16 15 5 5 3 9 3 2 12
split_gain=1704.02 775.991 590.829 419.969 459.469 296.636 388.853 285.177 254.207 255.963 313.919 242.728 254.992 240.797 367.639 290.619 236.752 233.97 229.146 367.007 345.327 307.437 424.047 301.447 567.016 256.682 226.353 222.761 221.741 218.717
threshold=0.32250000000000006 0.0088162231969116465 4.5000000000000009 -7.4999999999999991 0.86285968518823652 0.75856762711588999 -0.9217397168539988 23.500000000000004 0.75000000000000011 0.042010957676366985 65.500000000000014 1.3225000000000002 0.031500264549173443 0.085205633616571547 0.29410906822609312 0.085500000000000007 0.12550000000000003 39.300000000000004 0.68550000000000011 0.6755000000000001 -0.11199999999999995 -0.90578236674675849 0.20609579887863463 0.93950000000000011 0.94750000000000012 -0.018499999999999957 -4.7333333333333325 0.016499999999999963 -0.021000000000000008 1.0000000180025095e-35
decision_type=2 2 2 2 2 2 2 2 2 2 2 2 2 2 2 2 2 2 2 2 2 2 2 2 2 2 2 2 2 2
left_child=2 -2 5 4 11 6 -1 13 9 18 29 17 -13 14 -8 -16 -4 -3 19 20 25 22 -22 -20 -25 -5 -15 -24 -7 -11
right_child=1 3 16 8 -6 28 7 -9 -10 10 -12 12 -14 26 15 -17 -18 -19 23 -21 21 -23 27 24 -26 -27 -28 -29 -30 -31
leaf_value=0.015242929057448264 -0.02793541004287961 -0.027402854416045303 0.025653319621678411 0.0010879541780343604 0.00197326285189731 0.019623921697515357 0.011986731354037017 -0.05103050243521471 -0.044356212016635588 -0.003364137148743492 0.019777397014223767 0.0295833233284877 -0.025726663174584937 -0.022602201385145466 0.0070496320588909452 -0.021491471590865806 0.011747268658044272 0.070714891320582146 -0.030668031301033936 0.052160652167223556 -0.031737046311146225 -0.033351275737081493 0.0087469138994356287 0.10166839706673099 -0.010002410786213497 0.049840601936250159 0.0099915150723861902 0.12326106567190145 -0.0017937562707311633 0.0078485506067689399
leaf_weight=1089.5119276978076 1366.6063156332821 1799.5536346584558 1658.6445685476065 380.33122894540429 1067.9842039141804 1367.0943713933229 561.38048537820578 113.95941572636366 122.17236405983567 6217.7310764025897 742.68457189574838 153.3757860083133 141.22173989005387 219.44261054322124 404.35328257083893 1533.2195987552404 3304.8273605704308 19.361197762191296 720.92821678705513 112.54887802526355 67.594899544492364 412.59337106347084 27.021186454221606 39.568720296025276 1060.2106685955077 127.62345849350095 1391.8263954557478 33.744939444586635 636.78501983731985 2089.3058376796544
leaf_count=949 62458 32692 800 1580 9315 843 773 332 810 34115 2030 2464 4429 655 409 7673 2524 137 12039 602 1156 7175 304 257 22410 381 1341 282 804 5352
internal_value=-6.14222e-05 -0.00629856 0.00842053 -0.00436534 -0.0140634 0.00299887 -0.000712009 -0.00483504 -0.0018239 -0.00138107 0.00113136 -0.0221582 0.00307721 -0.00351795 -0.00934424 -0.0155335 0.0164069 -0.0262437 -0.00899882 0.00141291 -0.0041656 -0.0207908 0.0194223 -0.015632 -0.00571898 0.0135578 0.00551874 0.0751467 0.0128254 -0.000542215
internal_weight=28983.2 16702.2 12281 15335.6 3181.5 7317.57 5313.69 4224.18 12154.1 12031.9 9049.72 2113.51 294.598 4110.22 2498.95 1937.57 4963.47 1818.91 2982.17 1161.46 1048.91 540.954 128.361 1820.71 1099.78 507.955 1611.27 60.7661 2003.88 8307.04
internal_count=217091 199988 17103 137530 49037 13779 12132 11183 88493 87683 41497 39722 6893 10851 8855 8082 3324 32829 46186 11480 10878 8917 1742 34706 22667 1961 1996 586 1647 39467
is_linear=0
shrinkage=0.03


Tree=88
num_leaves=31
num_cat=0
split_feature=0 0 0 9 16 11 16 17 1 4 8 0 1 11 15 15 16 15 8 10 0 9 4 3 16 4 7 13 18 8
split_gain=1624.33 789.936 443.26 371.919 341.085 380.901 325.994 597.629 341.424 296.641 270.79 241.564 229.685 231.702 475.58 243.076 239.051 219.769 218.876 235.965 289.395 380.318 205.914 202.703 196.622 194.229 193.469 212.081 206.231 192.33
threshold=0.66033148693280064 0.0088162231969116465 0.95287792712394592 -1.2249999999999999 0.69534102799719377 0.29285714285714287 -0.25734881566210294 2.5000000000000004 0.44650000000000006 -0.19199999999999987 -7.4999999999999991 0.0090828451284802655 0.12550000000000003 0.31666666666666671 0.77458802150193395 0.95517121453263643 0.97747834988402482 -0.98850473361967206 -12.499999999999998 -3.3874999999999997 0.036607719444207661 -15.549999999999999 -0.33449999999999991 -0.092999999999999902 -0.99770481905597441 0.11500000000000005 0.2678571428571429 0.55000000000000016 7.5000000000000009 174.50000000000003
decision_type=2 2 2 2 2 2 2 2 2 2 2 2 2 2 2 2 2 2 2 2 2 2 2 2 2 2 2 2 2 2
left_child=1 -1 10 4 6 -6 7 8 24 26 -2 -10 -12 14 -14 16 17 -15 19 20 21 23 -19 -7 -3 -20 -5 28 -28 -11
right_child=2 3 -4 9 5 18 -8 -9 11 29 12 -13 13 15 -16 -17 -18 22 25 -21 -22 -23 -24 -25 -26 -27 27 -29 -30 -31
leaf_value=-0.027909864755397241 -0.0098121252359905965 0.046893670494978529 0.019636009468089584 0.012674380936600959 -0.022239138754724296 0.071370201379171938 -0.027336679784299323 0.038452933825693196 0.069976150725422542 -0.0044364294435883878 0.018627182824167515 -0.028447087870613966 0.0010534812244122965 0.02619310749295372 -0.050088469995619757 0.022070214294047312 0.025635711940915552 0.013690786124306511 0.025101229142231556 -0.017556694895738491 -0.020492880612573896 0.14126283459253478 -0.0046879310208760945 -0.030926535214121972 -0.0039485738172061122 -0.029378181296942904 0.016740117368489019 -0.024706123896188779 -0.014737635437287929 0.032860978556999113
leaf_weight=1333.4039634522051 917.41732440888882 74.091347120702267 2635.6207530647516 1970.7705630417913 495.74911693297327 28.56681695394218 1407.0036034155637 215.59299217350781 20.224627682939172 8095.4508217871189 1350.4637882187963 918.04012945480645 1390.0825644508004 307.75810852646828 182.46732545644045 926.97894644737244 440.01318857073784 717.54912195727229 626.73111452907324 399.29421878419816 71.424747889861465 30.004166750237346 2296.8253998160362 36.259204791858792 608.60318090952933 62.46686190739274 498.42768741026521 293.978381767869 296.22618586570024 123.40693713724613
leaf_count=62463 1643 147 1587 4441 5718 101 21739 797 411 72087 799 20966 1933 175 482 521 195 549 2884 5089 777 237 3132 858 2950 724 1030 1040 1553 63
internal_value=-6.06541e-05 -0.00573693 0.00888907 -0.0039152 -0.0107283 -5.42439e-05 -0.0164836 -0.00813788 -0.0143942 -0.000896278 0.00556255 -0.0261093 0.00741864 0.00499352 -0.00496474 0.00833417 0.00493477 0.0021723 0.00874312 -0.005078 0.024672 0.0582749 -0.000303754 0.0153153 0.00175025 0.0200575 0.00707392 -0.00307165 0.00499474 -0.00386462
internal_weight=28770.9 17605.7 11165.2 16272.3 4994.05 1750.5 3243.56 1836.55 1620.96 11278.3 8529.56 938.265 7612.14 6261.67 1572.55 4689.12 3762.15 3322.13 1254.75 565.549 166.255 94.8302 3014.37 64.826 682.695 689.198 3059.4 1088.63 794.654 8218.86
internal_count=217091 206075 11016 143612 63398 16388 47010 25271 24474 80214 9429 21377 7786 6987 2415 4572 4051 3856 10670 7062 1973 1196 3681 959 3097 3608 8064 3623 2583 72150
is_linear=0
shrinkage=0.03


Tree=89
num_leaves=31
num_cat=0
split_feature=1 12 1 16 10 1 2 10 16 4 15 6 0 2 6 7 8 15 2 13 5 10 10 2 0 8 15 16 1 7
split_gain=1555.78 685.656 648.407 570.472 515.396 459.174 366.617 336.307 326.744 359.709 395.934 373.816 317.799 317.031 284.155 249.232 240.742 240.735 393.799 235.821 286.856 214.402 211.3 207.101 194.222 191.079 189.872 335.264 369.093 257.62
threshold=0.52150000000000019 1.0000000180025095e-35 0.087500000000000008 0.37150687908213192 12.211111111111112 0.98950000000000016 -0.10750000000000003 -5.0499999999999989 0.96296759363048678 -0.23100000000000001 -0.98601857644751278 0.019119797767341479 0.021250387291287885 1.0000000180025095e-35 0.050460765825311289 0.2678571428571429 6.5000000000000009 0.16207207701540691 -1.0000000180025095e-35 0.35000000000000003 0.25550000000000006 19.707142857142859 3.6333333333333337 -0.15099999999999994 0.71528819453040626 98.500000000000014 -0.48337545391520315 -0.2814072506138231 0.31150000000000005 0.29285714285714287
decision_type=2 2 2 2 2 2 2 2 2 2 2 2 2 2 2 2 2 2 2 2 2 2 2 2 2 2 2 2 2 2
left_child=1 2 -1 4 -2 12 14 -4 9 13 -11 22 -6 15 -5 -9 24 -8 -19 26 -21 -20 -12 -16 -3 -7 27 28 -13 -28
right_child=3 16 7 6 5 25 17 8 -10 10 11 19 -14 -15 23 -17 -18 18 21 20 -22 -23 -24 -25 -26 -27 29 -29 -30 -31
leaf_value=0.017076246540513876 -0.0224451201705392 -0.0066118928137018102 -0.018244897407898902 0.067675629126497105 -0.03125905948130047 -0.033267228831602817 -0.014323930676708499 0.01512913685837705 0.0181666353578382 0.016746044506825104 -0.028638375678420865 -0.036695112409689506 0.038937409239644449 -0.026993492026468655 0.019232211231847311 -0.003313004031356895 0.021760503068554694 -0.020518505308108784 0.0028568762199748005 0.0027690464796938565 -0.035354165532484653 0.031213210847591138 0.00060829321937664845 -0.020321626713621806 0.016695570862416818 0.026852230974779075 -0.0013335874138300657 -0.02664820431611924 0.020409894220881179 0.018556161322629713
leaf_weight=2200.8204152584076 3716.7712938021868 605.50630694068968 892.10715892724693 83.397961463779211 67.996458787471056 248.35597485862672 1896.9451228175312 2327.6566494312137 900.62467720173299 750.33465271629393 899.50015649013221 134.15463268756866 328.64038905873895 221.06013567745686 487.0189549382776 918.47559597343206 2462.7124581634998 585.7482817992568 1250.0595221649855 307.63315511122346 416.04494247213006 294.21647734008729 294.83281054906547 154.71717858873308 680.69052343815565 56.296618411317468 3685.51434892416 625.30438227578998 393.37797116301954 693.84394558519125
leaf_count=1559 99502 1722 4702 456 971 8612 34296 2366 1073 1229 8299 334 764 574 1845 1482 1674 7807 15822 442 2032 1236 892 1371 434 555 10395 2460 1246 939
internal_value=-5.92366e-05 0.00475167 0.00199171 -0.0102406 -0.0179971 0.00557195 -0.00302241 -0.0004779 0.000787261 -0.000558566 -0.00398349 -0.00607712 0.0267591 0.00753843 0.0165713 0.00991279 0.0162707 -0.00656035 0.000364122 -0.0031362 -0.0192036 0.00830939 -0.0214351 0.00964593 0.0057332 -0.0220043 -0.00102512 -0.0118408 0.00576237 0.00182819
internal_weight=28580.4 19410.2 15661.3 9170.16 4418.06 701.289 4752.1 13460.5 12568.4 11667.7 8200.54 7450.21 396.637 3467.19 725.134 3246.13 3748.91 4026.97 2130.02 6255.87 723.678 1544.28 1194.33 641.736 1286.2 304.653 5532.2 1152.84 527.533 4379.36
internal_count=217091 43854 40024 173237 110404 10902 62833 38465 33763 32690 28268 27039 1735 4422 3672 3848 3830 59161 24865 17848 2474 17058 9191 3216 2156 9167 15374 4040 1580 11334
is_linear=0
shrinkage=0.03


Tree=90
num_leaves=31
num_cat=0
split_feature=1 0 8 8 16 9 1 1 13 17 16 8 12 16 3 10 11 0 3 16 16 9 10 2 15 15 16 1 0 10
split_gain=1486.14 723.407 550.954 382.861 437.801 286.863 307.478 253.02 244.723 243.973 472.219 225.849 219.042 329.575 312.871 353.677 309.15 288.279 251.609 216.667 210.837 202.408 201.023 195.991 214.556 523.416 355.61 374.702 394.584 352.573
threshold=0.32250000000000006 0.0088162231969116465 7.5000000000000009 -7.4999999999999991 0.86285968518823652 -9.8999999999999986 0.087500000000000008 0.088500000000000009 0.75000000000000011 2.5000000000000004 -0.50609380739745924 174.50000000000003 1.0000000180025095e-35 0.98435746553994086 -1.0000000180025095e-35 -3.9499999999999997 0.38750000000000007 0.77006793540748053 -0.41249999999999998 -0.9006076795782042 -0.66787264099987687 39.300000000000004 24.050000000000004 0.028499999999999973 -0.9217397168539988 -0.50486675993944219 -0.06002743439290481 0.31150000000000005 0.84852458610538495 6.2111111111111121
decision_type=2 2 2 2 2 2 2 2 2 2 2 2 2 2 2 2 2 2 2 2 2 2 2 2 2 2 2 2 2 2
left_child=2 -2 5 4 9 20 -7 -8 11 22 -11 12 13 14 18 -16 17 19 -5 -14 -1 -12 -3 24 -9 29 27 28 -27 -26
right_child=1 3 -4 8 -6 6 7 23 -10 10 21 -13 16 -15 15 -17 -18 -19 -20 -21 -22 -23 -24 -25 25 26 -28 -29 -30 -31
leaf_value=0.018250107398783719 -0.027611656651408585 -0.030183609451045448 0.017392969292154628 0.014863408056268193 0.0020808689746019946 0.017002553526645196 -0.026322217783115026 0.017963567358991919 -0.044070454690426301 0.043599305719528483 -0.024794391613417878 0.033415366223016989 0.018255548647695082 0.022803170889769631 -0.019456583418534366 0.0054635563062167304 0.015724698060985063 0.017455583025748046 -0.011729266527055025 -0.023597390456570107 -0.035590894237045638 0.066398146145182316 0.032638575603379891 -0.013121194944257925 -0.047260799966423475 -0.031158187448073353 0.011051278287250017 0.029938735318742797 0.0096903038706616478 0.0064548349886655631
leaf_weight=84.075397782027721 1275.8529272247106 1412.3804071247578 3797.1853699013591 340.99399830587208 1062.8864917065948 1494.8640893213451 270.72246384248137 939.63751616701484 118.31569396704435 134.19820298440754 417.17796265892684 163.84029830619693 133.53702603653073 396.71835016272962 607.65090455673635 3188.4303654283285 1363.8921422213316 330.83192560076714 4718.9416824076325 612.95631137117743 269.4959401153028 20.272190226241946 45.019918425008655 597.30322103202343 297.61425657570362 594.44666522741318 2995.4898663386703 184.06629941239953 328.79466880857944 172.38570212200284
leaf_count=136 62458 30399 2487 548 9315 999 5078 717 810 501 8287 73 515 1248 11191 28009 2714 209 37939 5237 911 199 336 1198 780 1584 2618 144 283 168
internal_value=-5.8653e-05 -0.00594808 0.00794479 -0.00410864 -0.0135147 0.00358023 0.00477021 0.00189768 -0.00167745 -0.0216752 -0.00503104 -0.00124342 -0.00173746 -0.00384645 -0.00504758 0.0014623 0.006251 -0.00575306 -0.00992941 -0.0160674 -0.0227423 -0.0201449 -0.0281799 0.00316041 0.00493079 0.00224274 0.00568404 -0.00882605 -0.0166265 -0.0276431
internal_weight=28370 16343.9 12026.1 15068 3091.94 8228.9 7875.32 6380.46 11976.1 2029.05 571.648 11857.8 11694 9252.74 8856.02 3796.08 2441.22 1077.33 5059.94 746.493 353.571 437.45 1457.4 6109.74 5512.43 4572.8 4102.8 1107.31 923.241 470
internal_count=217091 199988 17103 137530 49037 14616 13569 12570 88493 39722 8987 87683 87610 78935 77687 39200 8675 5961 38487 5752 1047 8486 30735 7492 6294 5577 4629 2011 1867 948
is_linear=0
shrinkage=0.03


Tree=91
num_leaves=31
num_cat=0
split_feature=1 0 16 10 1 12 2 0 10 4 16 15 13 11 6 15 10 5 6 15 2 8 4 11 16 1 3 11 2 0
split_gain=1413.03 650.355 545.199 494.273 435.108 398.518 342.31 295.442 292.497 313.104 407.991 304.569 305.863 356.851 309.795 368.644 386.008 293.226 258.403 234.641 249.106 243.828 243.658 243.178 300.108 329.024 296.428 217.926 209.742 208.17
threshold=0.52150000000000019 0.95287792712394592 0.37150687908213192 12.211111111111112 0.98950000000000016 1.0000000180025095e-35 -0.10750000000000003 0.021250387291287885 -5.0499999999999989 -0.31449999999999989 0.96296759363048678 -0.98601857644751278 0.35000000000000003 0.95000000000000007 0.085205633616571547 0.9513328169297226 -1.5857142857142856 0.15350000000000003 0.050460765825311289 0.37298998528742644 -0.017999999999999999 -17.499999999999996 -0.090000000000000038 0.47222222222222227 0.76775260149169211 1.2685000000000002 0.0030000000000000586 0.38750000000000007 1.0000000180025095e-35 0.7437000036460254
decision_type=2 2 2 2 2 2 2 2 2 2 2 2 2 2 2 2 2 2 2 2 2 2 2 2 2 2 2 2 2 2
left_child=1 5 3 -2 7 8 18 -5 -1 -10 11 -11 14 -14 15 17 -17 -13 -4 22 -21 -22 -8 24 -23 26 -26 -7 -25 -18
right_child=2 -3 6 4 -6 27 19 -9 9 10 -12 12 13 -15 -16 16 29 -19 -20 20 21 23 -24 28 25 -27 -28 -29 -30 -31
leaf_value=-0.015183986252837687 -0.02207130190194679 0.018786024937832022 0.06413103266150412 -0.031106988132302425 -0.021790353864925605 -0.0001288168832305507 -0.03116692276206489 0.037726628136205129 0.010306967293525081 0.01485624104863194 0.019754990014402483 -0.029338867656954627 -0.026424766172188363 0.019490133328819725 0.010375077151255021 -0.039988121918629674 0.00029573226063709968 -0.0063164480206882694 0.009406360378943282 -0.020883351233206796 -0.017831201306385127 -0.022050174796935433 -0.0073406340578909789 0.044436373516195268 -0.031602733613857521 -0.036226318169974805 0.064937697447936316 0.017894280212366984 0.0043736779055176143 0.026599448069382442
leaf_weight=1017.1172480890527 3594.5835432056338 2504.7132205888629 85.711369855329394 65.170446705073118 294.79111122433096 859.58831665292382 480.06442076712847 328.76318138092756 2830.033737745136 801.07260772772133 782.13094281964004 565.69883294403553 940.94792397879064 179.39322295039892 1412.6499663181603 125.0333658028394 482.16448876447976 4027.3716930728406 637.23290564492345 313.95247902255505 243.2540450040251 254.12254281714559 1944.5249329404905 323.00653906818479 33.989462442696095 56.748020928353071 137.54576264508069 2025.7580037601292 185.09915868192911 614.87903130799532
leaf_count=4910 99502 1575 456 971 9167 1713 6564 764 3016 1311 952 5691 3443 193 2597 781 1469 14164 3216 4448 5546 5538 32569 807 425 1016 916 1758 1332 281
internal_value=-5.79268e-05 0.00454232 -0.00987735 -0.0176134 0.00564785 0.00239838 -0.00281326 0.0261901 0.000274377 0.00150973 -0.000999484 -0.0027796 -0.00447663 -0.0190403 -0.00221224 -0.00527379 0.00935362 -0.00916927 0.0161327 -0.00627091 0.00285216 0.00892807 -0.0120909 0.0155337 0.000254843 0.0250485 0.0455939 0.0125304 0.0299532 0.015071
internal_weight=28147.1 19168.6 8978.56 4283.31 688.725 16663.8 4695.25 393.934 13778.5 12761.4 9931.34 9149.21 8348.14 1120.34 7227.8 5815.15 1222.08 4593.07 722.944 3972.31 1547.72 1233.77 2424.59 990.511 482.406 228.283 171.535 2885.35 508.106 1097.04
internal_count=217091 43854 173237 110404 10902 42279 62833 1735 38808 33898 30882 29930 28619 3636 24983 22386 2531 19855 3672 59161 20028 15580 39133 10034 7895 2357 1341 3471 2139 1750
is_linear=0
shrinkage=0.03


Tree=92
num_leaves=31
num_cat=0
split_feature=5 0 0 9 8 15 0 3 15 0 13 16 10 4 12 16 3 16 10 5 4 11 13 15 12 10 15 4 16 2
split_gain=1358.47 602.352 479.015 296.03 259.023 246.628 330.979 364.718 368.771 308.6 303.373 302.217 294.919 278.731 271.658 387.585 299 327.865 263.739 262.168 254.488 232.02 230.865 230.493 219.123 213.002 209.291 226.351 316.952 215.856
threshold=0.36550000000000005 0.0088162231969116465 0.95287792712394592 -9.6333333333333311 174.50000000000003 -0.32453046852939688 0.43576326866327048 -1.0000000180025095e-35 0.78226021281905578 0.0092180431619499261 0.45000000000000007 0.61572976656835332 20.150000000000002 -1.0004999999999997 1.0000000180025095e-35 0.77345568691932931 -0.092999999999999902 0.77954675263066597 -0.38749999999999996 1.1055000000000004 -0.31449999999999989 0.89444444444444449 0.35000000000000003 0.57584406403863253 1.0000000180025095e-35 -20.149999999999995 -0.98850473361967206 -0.23100000000000001 0.94183387447688605 0.0019999999999999987
decision_type=2 2 2 2 2 2 2 2 2 2 2 2 2 2 2 2 2 2 2 2 2 2 2 2 2 2 2 2 2 2
left_child=2 -2 3 23 5 10 7 14 9 -9 13 18 -10 -3 16 -16 17 21 -12 20 -19 -7 -8 -1 26 -15 -5 29 -29 -28
right_child=1 4 -4 24 -6 6 22 8 12 -11 11 -13 -14 25 15 -17 -18 19 -20 -21 -22 -23 -24 -25 -26 -27 27 28 -30 -31
leaf_value=-0.0032359042745759826 -0.027233986870778229 0.037226732115965 0.01856333811003506 0.01909242922742892 0.033062886766022259 -0.029527562098909808 0.0133444544171168 0.097103245307830918 -0.028614227963997128 0.0079026803789312428 -0.027050988602466144 -0.037236452691979172 0.041780893002424914 0.033445922413310028 0.024838479971080518 -0.022286752302637707 -0.025191485057030689 0.029269734554308466 0.019797217821180314 0.03703863133445863 -0.023353639151276282 0.015864600112744008 -0.011216407145874456 -0.04218738084577732 0.015425964989193965 -0.018088506191390016 0.010508114643864676 -0.0037102025613686231 0.018085298092776505 -0.017348915047219329
leaf_weight=400.08430158160627 1206.5580341517925 85.126445461064577 2362.4942526742816 700.19964628480375 155.69419193640351 490.87547603622079 1594.4583642408252 32.667057791724801 422.84726569615304 1715.5551662147045 128.15633020363748 130.89887933991849 58.578875536099076 71.203653046861291 374.36956308223307 266.17695330269635 1532.7598433289677 125.43269570916891 619.6894556786865 215.99403906613588 229.50476990826428 125.45461169071496 436.64679803699255 205.15148436278105 1539.2309780549258 3165.4899001345038 3157.2154809124768 5463.347693612799 671.60308055020869 269.19612290151417
leaf_count=1251 62070 72 1502 644 72 5794 2321 550 11932 25359 1157 1059 208 1032 1028 2191 20398 188 2441 860 1634 327 792 1403 1152 49956 2907 15574 563 654
internal_value=-5.74073e-05 -0.00705624 0.00619074 0.0038307 -0.00501732 -0.0055271 -0.00230844 -0.00607633 0.00332883 0.00973296 -0.0113611 0.00430248 -0.019843 -0.0155048 -0.0123138 0.00524314 -0.0164496 -0.00512867 0.011693 0.0112219 -0.00466741 -0.0202559 0.00805561 -0.0165819 0.00488156 -0.0169249 0.00329586 0.00213341 -0.00131654 0.00830626
internal_weight=27952.7 13184.1 14768.5 12406 11977.6 11821.9 7621.32 5590.22 2229.65 1748.22 4200.56 878.745 481.426 3321.82 3360.57 640.547 2720.02 1187.26 747.846 570.932 354.937 616.33 2031.11 605.236 11800.8 3236.69 10261.6 9561.36 6134.95 3426.41
internal_count=217091 191441 25650 24148 129371 129299 73582 70469 38049 25909 55717 4657 12140 51060 32420 3219 29201 8803 3598 2682 1822 6121 3113 2654 21494 50988 20342 19698 16137 3561
is_linear=0
shrinkage=0.03


Tree=93
num_leaves=31
num_cat=0
split_feature=1 0 9 16 8 16 15 4 9 5 15 2 17 16 13 8 5 0 0 16 1 18 3 11 15 4 4 3 0 6
split_gain=1293.4 673.475 519.506 422.967 350.807 414.39 295.418 314.315 418.78 260.095 316.557 243.863 243.163 440.496 234.182 221.618 219.153 232.232 225.317 305.703 205.774 410.931 279.164 268.591 327.782 254.576 227.482 307.95 267.765 203.489
threshold=0.32250000000000006 0.0088162231969116465 5.1000000000000005 0.72619112631334914 -7.4999999999999991 0.86285968518823652 -0.98144480685298208 -0.20299999999999987 -4.8999999999999995 0.31050000000000005 0.9582128677556857 -0.016000000000000004 2.5000000000000004 -0.50609380739745924 0.75000000000000011 59.500000000000007 0.74050000000000005 0.11134457348404123 0.011211248932462812 -0.88919215409034558 0.55150000000000021 3.5000000000000004 -0.018499999999999957 0.47222222222222227 -0.15113013223445057 -0.36149999999999988 -0.052499999999999984 -0.018499999999999957 0.041025903760697667 0.098285553363322495
decision_type=2 2 2 2 2 2 2 2 2 2 2 2 2 2 2 2 2 2 2 2 2 2 2 2 2 2 2 2 2 2
left_child=2 -2 3 6 5 12 -1 8 -8 10 29 -5 -3 -14 15 20 -17 18 19 -18 -6 22 25 -23 -25 -22 27 28 -26 -9
right_child=1 4 -4 11 14 -7 7 9 -10 -11 -12 -13 13 -15 -16 16 17 -19 -20 -21 21 23 -24 24 26 -27 -28 -29 -30 -31
leaf_value=0.017002979055724007 -0.027285250356636689 -0.027908000652184781 0.015716266835363275 0.020035262297157446 0.00090634957348542829 0.0021253177998019389 -0.031536384721460788 -0.018753162689222662 0.010513218056249366 0.019195517496976802 0.0029326461986683037 -0.0015813713440599353 0.042039534583727119 -0.019580755489358823 -0.043819658330332807 0.028758241058926274 0.1347958053722601 0.022038329324304301 -0.020336605424359319 -0.027776057939792313 0.031465540387468439 -0.021475384024392828 0.020623600776704366 -0.017455834734863642 -0.032377908297360876 -0.019629606558889179 -0.01516097703454085 0.064454990595368078 0.027808041473611007 -0.074289903821205691
leaf_weight=640.4686702080071 1191.9261356405914 1390.3864440564066 4346.788034260273 1565.9819545447826 6427.9260047171265 1054.6117360871285 243.14696579799056 1727.3359475433826 1589.8316088654101 229.94468146562576 712.00821424275637 669.7796346694231 135.5714859534055 420.7580158431083 113.69593414478004 416.12517327815294 17.782960679382086 282.35243222117424 371.04269990511239 19.165941989049315 108.41949935629964 1682.2787413336337 641.73956332914531 679.23173915781081 95.846683235839009 412.31003895774484 179.4788733124733 122.17503318190575 200.99967095628381 58.934020422399044
leaf_count=489 62458 30735 3124 951 21643 9315 725 8094 1393 234 1005 855 501 8486 810 913 126 499 4915 590 151 35042 4536 9947 1327 3695 3267 370 662 233
internal_value=-5.69228e-05 -0.00562136 0.00748061 0.0026629 -0.00386814 -0.0130182 -0.00202854 -0.00471031 0.00489287 -0.0111606 -0.0139742 0.013566 -0.0212127 -0.00441962 -0.00153229 -0.00110867 0.0116461 0.00125148 -0.01319 0.0547142 -0.00244925 -0.00767828 0.00742221 -0.0136101 -0.00322858 -0.00887194 0.0129243 0.0249763 0.0082455 -0.020707
internal_weight=27748 15963.8 11784.2 7437.43 14771.9 3001.33 5201.67 4561.2 1832.98 2728.22 2498.28 2235.76 1946.72 556.33 11770.6 11656.9 1106.47 690.344 407.992 36.9489 10550.4 4122.48 1162.47 2960.01 1277.73 520.73 598.5 419.021 296.846 1786.27
internal_count=217091 199988 17103 13979 137530 49037 12173 11684 2118 9566 9332 1806 39722 8987 88493 87683 7043 6130 5631 716 80640 58997 8382 50615 15573 3846 5626 2359 1989 8327
is_linear=0
shrinkage=0.03


Tree=94
num_leaves=31
num_cat=0
split_feature=1 0 8 8 16 9 1 17 16 13 1 8 13 3 1 18 3 11 15 4 4 3 0 5 1 12 3 9 15 0
split_gain=1226.5 655.539 499.447 335.616 401.591 255.075 290.307 238.045 414.537 226.21 217.968 209.904 210.965 201.402 196.193 392.353 261.698 259.71 311.691 241.332 214.12 284.051 253.947 203.618 1003.77 200.027 257.34 263.801 466.749 250.818
threshold=0.32250000000000006 0.0088162231969116465 7.5000000000000009 -7.4999999999999991 0.86285968518823652 -13.549999999999999 0.087500000000000008 2.5000000000000004 -0.50609380739745924 0.75000000000000011 0.088500000000000009 59.500000000000007 1.0000000180025095e-35 0.02449999999999997 0.55150000000000021 3.5000000000000004 -0.018499999999999957 0.47222222222222227 -0.15113013223445057 -0.36149999999999988 -0.052499999999999984 -0.018499999999999957 0.041025903760697667 0.74450000000000005 0.75050000000000006 1.0000000180025095e-35 -1.0000000180025095e-35 -0.89999999999999991 0.9158639273482887 0.07873429128754876
decision_type=2 2 2 2 2 2 2 2 2 2 2 2 2 2 2 2 2 2 2 2 2 2 2 2 2 2 2 2 2 2
left_child=2 -2 5 4 7 -1 -7 -3 -9 11 -8 14 -13 -12 25 16 19 23 -19 -16 21 22 -20 -17 -25 26 27 -5 -29 -28
right_child=1 3 -4 9 -6 6 10 8 -10 -11 13 12 -14 -15 15 17 -18 18 20 -21 -22 -23 -24 24 -26 -27 29 28 -30 -31
leaf_value=-0.032130093164336827 -0.027156616329426547 -0.027723021404617396 0.016522282812452625 0.0028806860092392638 0.0020598144798389989 0.015800308266741017 -0.025936513578199531 0.040326212669575041 -0.019309151098176647 -0.043536140578685552 0.0044891973630290082 0.0019684452448129482 0.02969514734777573 -0.011109132901361767 0.030503641025992949 -0.032011855823882315 0.019915290616829867 -0.017170597461991503 -0.032256572113916852 -0.019282068013390722 -0.014887203742569495 0.061805014761321574 0.026794754185622563 0.15862459424846234 -0.017108376995985372 0.009249485847377269 0.03461093063949814 -0.025555010867232417 0.01408723488747296 0.0017025827748133049
leaf_weight=177.45807968080044 1162.1101663159207 1358.1816519740969 3642.8401494696736 1042.7295402996242 1055.5849582534283 1501.3638890124857 253.66062948480248 137.19347815401852 414.02104809880257 111.06264275498688 5262.0534286238253 729.31028603948653 370.80566488020122 864.86425298079848 108.575350176543 804.28168825432658 644.68781345710158 669.99067221395671 93.369707237929106 407.28023578412831 177.38331235386431 123.69562606886029 202.43386455439031 27.342871999368072 820.48344014026225 1833.0954210013151 232.98178247362375 1187.7211429513991 342.56659437716007 1789.445988824591
leaf_count=626 62458 30735 2487 3937 9315 1062 5078 501 8486 810 6009 6135 908 1841 151 14014 4536 9947 1327 3695 3267 370 662 195 20833 2916 2439 5446 791 6114
internal_value=-5.66118e-05 -0.0054959 0.00730841 -0.00377647 -0.012788 0.00313914 0.00394514 -0.0209867 -0.00432838 -0.00149387 0.00114947 -0.00108048 0.0113694 0.00228301 -0.00238676 -0.00752996 0.00721184 -0.0133925 -0.00316145 -0.00868758 0.0125708 0.0242046 0.00801862 -0.0212179 -0.0109016 0.000879086 -0.00246367 -0.0087532 -0.0166706 0.00553924
internal_weight=27548.6 15846.3 11702.2 14684.2 2964.98 8059.4 7881.94 1909.4 551.215 11719.2 6380.58 11608.2 1100.12 6126.92 10508.1 4079.52 1160.54 2918.98 1266.87 515.856 596.883 419.499 295.804 1652.11 847.826 6428.54 4595.45 2573.02 1530.29 2022.43
internal_count=217091 199988 17103 137530 49037 14616 13990 39722 8987 88493 12928 87683 7043 7850 80640 58997 8382 50615 15573 3846 5626 2359 1989 35042 21028 21643 18727 10174 6237 8553
is_linear=0
shrinkage=0.03


Tree=95
num_leaves=31
num_cat=0
split_feature=1 0 9 16 8 16 15 4 9 3 5 15 17 16 13 2 8 5 10 0 10 0 4 4 16 0 9 3 11 2
split_gain=1162.9 637.779 482.334 400.368 320.88 389.115 281.156 293.157 389.253 251.873 247.12 303.21 232.985 390.372 218.512 212.415 197.896 202.678 244.044 236.775 197.882 191.893 195.992 191.659 297.163 224.669 191.626 189.518 184.554 183.483
threshold=0.32250000000000006 0.0088162231969116465 5.1000000000000005 0.72045228999353972 -7.4999999999999991 0.86285968518823652 -0.98144480685298208 -0.20299999999999987 -4.0999999999999988 -0.28849999999999987 0.31050000000000005 0.9582128677556857 2.5000000000000004 -0.50609380739745924 0.75000000000000011 -0.016000000000000004 59.500000000000007 1.3705000000000003 7.0500000000000007 0.10338336018804876 24.050000000000004 0.45452055726779056 0.28100000000000014 0.013999999999999931 -0.91640503342474455 0.16883048004162274 39.300000000000004 0.023499999999999969 0.68333333333333346 0.078999999999999987
decision_type=2 2 2 2 2 2 2 2 2 2 2 2 2 2 2 2 2 2 2 2 2 2 2 2 2 2 2 2 2 2
left_child=2 -2 3 6 5 12 -1 8 9 -8 11 23 20 -14 16 -5 21 18 -18 -19 -3 -6 -23 25 -25 -9 -15 -26 -13 -7
right_child=1 4 -4 15 14 29 7 10 -10 -11 -12 28 13 26 -16 -17 17 19 -20 -21 -22 22 -24 24 27 -27 -28 -29 -30 -31
leaf_value=0.016531534460099279 -0.027026580070820649 -0.02971421752454699 0.015170488296303698 0.019214071363235104 -0.0053251302383880974 -0.0040066443767349594 -0.066496558371770681 0.011455594188999992 0.010654011402054252 -0.0069406503465305105 0.018642231703567717 -0.0061508351814647264 0.038718568681968754 -0.023953596530219817 -0.04325768301019163 -0.0007363192103410004 -0.0047479682828962637 -0.036597126841160177 0.029546291386451203 0.020442893005064359 0.03297222557931459 0.0012175185353150851 0.027565032316135565 0.023700245367370421 -0.0048317574262695118 -0.031409306714961789 0.064151619416549385 -0.049861996518092477 0.028829927994552175 0.027906657659510278
leaf_weight=632.92065566033125 1133.1235474022105 1282.2098794663325 4258.0453659370542 1549.9094466269016 6771.7994685489684 859.85005224309862 95.23859129846096 120.85677567124367 1511.3215266801417 185.24003842659295 228.67384756356478 530.38049972429872 138.70407311990857 386.74823051318526 108.48259926959872 695.08963717892766 278.12807871960104 148.06166823022068 560.84398832172155 113.03843165934086 44.598727967590094 3409.7728659287095 271.58973199874163 195.89061173051596 221.22937879338861 1089.5396978184581 20.716911017894745 133.45381629094481 179.10966578125954 196.67863058112562
leaf_count=489 62458 30399 3124 975 74170 8029 366 166 1303 424 233 913 501 8287 810 873 2361 2744 1684 254 336 6267 203 187 388 7073 199 497 92 1286
internal_value=-5.67836e-05 -0.00537562 0.007136 0.00248904 -0.00368904 -0.01256 -0.00214067 -0.00478147 0.00462144 -0.027653 -0.0110217 -0.0137868 -0.0207611 -0.00423879 -0.00145795 0.0130444 -0.00105433 0.0110314 0.018201 -0.011951 -0.0275375 -0.00232901 0.00318215 -0.0204485 -0.0057328 -0.0271116 -0.0190379 -0.022051 0.00276421 0.00199639
internal_weight=27351.2 15724.3 11626.9 7368.85 14591.2 2929.51 5123.86 4490.93 1791.8 280.479 2699.13 2470.46 1872.98 546.169 11661.7 2245 11553.2 1100.07 838.972 261.1 1326.81 10453.2 3681.36 1760.97 550.574 1210.4 407.465 354.683 709.49 1056.53
internal_count=217091 199988 17103 13979 137530 49037 12131 11642 2093 790 9549 9316 39722 8987 88493 1848 87683 7043 4045 2998 30735 80640 6470 8311 1072 7239 8486 885 1005 9315
is_linear=0
shrinkage=0.03


Tree=96
num_leaves=31
num_cat=0
split_feature=1 12 1 16 10 1 2 10 16 6 15 0 6 13 3 9 4 6 10 15 1 16 3 8 15 15 4 2 8 7
split_gain=1107.64 570.17 522.928 491.82 452.374 393.405 304.372 275.34 272.533 267.628 263.34 259.37 244.482 237.104 307.005 290.07 254.664 271.462 337.289 259.677 301.956 277.572 282.87 243.007 231.645 222.926 240.06 227.272 219.795 216.808
threshold=0.52150000000000019 1.0000000180025095e-35 0.087500000000000008 0.37150687908213192 12.211111111111112 0.98950000000000016 -0.10750000000000003 -5.0499999999999989 0.96296759363048678 0.1193548630485184 -0.7610940674112926 0.021250387291287885 0.050460765825311289 0.35000000000000003 -0.0039999999999999749 11.100000000000001 -0.052499999999999984 0.036664242344068523 5.4142857142857155 -0.47144375147103329 0.24250000000000002 -0.039240420811347591 -0.018499999999999957 -6.4999999999999991 0.48714962748269702 0.37298998528742644 -0.090000000000000038 -0.017999999999999999 6.5000000000000009 1.0000000180025095e-35
decision_type=2 2 2 2 2 2 2 2 2 2 2 2 2 2 2 2 2 2 2 2 2 2 2 2 2 2 2 2 2 2
left_child=1 2 -1 4 -2 11 12 -4 9 13 -11 -6 -5 16 -15 -16 19 18 29 20 -9 22 -22 -21 -19 26 -8 -27 -3 -18
right_child=3 28 7 6 5 -7 25 8 -10 10 -12 -13 -14 14 15 -17 17 24 -20 23 21 -23 -24 -25 -26 27 -28 -29 -30 -31
leaf_value=0.015571999435824969 -0.021233615279196611 0.0046828610501940303 -0.017085799247524881 0.062238572895904495 -0.030854875521261933 -0.021216681754606274 -0.030939578656029768 0.009805889494791371 0.016612057289752437 0.024782254107645542 0.0019592539708802215 0.036070597010759785 0.009050484589346321 -0.02758979023468084 -0.021828584778490527 0.033830644026024946 -0.0068622252752742457 0.0104308247953524 0.014792705457525536 -0.013946202342175012 -0.027709683847641772 -0.04782949854910877 0.027097323012698869 0.010358329360278171 -0.012072617761367446 -0.020052547193122803 -0.0066535075220538501 0.0092303027312681269 0.020341940335667389 -0.029206558577706737
leaf_weight=2048.9960007928312 3315.9396936269477 1244.6264811940491 860.85316687915474 86.172456564381719 59.610392705537379 276.395836208947 453.05242808815092 411.37340588867664 867.96660996414721 636.76364738494158 1577.5579398572445 324.02766754105687 622.16444771643728 711.42470449581742 158.63587613590062 173.28050028160214 654.83958142530173 1029.597693384625 288.90877744369209 419.16449355892837 213.18640607595444 244.86901688762009 136.51115326117724 3025.7779493844137 681.68802963010967 294.64479375630617 1875.7204757612199 1199.2974685523659 2301.5582034047693 974.94684176985174
leaf_count=1559 99502 2156 4702 456 971 9167 6564 351 1073 555 2522 764 3216 2513 687 266 6479 2876 621 1839 847 1223 297 4289 2369 4448 32569 15580 1674 4956
internal_value=-5.59364e-05 0.00403363 0.00149267 -0.0090258 -0.0167221 0.00593694 -0.00226577 -0.000718073 0.000440163 -0.000801866 0.00854702 0.0255129 0.0157563 -0.00307278 -0.0165103 0.00727167 -0.00133234 -0.00722649 -0.0149652 0.00347635 -0.0099136 -0.023538 -0.00626621 0.00739151 0.00146117 -0.00561493 -0.011412 0.00342634 0.0148546 -0.0202578
internal_weight=27169.6 18662.5 15116.3 8507.03 3975.97 660.034 4531.05 13067.3 12206.5 11338.5 2214.32 383.638 708.337 9124.2 1043.34 331.916 8080.86 3629.98 1918.7 4450.88 1005.94 594.567 349.698 3444.94 1711.29 3822.72 2328.77 1493.94 3546.18 1629.79
internal_count=217091 43854 40024 173237 110404 10902 62833 38465 33763 32690 3077 1735 3672 29613 3466 953 26147 17301 12056 8846 2718 2367 1144 6128 5245 59161 39133 20028 3830 11435
is_linear=0
shrinkage=0.03


Tree=97
num_leaves=31
num_cat=0
split_feature=1 0 8 8 16 9 15 5 1 17 16 13 8 16 5 16 3 10 18 13 8 1 10 3 12 18 4 0 0 16
split_gain=1058.47 611.621 459.845 297.876 372.198 235.365 256.055 239.2 321.028 232.069 369.552 211.438 190.86 189.837 362.734 254.125 207.878 189.649 180.616 178.52 181.088 349.771 176.914 216.75 315.798 262.057 197.98 196.367 186.051 180.582
threshold=0.32250000000000006 0.0088162231969116465 7.5000000000000009 -7.4999999999999991 0.86285968518823652 -7.633333333333332 0.57584406403863253 0.085500000000000007 0.088500000000000009 2.5000000000000004 -0.50609380739745924 0.75000000000000011 174.50000000000003 -0.4392102378618693 0.31050000000000005 -0.91135136321202292 -0.22700000000000001 24.050000000000004 28.500000000000004 0.55000000000000016 -30.499999999999996 0.63350000000000006 -5.6833333333333327 -1.0000000180025095e-35 1.0000000180025095e-35 22.500000000000004 -0.19199999999999987 0.016090215143477495 0.0092180431619499261 -0.99112279524592328
decision_type=2 2 2 2 2 2 2 2 2 2 2 2 2 2 2 2 2 2 2 2 2 2 2 2 2 2 2 2 2 2
left_child=2 -2 5 4 9 6 -1 -7 -9 17 -11 12 18 14 15 -10 -17 -3 22 20 21 -12 -5 24 27 29 -25 -24 -28 -26
right_child=1 3 -4 11 -6 7 -8 8 13 10 19 -13 -14 -15 -16 16 -18 -19 -20 -21 -22 -23 23 26 25 -27 28 -29 -30 -31
leaf_value=-0.0011798606670422305 -0.02681926542149669 -0.029533014483653818 0.015854129159951137 -0.012966025633567232 0.0020206573781786866 0.014525794000727984 -0.044101634679694468 -0.03338985613804233 0.0016229773350957323 0.037649423238157086 0.11603350836632846 -0.043058622539267885 0.032304441253614619 0.0057404842496773497 0.029768453700039655 0.0073811189665564918 -0.038067494262813535 0.031432803658498314 0.015833329387539372 0.058002637926553052 -0.032731785445226674 -0.029658878613048154 -0.029288578625999637 0.026901694082823332 0.045573249138138087 -0.036787706464944871 0.074113260921453178 -0.0064076153355467937 0.0019368244156116625 0.0080792370898196235
leaf_weight=361.80450247786939 1088.2879110705107 1235.599271081388 3531.372983828187 1228.4683762714267 1052.6996890474111 1596.8180209361017 188.32981264218688 226.02470405772328 453.64961069449782 139.85982524044812 20.241791611537337 105.50321319140494 149.97209294885397 4379.6578761823475 191.62533615529537 113.11915269494057 434.51136250048876 45.337946148589253 517.30393903143704 22.88190240226686 314.02800947800279 38.56112833507359 364.82904701307416 330.21918392181396 125.84766132757068 105.11137883365154 29.463271664455533 4158.9743786938488 3295.4920624867082 1151.2995788361877
leaf_count=685 62458 30399 2487 18335 9315 1259 808 5092 613 501 115 810 73 4650 131 118 1260 336 1431 201 6917 1253 7215 686 129 622 523 25489 30594 2586
internal_value=-5.54026e-05 -0.00516324 0.00685137 -0.00352494 -0.0121718 0.00284564 -0.016033 0.00425592 0.00142175 -0.0203863 -0.00377463 -0.00137664 -0.000981636 0.00285093 -0.00774563 -0.0149926 -0.0286905 -0.0273068 -0.00143158 -0.0185886 -0.0237147 0.023691 -0.00226351 -0.000884765 -0.00443739 0.00810007 0.00485453 -0.00827107 0.00264263 0.011872
internal_weight=26996.9 15520 11476.9 14431.7 2869.21 7945.54 550.134 7395.41 5798.59 1816.51 535.573 11562.5 11457 5572.56 1192.91 1001.28 547.631 1280.94 11307 395.713 372.831 58.8029 10789.7 9561.24 5906.06 1382.26 3655.17 4523.8 3324.96 1277.15
internal_count=217091 199988 17103 137530 49037 14616 1493 13123 11864 39722 8987 88493 87683 6772 2122 1991 1378 30735 87610 8486 8285 1368 86179 67844 36041 3337 31803 32704 31117 2715
is_linear=0
shrinkage=0.03


Tree=98
num_leaves=31
num_cat=0
split_feature=5 0 12 1 8 15 0 3 15 10 0 15 16 13 6 13 16 4 7 6 10 11 2 16 1 5 11 13 2 2
split_gain=1004.93 522.203 418.961 375.002 217.675 209.693 280.163 332.812 334.061 294.967 293.298 426.477 363.266 361.708 357.558 269.959 271.334 254.994 254.629 250.321 242.941 239.851 294.573 244.867 222.429 463.176 230.271 221.92 213.364 486.261
threshold=0.36550000000000005 0.0088162231969116465 1.0000000180025095e-35 0.087500000000000008 174.50000000000003 -0.32453046852939688 0.43576326866327048 -1.0000000180025095e-35 0.75947633579021623 18.450000000000003 0.016353580043187887 0.21585004265425956 -0.75564583220868908 0.45000000000000007 0.031215736770098756 0.45000000000000007 0.61572976656835332 -1.0004999999999997 0.15476190476190479 0.051264130843240656 -0.38749999999999996 0.47222222222222227 -0.11099999999999995 0.77954675263066597 0.78050000000000008 0.73550000000000015 0.58571428571428574 0.35000000000000003 -0.020000000000000007 -0.022499999999999961
decision_type=2 2 2 2 2 2 2 2 2 2 2 2 2 2 2 2 2 2 2 2 2 2 2 2 2 2 2 2 2 2
left_child=2 -2 3 -1 5 15 7 21 10 -10 11 -9 14 -14 -13 17 20 -3 24 -16 -17 22 23 -7 26 -26 -12 -8 29 -19
right_child=1 4 -4 -5 -6 6 27 8 9 -11 18 12 13 -15 19 16 -18 28 -20 -21 -22 -23 -24 -25 25 -27 -28 -29 -30 -31
leaf_value=0.015074848069898429 -0.026499817231143648 0.036017214357168252 0.017631796289148176 0.00088281624725030088 0.031967261424419219 -0.033511208962519495 0.01295524196383448 -0.020083464263986588 -0.028357007994220505 0.032469388212938287 -0.018653718584960004 -0.026377386486430152 -0.00062067633774162722 0.094314222136436934 0.16660334896185855 -0.026715732391974702 -0.036621484024921075 -0.010311857167453945 -0.030184118953311318 0.046270884225571608 0.019146370009222504 -0.0028993781275150989 -0.024983818055759128 0.026497078874054655 0.092749214936832247 0.01108422430772248 0.032696157834253697 -0.011325001638496606 -0.021959822340091081 0.074742995556901878
leaf_weight=2005.1742264404893 1046.8335209162906 84.846390942111611 2136.8430914729834 10122.722559892572 143.33574588596821 84.83626579400152 1567.9023191332817 94.573536049574614 412.06511088181287 84.125788487493992 359.80260002799332 15.352248224429784 123.5423519751057 48.021192403510213 48.564900116063654 122.37702900543809 120.55423090420663 1068.6933508990332 172.47355253621936 26.585662701167166 611.74678342230618 1515.4705301318318 1401.7149843992665 199.45088564790785 66.665423437952995 621.43611056357622 97.437849557027221 429.44127850234509 1925.9228376084939 61.127434167079628
leaf_count=1559 62070 72 1586 22505 72 1195 2321 3284 12467 342 7111 715 2077 125 490 1157 1059 12703 2746 619 2441 11947 18442 836 464 6962 647 792 37610 675
internal_value=-5.47984e-05 -0.00624397 0.00539268 0.00323241 -0.00439497 -0.0048619 -0.00185986 -0.00542607 0.00363957 -0.0179112 0.0100463 0.0340608 0.0536063 0.0271161 0.101342 -0.0103938 0.00454237 -0.0144589 0.00348467 0.127444 0.0114236 -0.0115704 -0.0193453 0.00842661 0.00862036 0.0193645 -0.00756927 0.00772568 -0.0158944 -0.00552433
internal_weight=26819.6 12554.9 14264.7 12127.9 11508.1 11364.7 7369.46 5372.12 2170.65 496.191 1674.46 356.64 262.066 171.564 90.5028 3995.27 854.678 3140.59 1317.82 75.1506 734.124 3201.47 1686 284.287 1145.34 688.102 457.24 1997.34 3055.74 1129.82
internal_count=217091 191441 25650 24064 129371 129299 73582 70469 38049 12809 25240 7310 4026 2202 1824 55717 4657 51060 17930 1109 3598 32420 20473 2031 15184 7426 7758 3113 50988 13378
is_linear=0
shrinkage=0.03


Tree=99
num_leaves=31
num_cat=0
split_feature=0 0 9 16 18 1 18 9 16 11 16 17 1 9 1 8 11 16 7 0 0 18 0 10 17 18 9 0 0 9
split_gain=958.052 601.859 360.906 419.39 351.494 398.117 333.73 252.853 274.174 356.174 329.226 468.14 310.001 262.719 318.537 293.051 289.359 311.547 381.648 241.949 232.803 222.877 222.144 219.772 200.097 258.652 326 217.715 263.406 198.389
threshold=0.66033148693280064 0.0088162231969116465 5.1000000000000005 0.81790227224201573 23.500000000000004 0.12550000000000003 23.500000000000004 -1.2249999999999999 0.69534102799719377 0.29285714285714287 -0.25734881566210294 2.5000000000000004 0.44650000000000006 -0.89999999999999991 0.53150000000000019 2.5000000000000004 0.47222222222222227 0.58783829559481704 0.18333333333333338 0.38089045417347583 0.0090828451284802655 3.5000000000000004 0.034274615600553678 9.0500000000000025 2.5000000000000004 7.5000000000000009 -2.7749999999999995 0.89381121902711302 0.68788520125561803 -11.774999999999999
decision_type=2 2 2 2 2 2 2 2 2 2 2 2 2 2 2 2 2 2 2 2 2 2 2 2 2 2 2 2 2 2
left_child=1 -1 3 6 -4 -6 24 8 10 -10 11 12 -3 14 19 21 23 -18 -19 -9 -14 22 -16 -15 25 26 -2 28 -27 -11
right_child=2 7 4 -5 5 -7 -8 13 9 29 -12 -13 20 16 15 -17 17 18 -20 -21 -22 -23 -24 -25 -26 27 -28 -29 -30 -31
leaf_value=-0.026680376995972047 -0.019760265236580511 0.0032780482541686375 0.016503212038873324 0.012646008259564981 0.029393611224183287 -0.02888446277029327 -0.042532286203315145 0.018566636367842906 -0.021497984487196267 -0.003530511974198282 -0.026218385268276467 0.034969173087665284 0.069245052613620933 -0.013519877715765646 -0.033309216405296292 0.039937803678786299 0.0072705620271286894 0.0096045743817186231 -0.01853765426544611 -0.0076447333341412059 -0.02739358661016417 -0.029583767845917021 0.036550022666777628 0.010524023874001857 0.014701126996740069 0.011944609311624456 0.0091525797159773496 -3.7383290238889066e-05 -0.035579387827999298 0.020677018126594449
leaf_weight=1037.05860494636 462.93561620265245 653.01805934496224 3943.8881310001016 2199.0561407282948 151.27534887939692 331.65250090509653 187.40323194861412 1630.4912298787385 468.70508565381169 578.34614129178226 1243.0734246838838 217.1632643211633 20.315105896443129 2697.4153796248138 62.086805937811732 88.069890517741442 2988.2080663917586 678.41984624229372 1191.993309026584 391.47076803445816 766.5872174045071 419.52725402638316 108.07230777852237 389.52484046015888 557.24943073838949 127.57513584196568 1419.7666275799274 458.7636990994215 557.63686800003052 639.17118073254824
leaf_count=62463 835 3097 2882 1761 63 746 640 2874 5718 7194 21739 797 411 31661 949 417 17000 4965 8074 705 20966 9811 452 3306 528 214 1250 559 1538 3476
internal_value=-5.43066e-05 -0.00459992 0.00705758 0.00224253 0.0135457 -0.0105603 -0.00382895 -0.0030916 -0.00897788 0.000642323 -0.0145662 -0.00579363 -0.0120012 -0.000553752 0.00752639 -0.0102402 -0.003301 0.00126298 -0.00833112 0.0134881 -0.0246452 -0.0178986 0.0109247 -0.0104786 -0.00177128 -0.00481561 0.0020231 -0.0160463 -0.0267177 0.00919752
internal_weight=26665.9 16268.7 10397.2 5970.39 4426.82 482.928 3771.33 15231.7 4586.38 1686.22 2900.16 1657.08 1439.92 10645.3 2699.72 677.756 7945.56 4858.62 1870.41 2021.96 786.902 589.686 170.159 3086.94 3583.93 3026.68 1882.7 1143.98 685.212 1217.52
internal_count=217091 206075 11016 7325 3691 809 5564 143612 63398 16388 47010 25271 24474 80214 15208 11629 65006 30039 13039 3579 21377 11212 1401 34967 4924 4396 2085 2311 1752 10670
is_linear=0
shrinkage=0.03


end of trees

feature_importances:
gap_ahead=388
base_probability=381
speed_delta=335
track_progress_cos=284
gap_min_5s=210
track_progress_sin=179
gap_delta_10s=169
gap_std_10s=168
segment=152
speed_delta_mean_10s=149
drs_active=112
gap_delta_5s=102
speed_advantage_ratio_10s=100
gap_delta_3s=78
speed_delta_mean_5s=78
drs_active_ratio_10s=76
sector=24
closing_ratio_10s=15

parameters:
[boosting: gbdt]
[objective: binary]
[metric: binary_logloss]
[tree_learner: serial]
[device_type: cpu]
[data_sample_strategy: bagging]
[data: ]
[valid: ]
[num_iterations: 100]
[learning_rate: 0.03]
[num_leaves: 31]
[num_threads: 12]
[seed: 0]
[deterministic: 0]
[force_col_wise: 0]
[force_row_wise: 0]
[histogram_pool_size: -1]
[max_depth: -1]
[min_data_in_leaf: 250]
[min_sum_hessian_in_leaf: 0.001]
[bagging_fraction: 1]
[pos_bagging_fraction: 1]
[neg_bagging_fraction: 1]
[bagging_freq: 0]
[bagging_seed: 3]
[bagging_by_query: 0]
[feature_fraction: 1]
[feature_fraction_bynode: 1]
[feature_fraction_seed: 2]
[extra_trees: 0]
[extra_seed: 6]
[early_stopping_round: 0]
[early_stopping_min_delta: 0]
[first_metric_only: 0]
[max_delta_step: 0]
[lambda_l1: 0]
[lambda_l2: 3]
[linear_lambda: 0]
[min_gain_to_split: 0]
[drop_rate: 0.1]
[max_drop: 50]
[skip_drop: 0.5]
[xgboost_dart_mode: 0]
[uniform_drop: 0]
[drop_seed: 4]
[top_rate: 0.2]
[other_rate: 0.1]
[min_data_per_group: 100]
[max_cat_threshold: 32]
[cat_l2: 10]
[cat_smooth: 10]
[max_cat_to_onehot: 4]
[top_k: 20]
[monotone_constraints: ]
[monotone_constraints_method: basic]
[monotone_penalty: 0]
[feature_contri: ]
[forcedsplits_filename: ]
[refit_decay_rate: 0.9]
[cegb_tradeoff: 1]
[cegb_penalty_split: 0]
[cegb_penalty_feature_lazy: ]
[cegb_penalty_feature_coupled: ]
[path_smooth: 0]
[interaction_constraints: ]
[verbosity: -1]
[saved_feature_importance_type: 0]
[use_quantized_grad: 0]
[num_grad_quant_bins: 4]
[quant_train_renew_leaf: 0]
[stochastic_rounding: 1]
[linear_tree: 0]
[max_bin: 255]
[max_bin_by_feature: ]
[min_data_in_bin: 3]
[bin_construct_sample_cnt: 200000]
[data_random_seed: 1]
[is_enable_sparse: 1]
[enable_bundle: 1]
[use_missing: 1]
[zero_as_missing: 0]
[feature_pre_filter: 1]
[pre_partition: 0]
[two_round: 0]
[header: 0]
[label_column: ]
[weight_column: ]
[group_column: ]
[ignore_column: ]
[categorical_feature: ]
[forcedbins_filename: ]
[precise_float_parser: 0]
[parser_config_file: ]
[objective_seed: 5]
[num_class: 1]
[is_unbalance: 0]
[scale_pos_weight: 1]
[sigmoid: 1]
[boost_from_average: 1]
[reg_sqrt: 0]
[alpha: 0.9]
[fair_c: 1]
[poisson_max_delta_step: 0.7]
[tweedie_variance_power: 1.5]
[lambdarank_truncation_level: 30]
[lambdarank_norm: 1]
[label_gain: ]
[lambdarank_position_bias_regularization: 0]
[eval_at: ]
[multi_error_top_k: 1]
[auc_mu_weights: ]
[num_machines: 1]
[local_listen_port: 12400]
[time_out: 120]
[machine_list_filename: ]
[machines: ]
[gpu_platform_id: -1]
[gpu_device_id: -1]
[gpu_device_id_list: ]
[gpu_use_dp: 0]
[num_gpu: 1]

end of parameters

pandas_categorical:[]
